method,estimate,error,ess,main_l2,pair_l2,latent_z_l2,num_trees,rep
Naive respondents,199.61390371390155,-10.971335649826926,485.0000000000001,0.47295136901858337,0.20026777211376293,0.5202725499852778,0.0,0
OLS prediction,209.99843721689268,-0.5868021468357938,,,,,,0
EB main,208.86050489798976,-1.7247344657387202,314.24686489089186,6.135894902575676e-15,0.309319231862272,0.20882435199067448,0.0,0
EB pairwise,210.89976701754088,0.3145276538124051,265.2422168439144,1.9627101679997414e-11,3.170957075989032e-11,0.05990193367518342,0.0,0
EB-offset hybrid: main,209.83991597875254,-0.7453233849759329,287.33229902278845,4.997197186681712e-10,0.18740399841926797,0.1347225746502434,17.0,0
EB-offset hybrid: pairwise,211.04333720820847,0.4580978444799939,258.67296832069405,4.6237834310241335e-14,5.297619724003078e-14,0.05722717503106062,25.0,0
Naive respondents,201.03987355042898,-10.275158177988885,493.0,0.44246847825549357,0.19886869348930486,0.49566859295564364,0.0,1
OLS prediction,210.33117542337132,-0.9838563050465439,,,,,,1
EB main,209.23840958898685,-2.0766221394310094,378.54346393581824,2.9069997508443188e-15,0.17782258266635642,0.17375522675840743,0.0,1
EB pairwise,209.1354671849358,-2.1795645434820585,343.1586078954378,8.498304666582492e-10,1.480913963831208e-09,0.1152222721803442,0.0,1
EB-offset hybrid: main,209.89683143389234,-1.4182002945255192,355.4863691391594,4.686876951390521e-10,0.10759725880810199,0.1311009957325852,28.0,1
EB-offset hybrid: pairwise,210.13709974180398,-1.1779319866138849,340.8666579873864,2.181746151625947e-09,3.974170884180714e-09,0.0841613923109005,21.0,1
Naive respondents,202.03043791898887,-10.11439877916763,501.99999999999955,0.4157634029974345,0.1946549262744421,0.45283050927172086,0.0,2
OLS prediction,211.10387022513902,-1.0409664730174768,,,,,,2
EB main,210.434381898096,-1.7104548000604893,382.7667542882041,1.682587534308449e-10,0.21845550698603988,0.1917603986399396,0.0,2
EB pairwise,211.73107107637406,-0.4137656217824315,349.00382398292584,2.4669956397305394e-15,3.5480060395442267e-15,0.08908741050823075,0.0,2
EB-offset hybrid: main,210.42421678923964,-1.7206199089168592,378.60294547727005,5.900780449137819e-12,0.225759131862789,0.19241813799231275,2.0,2
EB-offset hybrid: pairwise,211.85843758332882,-0.2863991148276739,346.9063137117019,2.8853588718905326e-15,2.4198289221011006e-15,0.08034694464522596,6.0,2
Naive respondents,197.01342436103312,-11.957578368557876,489.99999999999994,0.49016998216707197,0.1308816443279358,0.5336123002405007,0.0,3
OLS prediction,209.9160928565672,0.9450901269761971,,,,,,3
EB main,208.16437512929676,-0.8066276002942345,312.33452714462493,6.653112743762867e-14,0.3770952625764225,0.22167979967711982,0.0,3
EB pairwise,210.8353827676462,1.8643800380552022,266.5538806630152,3.393152658899538e-12,4.721641606046658e-12,0.07405783251745149,0.0,3
EB-offset hybrid: main,208.01332619584736,-0.957676533743637,258.0585955572267,2.508778166249781e-09,0.3407427264594231,0.1707577639056073,37.0,3
EB-offset hybrid: pairwise,210.635773412388,1.6647706827970126,231.83515124125512,2.4458337414033373e-12,6.322583040423412e-12,0.06574869358040822,38.0,3
Naive respondents,201.51243799145232,-8.850182117992375,519.0,0.4134689467882764,0.1521730027976419,0.4147602313977071,0.0,4
OLS prediction,209.7611123915267,-0.6015077179179968,,,,,,4
EB main,208.9586340489888,-1.4039860604558783,395.449846347857,5.3205605701010504e-15,0.2019574893314661,0.11073037340609407,0.0,4
EB pairwise,208.81304272495586,-1.5495773844888276,350.3331049165009,1.3879823056585712e-13,1.8253431267089668e-13,0.0831601819376078,0.0,4
EB-offset hybrid: main,209.03504029320098,-1.3275798162437127,398.58266605065296,3.4417144382932654e-12,0.19180234047641334,0.10876827197080711,3.0,4
EB-offset hybrid: pairwise,208.99526561747035,-1.3673544919743392,359.2384779102062,1.570886388828446e-13,2.2039283656398845e-13,0.08003294147933679,2.0,4
Naive respondents,200.0874442107698,-10.532599961999694,501.99999999999955,0.47682689040502635,0.15535841950086565,0.49514668250351257,0.0,5
OLS prediction,210.31860861620808,-0.3014355565614153,,,,,,5
EB main,209.32601715593697,-1.2940270168325299,328.2292706081657,1.5602174199914876e-14,0.17475230827637045,0.138002046103401,0.0,5
EB pairwise,210.57420522949306,-0.04583894327643634,301.2691853668884,1.532538011834411e-14,1.9334058453673774e-14,0.03712628306673169,0.0,5
EB-offset hybrid: main,209.87951848862426,-0.7405256841452399,324.91144836807916,2.5023150345938798e-11,0.13170093326773696,0.11277350190442809,14.0,5
EB-offset hybrid: pairwise,210.8628725452066,0.24282837243711697,296.5216098427774,1.2735702523607162e-09,1.5045069447489934e-09,0.034672759470378664,22.0,5
Naive respondents,201.69304107362257,-11.145941891748578,505.00000000000034,0.44739274273214186,0.24224189168280558,0.5026587190480377,0.0,6
OLS prediction,212.12484575971155,-0.7141372056595969,,,,,,6
EB main,210.53973206421745,-2.299250901153698,340.6449798544277,1.3667401329894298e-10,0.31037406971932213,0.1815277582255837,0.0,6
EB pairwise,211.6285656691146,-1.2104172962565372,251.80803221923404,3.034922300370303e-12,2.9355661979845276e-12,0.06341200010689177,0.0,6
EB-offset hybrid: main,211.3003626388778,-1.5386203264933442,341.6667339930251,1.571228166321903e-09,0.28513286675805666,0.15195477377643035,7.0,6
EB-offset hybrid: pairwise,214.50033051661057,1.6613475512394302,272.50404138176935,1.9921657882267596e-14,2.0342360786177184e-14,0.09691981507972923,70.0,6
Naive respondents,201.06133383924092,-10.68621437550459,524.0,0.3993317577382228,0.15424165750227434,0.4459256706894486,0.0,7
OLS prediction,209.64243224320413,-2.1051159715413803,,,,,,7
EB main,209.22333078115793,-2.52421743358758,400.59127396589696,1.0234696371031834e-11,0.2955575050151992,0.23476944028435517,0.0,7
EB pairwise,211.22391000891895,-0.5236382058265576,337.0806163048799,3.475759034276563e-09,1.6205312998430017e-09,0.0772740297974105,0.0,7
EB-offset hybrid: main,210.16966601692937,-1.5778821978161375,387.47071034567557,1.9563303205875437e-10,0.2214067169766374,0.18811876901335883,11.0,7
EB-offset hybrid: pairwise,211.13798351607804,-0.6095646986674694,326.95675290549724,3.6091135800461372e-09,2.9564631865821487e-09,0.0877759274006882,22.0,7
Naive respondents,200.91800741473804,-8.971396563993153,498.99999999999994,0.40863405445043754,0.23684818189093368,0.4311400855184989,0.0,8
OLS prediction,209.69639928354707,-0.1930046951841291,,,,,,8
EB main,208.75822325398602,-1.1311807247451782,391.4494223082024,7.775787457712525e-09,0.16391787770346025,0.13314696530210465,0.0,8
EB pairwise,210.00595811056743,0.11655413183623864,367.2324609215919,1.0982036983163e-09,2.287706313201674e-09,0.0460567557338297,0.0,8
EB-offset hybrid: main,208.8566778048549,-1.0327261738762843,386.8689413484824,1.6040654965750317e-15,0.1481417818652094,0.11635243425952867,5.0,8
EB-offset hybrid: pairwise,209.99335262615236,0.10394864742116283,368.36611345706996,2.369281429866097e-09,3.673630540753166e-09,0.04880732808984437,1.0,8
Naive respondents,199.5906618371961,-10.399601651305545,532.0,0.40282377855831203,0.18313752098770264,0.43895645333806876,0.0,9
OLS prediction,208.34974712084315,-1.6405163676585062,,,,,,9
EB main,207.74075542888832,-2.2495080596133334,408.1340979043917,4.525842565637798e-15,0.21659528938506267,0.16936343538929505,0.0,9
EB pairwise,208.3163321208122,-1.6739313676894483,381.15935328314316,8.15692343216285e-14,1.1575501424026401e-13,0.11331961198421805,0.0,9
EB-offset hybrid: main,207.88305441059603,-2.1072090779056225,409.5313420451175,4.1807223861079445e-09,0.20937211928382468,0.16195503860550176,2.0,9
EB-offset hybrid: pairwise,208.45451492712903,-1.5357485613726283,383.18735997088345,4.684714386741846e-12,9.7345371189176e-12,0.10816875079016376,2.0,9
Naive respondents,200.51662972093052,-10.580283059952734,500.0000000000005,0.38112947665572655,0.22311968519910813,0.41894751114516715,0.0,10
OLS prediction,209.24021035105392,-1.8567024298293404,,,,,,10
EB main,208.73462769242033,-2.362285088462926,358.24911498554604,1.355194108873646e-14,0.24820235289465756,0.20327391936229944,0.0,10
EB pairwise,210.1229368578148,-0.9739759230684513,308.96936151229096,1.769761142657265e-11,3.549757437286766e-11,0.09487690923265682,0.0,10
EB-offset hybrid: main,209.11729599976363,-1.9796167811196312,352.1997109848223,1.3720552159617347e-10,0.20384320193199243,0.17458649447081528,3.0,10
EB-offset hybrid: pairwise,210.1504012406675,-0.9465115402157664,309.710293410748,1.9167609683445782e-14,3.153515398062367e-14,0.09496434454151186,1.0,10
Naive respondents,199.62855717369186,-10.416234108559848,513.0000000000001,0.4209495704067038,0.14604827558903283,0.4463975092876775,0.0,11
OLS prediction,210.95372244988144,0.9089311676297314,,,,,,11
EB main,209.74171312394768,-0.3030781583040323,365.9435658548123,8.966007907906431e-10,0.1477823580168749,0.13183060786175976,0.0,11
EB pairwise,210.13309826416312,0.0883069819114155,340.92865108330835,3.611163783926203e-14,7.170006969546508e-14,0.06563512719041308,0.0,11
EB-offset hybrid: main,209.80393846632995,-0.24085281592175534,353.28963287835785,9.354516166903878e-11,0.12032604341695782,0.11555758882708175,10.0,11
EB-offset hybrid: pairwise,210.5527993276132,0.5080080453614926,337.80152947065864,1.611431824113319e-13,3.183687026006893e-13,0.06112918991646778,10.0,11
Naive respondents,199.01031719498957,-12.467090604324824,465.0000000000003,0.4964174393152579,0.15878513141951586,0.5345672095881063,0.0,12
OLS prediction,208.8023128350179,-2.6750949642965054,,,,,,12
EB main,207.57541128692614,-3.9019965123882514,299.08557105796496,8.379110148050662e-15,0.3889123096484756,0.2707572839778733,0.0,12
EB pairwise,209.9889417833415,-1.4884660159729037,212.99073085756288,2.5066800957622253e-12,2.9256155259272295e-12,0.09305835525788762,0.0,12
EB-offset hybrid: main,208.43618905968083,-3.041218739633564,283.37168332519525,6.2202993981648675e-09,0.35055143883440165,0.25375673392631376,16.0,12
EB-offset hybrid: pairwise,211.14228686496148,-0.3351209343529149,210.5836631107866,8.728920538181041e-15,6.5853504767743394e-15,0.06512308630997149,40.0,12
Naive respondents,196.42496337931752,-11.55158480001046,485.0000000000001,0.4239820022997243,0.20452348711416832,0.4780762167579042,0.0,13
OLS prediction,208.3876585215838,0.41111034225582443,,,,,,13
EB main,206.1909183802973,-1.785629799030687,326.3782446868456,8.044579344871822e-11,0.24484517235871722,0.12367092089317826,0.0,13
EB pairwise,208.401774978394,0.42522679906602434,321.78049021957474,7.660217354461874e-16,1.1428918581693899e-15,0.026727794630542243,0.0,13
EB-offset hybrid: main,206.53241236221325,-1.4441358171147272,330.7266672854489,4.091462718173005e-09,0.20535377995215878,0.11607768045951287,4.0,13
EB-offset hybrid: pairwise,208.46143128871108,0.4848831093831052,315.12747875058034,9.248135191553633e-10,2.054443047743168e-09,0.03465639638360175,10.0,13
Naive respondents,200.53462120257748,-10.857725712454709,500.0000000000005,0.4426962509554857,0.16368326961189317,0.4697926304654683,0.0,14
OLS prediction,211.67551641732734,0.28316950229515214,,,,,,14
EB main,210.04165094340067,-1.3506959716315237,346.2475998701908,2.629900100227233e-13,0.2109257120557256,0.15783566825580336,0.0,14
EB pairwise,210.2379872285627,-1.1543596864694905,307.2267824945354,3.4661558627901276e-14,3.8301208433452974e-14,0.07100701206682423,0.0,14
EB-offset hybrid: main,210.17231636340608,-1.2200305516261096,342.6560674303894,2.0943800923256985e-10,0.18518802788753572,0.15884646382968998,9.0,14
EB-offset hybrid: pairwise,210.60771339213431,-0.7846335228978774,308.0229755772605,1.3960827584082973e-15,1.5650835366219469e-15,0.08045892889838915,12.0,14
Naive respondents,201.0218649156287,-9.767802431803887,487.99999999999955,0.4487035227933878,0.19398280437895957,0.4730954606439545,0.0,15
OLS prediction,212.92118322789852,2.1315158804659404,,,,,,15
EB main,211.0832986083902,0.2936312609576248,328.2846549751991,4.364388849089711e-12,0.17607388771647586,0.10324888855143009,0.0,15
EB pairwise,210.5156352144059,-0.2740321330266795,278.89358871069896,3.3779458191347714e-12,4.085496639681533e-12,0.0350229488707638,0.0,15
EB-offset hybrid: main,211.1641189472608,0.3744515998282054,326.9175514980184,2.802170133600505e-09,0.16887217107154004,0.10172056266353328,4.0,15
EB-offset hybrid: pairwise,210.72970063988456,-0.05996670754802835,284.8643306408008,7.935681283705764e-15,1.0240254289668829e-14,0.042826185837691995,4.0,15
Naive respondents,200.83528078503474,-10.475801064304477,496.9999999999997,0.4209812282898475,0.1527105646525993,0.448154550527789,0.0,16
OLS prediction,210.06106145668278,-1.2500203926564382,,,,,,16
EB main,209.28225698114449,-2.0288248681947323,351.7809641403309,1.8526844304076155e-13,0.10642276847780319,0.17352082563608953,0.0,16
EB pairwise,209.32101872704837,-1.9900631222908487,328.3407999202371,4.1188645578892624e-12,9.261952092433937e-12,0.1421461173260913,0.0,16
EB-offset hybrid: main,209.44408543354015,-1.8669964157990648,349.74543545723145,1.3602111483940127e-10,0.08446637344223723,0.15956646724464976,5.0,16
EB-offset hybrid: pairwise,209.4197592893873,-1.8913225599519308,330.1279649961328,4.005411052803432e-14,8.205299556604051e-14,0.13922887885455357,3.0,16
Naive respondents,198.203970121526,-11.484818122441624,508.0,0.4252094092317963,0.24300563360192462,0.4647834103880289,0.0,17
OLS prediction,207.91704932118927,-1.7717389227783542,,,,,,17
EB main,206.60691075680455,-3.0818774871630694,361.4733360309756,4.763354316209375e-13,0.3510066687239906,0.1925121022138105,0.0,17
EB pairwise,210.15568066147068,0.4668924175030611,296.00316231298797,6.023235326843809e-13,1.0486661076287263e-12,0.01849149792397908,0.0,17
EB-offset hybrid: main,206.60362998861217,-3.085158255355452,361.5990332600424,2.8817126057409953e-09,0.3531655066670542,0.19393011070911623,1.0,17
EB-offset hybrid: pairwise,210.57864780843337,0.8898595644657519,295.7463513846018,1.0836361737285848e-14,9.476241971550947e-15,0.0313111676804161,13.0,17
Naive respondents,202.7617140594361,-8.49254808415958,489.99999999999994,0.4212931851746463,0.10687469952480064,0.41311098514797956,0.0,18
OLS prediction,211.10483698260447,-0.14942516099119985,,,,,,18
EB main,209.9650632189651,-1.2891989246305684,381.52602158113507,6.137787164205401e-14,0.1539357450860807,0.08008528545476608,0.0,18
EB pairwise,209.46075603452448,-1.7935061090711883,376.86319103170206,2.3004490422812336e-09,3.425696684581855e-09,0.11882713674471644,0.0,18
EB-offset hybrid: main,210.13897037976463,-1.1152917638310385,381.52054334401566,1.0437112568763447e-10,0.13173896347662017,0.08151395851386856,5.0,18
EB-offset hybrid: pairwise,209.65528675803682,-1.5989753855588447,369.67972725929405,2.6847979133224014e-15,4.204344932369695e-15,0.10296352527897155,6.0,18
Naive respondents,199.7840680592041,-10.769676822246396,500.0000000000005,0.42959504198297854,0.214239280233793,0.4539107683531897,0.0,19
OLS prediction,209.7634308971788,-0.7903139842716769,,,,,,19
EB main,208.68783150857476,-1.865913372875724,376.4663118672659,1.3915944119115143e-15,0.20037069086469014,0.16080247566719075,0.0,19
EB pairwise,209.0467887942637,-1.5069560871867793,360.2106280110916,6.163851216103192e-15,1.0064824945282153e-14,0.11729653548286176,0.0,19
EB-offset hybrid: main,208.79599118250383,-1.757753698946658,373.7795763759909,3.0237548019587085e-11,0.18147669355016705,0.14951191912475592,3.0,19
EB-offset hybrid: pairwise,209.30284292646738,-1.2509019549831066,358.4867777560435,3.081245393062449e-10,5.178404344142928e-10,0.1067905006544398,9.0,19
Naive respondents,200.91800656281342,-9.136371955034718,477.9999999999997,0.46989641416696776,0.21985843060148721,0.47085687789273195,0.0,20
OLS prediction,210.51241617752663,0.45803765967849586,,,,,,20
EB main,209.3735059416486,-0.6808725761995333,350.6168454433874,6.500038594046002e-15,0.12982194676419867,0.0805721878714181,0.0,20
EB pairwise,209.1457103944225,-0.9086681234256275,332.2132178492411,1.2529592429835083e-10,3.0487477156594725e-10,0.07880930019597665,0.0,20
EB-offset hybrid: main,209.50551920488542,-0.5488593129627191,337.0187955644925,2.136980734229134e-10,0.11387727647381705,0.08714077932292578,9.0,20
EB-offset hybrid: pairwise,209.45846034509358,-0.5959181727545513,329.42936996576526,3.200071291147086e-16,1.0258914144353256e-15,0.07293154519183737,14.0,20
Naive respondents,200.56297309573017,-9.961191837764687,501.99999999999955,0.3597483194805618,0.1922185497166066,0.40039914199412796,0.0,21
OLS prediction,208.67640981762074,-1.8477551158741221,,,,,,21
EB main,207.7012859724187,-2.8228789610761567,404.1515008662446,5.293613355818936e-15,0.40191589470997263,0.20085493985372438,0.0,21
EB pairwise,210.00549965694313,-0.5186652765517294,359.9074545597119,4.902766721911771e-10,6.173668995704536e-10,0.060289115650399044,0.0,21
EB-offset hybrid: main,208.84465191142505,-1.6795130220698127,399.9293805351469,2.0782840330608914e-11,0.25993198830524,0.16416354448272472,10.0,21
EB-offset hybrid: pairwise,210.44069239175707,-0.08347254173779106,357.1240629061803,1.4802398916120402e-14,2.3351886885781748e-14,0.05246953280702368,10.0,21
Naive respondents,201.29887155080934,-8.150430528292816,538.9999999999999,0.3551054700594759,0.08878604391312132,0.3573883663412386,0.0,22
OLS prediction,208.5256572340522,-0.9236448450499495,,,,,,22
EB main,207.95225398366185,-1.4970480954403058,431.10826066042387,9.945600475729299e-13,0.20056253385461723,0.11676093937695524,0.0,22
EB pairwise,208.00645765678019,-1.4428444223219685,422.0680047738708,1.771566515891387e-09,5.64905330296684e-09,0.12980105498981548,0.0,22
EB-offset hybrid: main,207.9687622049781,-1.480539874124048,433.07374316058406,2.972313097830009e-09,0.17160851050489245,0.12118354194737291,2.0,22
EB-offset hybrid: pairwise,208.13117572412193,-1.3181263549802225,424.5066760427584,9.764064474720704e-12,3.147670730005117e-11,0.13927998225840993,5.0,22
Naive respondents,196.42812561400473,-10.282949054620047,509.00000000000017,0.41654087257149536,0.2004250121154623,0.4555175851565299,0.0,23
OLS prediction,205.7238109168141,-0.9872637518106728,,,,,,23
EB main,204.76058946941805,-1.9504851992067245,377.01467042082675,1.0283999193405246e-09,0.34214292719661726,0.24582231672687896,0.0,23
EB pairwise,207.79424879253352,1.0831741239087478,275.71695618159794,8.35203352818567e-11,6.627884418375753e-11,0.07158981904343117,0.0,23
EB-offset hybrid: main,204.90742296624384,-1.8036517023809324,323.0779084056925,7.108747009993946e-10,0.3154218491509369,0.21417214934095782,11.0,23
EB-offset hybrid: pairwise,207.6403076146497,0.9292329460249391,236.4163689266879,2.81249875293191e-14,3.2420345675829794e-14,0.04402897233245642,48.0,23
Naive respondents,200.73598181642174,-9.754196531041146,481.0,0.4492931736220456,0.24044811692484439,0.4722766111173026,0.0,24
OLS prediction,210.47990537720037,-0.01027297026251972,,,,,,24
EB main,208.97418633427887,-1.515992013184018,341.112842321857,3.5609126577708565e-12,0.3261658432455991,0.10462359753422984,0.0,24
EB pairwise,210.82990533669042,0.339726989227529,293.78560108962085,3.053754754659012e-11,4.3850114509994785e-11,0.03753077876854666,0.0,24
EB-offset hybrid: main,209.7774961190266,-0.7126822284362788,341.58862019438357,3.5565920106668735e-09,0.23940112742874808,0.06727559606186133,7.0,24
EB-offset hybrid: pairwise,210.94321745524476,0.4530391077818763,295.72864234213307,6.248950782608028e-16,9.725999099533025e-16,0.03934192787361348,2.0,24
Naive respondents,199.74742263197223,-10.018909379091156,515.0000000000001,0.44425401997329916,0.15571402487430233,0.46475256476151305,0.0,25
OLS prediction,210.9681219402015,1.2017899291381298,,,,,,25
EB main,209.46425295325648,-0.3020790578069068,347.8802167317326,1.0827399508737263e-15,0.21875698895128315,0.1217025505730752,0.0,25
EB pairwise,211.7682817916485,2.0019497805851074,309.44980116413853,1.2619581590687696e-12,2.8667856680298996e-12,0.06520617047881194,0.0,25
EB-offset hybrid: main,209.95004712082826,0.1837151097648757,336.67596244978307,6.857577392898915e-09,0.18737714725600033,0.09252027908919506,13.0,25
EB-offset hybrid: pairwise,211.57392655668147,1.8075945456180875,266.2992703927379,3.0857988503643658e-15,5.636845067513919e-15,0.06195012178602567,30.0,25
Naive respondents,197.250860824644,-11.408588236642174,495.9999999999997,0.44887265169030643,0.1555186303914347,0.4870528969781024,0.0,26
OLS prediction,208.17633891016433,-0.4831101511218492,,,,,,26
EB main,206.7286922327709,-1.9307568285152854,358.2425506019346,3.1792138000396043e-15,0.5733021635247579,0.11791872473972412,0.0,26
EB pairwise,206.45065768203375,-2.208791379252432,333.45264697296255,3.4805085607116343e-15,5.632526650880026e-15,0.16699821655557393,0.0,26
EB-offset hybrid: main,207.3081369271416,-1.3513121341445924,366.45861193186875,1.8781065891703048e-15,0.45934857922639477,0.10900444568535698,5.0,26
EB-offset hybrid: pairwise,207.0978637150203,-1.561585346265872,331.62105983376955,2.4424654668340767e-09,3.932511373447553e-09,0.14104288863620656,12.0,26
Naive respondents,200.48336314507887,-9.556535550341664,486.00000000000034,0.4241127384313904,0.18730642275249687,0.45893960889504015,0.0,27
OLS prediction,208.88265497470664,-1.1572437207138933,,,,,,27
EB main,207.83404585321964,-2.2058528422008976,366.6255219521016,2.931586565995004e-09,0.33424758208415223,0.17481939524891144,0.0,27
EB pairwise,210.63144819463176,0.5915494992112258,317.7517864130425,2.168572985582404e-11,3.3151857690051434e-11,0.027460237888754794,0.0,27
EB-offset hybrid: main,208.9039355913387,-1.1359631040818385,364.19965067218135,4.762458902215705e-10,0.2493311717027051,0.13492237594506443,11.0,27
EB-offset hybrid: pairwise,210.71441338273817,0.6745146873176395,318.2199240185215,7.48465280118259e-15,9.005055372617353e-15,0.029157813678315,9.0,27
Naive respondents,201.896031596842,-8.412405127045673,486.99999999999966,0.46757183077845643,0.19477062735070816,0.45625093542841655,0.0,28
OLS prediction,209.69227386850665,-0.6161628553810203,,,,,,28
EB main,209.07287438301412,-1.2355623408735426,350.2762472258576,6.888430056767748e-11,0.3124916990405276,0.16381626273467018,0.0,28
EB pairwise,211.1070499561499,0.7986132322622268,287.8697877918979,6.4784337902640246e-15,8.861605278299042e-15,0.033876135100082395,0.0,28
EB-offset hybrid: main,209.12718158391422,-1.1812551399734446,344.90179695945886,1.0545131254264262e-09,0.30351372070921895,0.15427465985335206,6.0,28
EB-offset hybrid: pairwise,211.3935303671965,1.0850936433088236,284.3003316947527,6.674363546815832e-13,1.0822002555014784e-12,0.034149118151407296,22.0,28
Naive respondents,200.007155853269,-8.220215159301688,498.99999999999994,0.45698624219015127,0.1679251466966656,0.4637003123159019,0.0,29
OLS prediction,205.38419010154965,-2.843180911021051,,,,,,29
EB main,202.6894136285402,-5.537957384030506,363.348090883446,5.315217905331086e-10,1.0387114993601043,0.23247554625353997,0.0,29
EB pairwise,206.6616888405534,-1.56568217201729,301.77427855581567,2.5566781882683804e-13,1.0015886437201353e-12,0.08545733293353462,0.0,29
EB-offset hybrid: main,205.53953124201072,-2.6878397705599752,369.70695422549926,5.585392060356896e-09,0.5014484403277213,0.1472626509381129,16.0,29
EB-offset hybrid: pairwise,207.5548713864211,-0.6724996261496017,302.07712206246947,3.344168632060401e-15,2.4228720845090973e-15,0.11489578605737386,22.0,29
Naive respondents,200.22880714354656,-9.196229160292546,505.9999999999996,0.4100807872174813,0.17717731537074166,0.44285018818502186,0.0,30
OLS prediction,207.56967174670518,-1.8553645571339246,,,,,,30
EB main,206.6324655171476,-2.792570786691499,386.8876881846467,2.587755962497987e-09,0.3391254405635235,0.21802268697479035,0.0,30
EB pairwise,209.35607401880966,-0.06896228502944268,327.0790354511629,2.7465294867031256e-14,5.610879516063168e-14,0.04599040179541967,0.0,30
EB-offset hybrid: main,206.8093886768753,-2.6156476269638063,386.1112243432544,1.0805780843614199e-10,0.3184183629502907,0.20805461559234262,1.0,30
EB-offset hybrid: pairwise,209.5685593002381,0.14352299639898547,331.24734467987605,4.499148142211498e-15,3.8587957762180354e-15,0.04135173719198956,9.0,30
Naive respondents,200.20750751320486,-9.836903585965075,493.0,0.43312422424358793,0.2028934507403828,0.4729045970510105,0.0,31
OLS prediction,209.84575258879352,-0.19865851037641846,,,,,,31
EB main,208.64509289877796,-1.3993182003919742,350.6717101386435,5.923514334152318e-15,0.27251663942971316,0.16728455663541966,0.0,31
EB pairwise,209.62150842354293,-0.42290267562700024,312.06671389692025,5.740180055278623e-13,8.830776222391356e-13,0.05593622872042108,0.0,31
EB-offset hybrid: main,208.72226166397837,-1.3221494351915624,345.7983065948874,1.3144195503096448e-10,0.2878636761740222,0.15608185354399445,11.0,31
EB-offset hybrid: pairwise,210.35808843058456,0.31367733141462395,308.3059673448847,1.017371684504008e-13,1.7223713443014437e-13,0.035210493273022045,14.0,31
Naive respondents,202.58298058840856,-8.525562339909413,493.0,0.39969691099269766,0.20711850659918707,0.41604892799607707,0.0,32
OLS prediction,210.837419404167,-0.2711235241509655,,,,,,32
EB main,210.08839743918656,-1.0201454891314086,393.06121083515376,2.631575773109784e-09,0.1076043421319926,0.08654249848500893,0.0,32
EB pairwise,210.28515407630823,-0.8233888520097423,378.2771214857412,2.7353451686518066e-14,4.5715846995447196e-14,0.03890521942114165,0.0,32
EB-offset hybrid: main,210.50644524794916,-0.6020976803688143,389.47231246674136,2.7119999767502567e-10,0.08911438446747877,0.06824259797002354,7.0,32
EB-offset hybrid: pairwise,210.9312021117589,-0.17734081655908085,381.71476439979415,1.7630481585924925e-09,2.5764890209388478e-09,0.02168430437264753,8.0,32
Naive respondents,201.73352474053453,-8.83277755003138,506.9999999999999,0.42971246418631176,0.18034956559027338,0.43189929735617416,0.0,33
OLS prediction,208.58250494483767,-1.9837973457282487,,,,,,33
EB main,207.86919033044734,-2.6971119601185762,397.5077236676953,5.8579853708356644e-15,0.2388048866818551,0.15674555539268498,0.0,33
EB pairwise,209.39659507388166,-1.1697072166842588,360.9588370535836,2.87589506329388e-14,5.3535286860104576e-14,0.069333916404739,0.0,33
EB-offset hybrid: main,208.34363238467247,-2.22266990589344,398.02409999272834,3.758854746754192e-10,0.19377267591687528,0.1411537700856779,4.0,33
EB-offset hybrid: pairwise,209.3965950738817,-1.169707216684202,360.9588370535836,2.874682236665826e-14,5.3539035193514656e-14,0.06933391640473902,0.0,33
Naive respondents,199.54083871834598,-10.981405790833321,496.9999999999997,0.4263656107894504,0.2342046731921315,0.4629915283537599,0.0,34
OLS prediction,208.93156228372925,-1.5906822254500526,,,,,,34
EB main,206.92273237583046,-3.5995121333488385,350.93534687383595,3.534880705314429e-09,0.5386499785645295,0.20274365248088627,0.0,34
EB pairwise,210.04382707339462,-0.478417435784678,313.293129531015,2.474808261660847e-15,7.937212241168775e-15,0.04360274234816191,0.0,34
EB-offset hybrid: main,207.84072712319315,-2.6815173859861545,353.8828560601965,3.1890136516838224e-09,0.41130470204103375,0.17424523005184614,7.0,34
EB-offset hybrid: pairwise,210.34091241095723,-0.18133209822207164,316.75726378812055,1.9003225512584223e-14,3.9828608679570743e-14,0.04232189968398818,16.0,34
Naive respondents,199.15893357345718,-11.088016261055202,479.00000000000017,0.4512734186985845,0.22076537849811725,0.489453528574982,0.0,35
OLS prediction,209.4231812491294,-0.8237685853829646,,,,,,35
EB main,208.45709555071488,-1.7898542837974958,333.00057737282555,1.9102765136127065e-10,0.2876890084597977,0.2008659184676611,0.0,35
EB pairwise,210.5894510153907,0.3425011808783154,272.5670306628753,3.4191988358999825e-15,9.202535283950267e-15,0.045715877443106574,0.0,35
EB-offset hybrid: main,209.11963782797167,-1.1273120065407056,301.0993918940892,8.240076450276031e-13,0.2027666884147866,0.15235454343724125,15.0,35
EB-offset hybrid: pairwise,210.7342623617488,0.48731252723641205,278.02387227762495,1.5425743998596963e-15,1.9335154757757216e-15,0.04001699667830003,6.0,35
Naive respondents,197.02175426058145,-13.18803084423925,469.9999999999999,0.44809896401156185,0.18971618116661235,0.507789063292999,0.0,36
OLS prediction,209.1869698870631,-1.0228152177575964,,,,,,36
EB main,208.15730718606747,-2.052477918753226,332.64268202978064,1.7190918938324054e-09,0.1872539552271374,0.19064871697725935,0.0,36
EB pairwise,209.24595515504728,-0.9638299497734124,309.6315080360717,1.7102814890830019e-09,1.352576843566373e-09,0.10622810384241527,0.0,36
EB-offset hybrid: main,208.6125123525576,-1.597272752263109,330.6708819140939,1.369970228988093e-10,0.15700375277906936,0.16424281182013475,6.0,36
EB-offset hybrid: pairwise,209.3533920368981,-0.8563930679225962,309.3699207170869,3.87539520439461e-15,4.418847817122421e-15,0.10160177004842445,6.0,36
Naive respondents,200.89607378691215,-8.572691169823514,469.9999999999999,0.44710190641320896,0.18860485396186719,0.4431903285838251,0.0,37
OLS prediction,210.29355286389688,0.824787907161209,,,,,,37
EB main,209.1800189734043,-0.28874598333138124,354.8013919373612,1.2971106361333995e-14,0.2386511185606804,0.06897765241104688,0.0,37
EB pairwise,208.54423748674927,-0.9245274699864012,338.77735956694096,1.4495192054045002e-14,1.938567455281062e-14,0.10597578456806861,0.0,37
EB-offset hybrid: main,209.2919392673249,-0.17682568941077648,356.2104223969124,1.1607715250455094e-15,0.22599951720568753,0.07303323688429929,3.0,37
EB-offset hybrid: pairwise,208.7021675241578,-0.7665974325778677,338.882028665739,2.349021873052299e-09,2.5719452988633274e-09,0.10519629096150673,8.0,37
Naive respondents,202.87772165134837,-9.01167685113711,519.9999999999998,0.43926636869962693,0.1527448465047192,0.4346210738918321,0.0,38
OLS prediction,211.92846711491907,0.03906861243359572,,,,,,38
EB main,210.69329152433875,-1.1961069781467302,377.74254671275725,2.5480534830136113e-10,0.38192876194600944,0.18916099992571642,0.0,38
EB pairwise,214.2878971340606,2.3984986315751087,319.209675457803,1.257758145501027e-14,1.5486706719598307e-14,0.08322557304280188,0.0,38
EB-offset hybrid: main,211.475198862244,-0.4141996402414634,370.1794506711431,1.7071788350572318e-09,0.32240315990909657,0.13631200237876195,6.0,38
EB-offset hybrid: pairwise,213.86282733644072,1.9734288339552393,284.91097957492826,1.2831889943341342e-15,1.1120146841717578e-15,0.07926095875332893,22.0,38
Naive respondents,199.0709343840305,-9.720690988837106,477.9999999999997,0.40196906579948277,0.19317517117004374,0.43835756011396837,0.0,39
OLS prediction,207.7834461354821,-1.008179237385491,,,,,,39
EB main,206.63220466123056,-2.15942071163704,383.55560635837776,1.9604688261135598e-14,0.22850155225336377,0.14109005548100245,0.0,39
EB pairwise,207.42663866216643,-1.3649867107011744,356.35604711293536,3.4819021085443146e-09,8.576386563365897e-09,0.06359484821006794,0.0,39
EB-offset hybrid: main,206.7680848728581,-2.0235405000094886,386.60819728028713,3.2045586747441104e-09,0.22510989919267163,0.14166401612882068,2.0,39
EB-offset hybrid: pairwise,207.42663866216643,-1.3649867107011744,356.35604711293536,3.4819021085443146e-09,8.576386563365897e-09,0.06359484821006794,0.0,39
Naive respondents,200.81012887496402,-9.766773800233892,508.0,0.40878717827049815,0.14321702003457004,0.43737207628720637,0.0,40
OLS prediction,209.50379516771025,-1.0731075074876628,,,,,,40
EB main,208.6198983969514,-1.957004278246501,395.8007659429511,2.167442246134354e-14,0.16004741155539207,0.16071695906680206,0.0,40
EB pairwise,208.45955043376242,-2.1173522414354977,375.30959017603095,8.839101804757612e-14,1.2624032149565985e-13,0.14088747026563794,0.0,40
EB-offset hybrid: main,209.47271240053183,-1.104190274666081,389.7057071788551,3.169274490661378e-10,0.1289046835998567,0.11978310469482994,13.0,40
EB-offset hybrid: pairwise,208.47393776071723,-2.1029649144806797,375.12288907048935,1.8251414347616624e-09,3.753797627126597e-09,0.14051882350933323,1.0,40
Naive respondents,197.55195844807687,-11.878075663161638,477.9999999999997,0.3854553745242621,0.17807804019404758,0.46234895895882666,0.0,41
OLS prediction,207.3978311253635,-2.032202985875017,,,,,,41
EB main,205.72951290821155,-3.700521203026966,366.58028451400634,1.200029007312923e-11,0.39935117581030455,0.21052614107098938,0.0,41
EB pairwise,207.99739001058376,-1.4326441006547554,337.2141901081675,3.405107627251983e-13,6.314586921013439e-13,0.0761883104768461,0.0,41
EB-offset hybrid: main,207.08052291937645,-2.3495111918620637,365.41258739030394,3.657309646656776e-10,0.22606616427988535,0.15466464930425602,9.0,41
EB-offset hybrid: pairwise,208.31396684243325,-1.116067268805267,327.3979363668671,3.14448856145093e-09,5.637721766639115e-09,0.07364428378088911,13.0,41
Naive respondents,199.54049727461035,-10.048675743215881,514.0,0.40426165407627174,0.2286314643848495,0.4323491907569005,0.0,42
OLS prediction,207.26356809214153,-2.3256049256847007,,,,,,42
EB main,205.82107987402014,-3.768093143806084,391.5157102816839,8.956555567373177e-09,0.2326032064634014,0.17038156246484082,0.0,42
EB pairwise,206.04161960720276,-3.5475534106234647,399.0419685643849,5.404799807571317e-13,1.414175715930584e-12,0.18333260458791842,0.0,42
EB-offset hybrid: main,206.198499941737,-3.3906730760892287,402.69522333851864,9.00424589333223e-16,0.18893236316568623,0.16396551572252732,3.0,42
EB-offset hybrid: pairwise,206.35060367168964,-3.238569346136586,399.58947486159224,2.271434346268379e-15,4.4651587039006825e-15,0.1698905666674924,2.0,42
Naive respondents,200.20409305417562,-10.026052220656936,519.9999999999998,0.42550040786119714,0.1884789823756364,0.46545558389193287,0.0,43
OLS prediction,208.6120066133856,-1.6181386614469488,,,,,,43
EB main,207.67620492716443,-2.5539403476681173,390.18061878142714,1.8073847761951236e-12,0.2452658619748307,0.19974328746341452,0.0,43
EB pairwise,209.59749989085407,-0.6326453839784847,357.63272118825154,2.9267804846008435e-12,5.550527190430203e-12,0.06447873737911512,0.0,43
EB-offset hybrid: main,208.37500050431083,-1.8551447705217186,390.5979086217058,2.5655381675460956e-10,0.18999795080155585,0.16265164080457853,10.0,43
EB-offset hybrid: pairwise,209.63690190699992,-0.5932433678326277,355.1866312619484,5.4443769805445965e-15,8.128262969817836e-15,0.06435008482496768,13.0,43
Naive respondents,200.06850948396402,-10.086000612527926,524.0,0.407063091653066,0.1547373494490326,0.4487118021271146,0.0,44
OLS prediction,208.746204605996,-1.408305490495934,,,,,,44
EB main,207.2069571332241,-2.9475529632678388,388.74038053880855,1.8457248526086031e-13,0.39135125385949965,0.22535789041259421,0.0,44
EB pairwise,210.1901560323643,0.03564593587236686,350.2271164876743,1.8931221824165885e-15,3.1276667390012745e-15,0.09706181129212076,0.0,44
EB-offset hybrid: main,207.2706343039907,-2.883875792501243,389.7548823980437,1.6573410052201337e-09,0.381656947329862,0.2225841243825979,1.0,44
EB-offset hybrid: pairwise,210.36039340289602,0.20588330640407548,348.89221881776035,6.533156484472966e-13,1.8738639501168495e-12,0.08440885239134056,6.0,44
Naive respondents,198.52584114526846,-10.649343881158444,494.9999999999998,0.37373796994507413,0.1311873667039422,0.41946005707504586,0.0,45
OLS prediction,207.33494578954998,-1.8402392368769256,,,,,,45
EB main,206.56466677619022,-2.61051825023668,399.5903811395703,1.4153846265121793e-10,0.18031753592397332,0.1923560841318571,0.0,45
EB pairwise,207.51272071199898,-1.6624643144279219,387.3911306314069,1.116417471584144e-13,1.292456821838167e-13,0.13390097081717875,0.0,45
EB-offset hybrid: main,206.84774825177672,-2.327436774650181,396.79554288672205,3.3379828764907393e-12,0.16594120234759888,0.171194216341644,3.0,45
EB-offset hybrid: pairwise,207.70549874231145,-1.469686284115454,384.7038231691744,1.3269042191342997e-09,1.8053471376802907e-09,0.12170239528765141,4.0,45
Naive respondents,201.3094473567956,-7.678936942651518,509.00000000000017,0.41458789894617204,0.13426431144098794,0.44881283804188354,0.0,46
OLS prediction,207.17817111455196,-1.8102131848951615,,,,,,46
EB main,205.97103351978623,-3.0173507796608874,411.0102230767368,1.834296934390538e-15,0.3707711951221293,0.19242807328225342,0.0,46
EB pairwise,207.00131143835566,-1.9870728610914625,344.3848186078136,3.1197956126896807e-15,4.946279957984624e-15,0.08738313295339474,0.0,46
EB-offset hybrid: main,207.07167807454678,-1.916706224900338,386.1162925429565,1.6970234736300165e-09,0.28127874506481676,0.16619783084470338,15.0,46
EB-offset hybrid: pairwise,207.7978515099477,-1.1905327894994286,325.8792464530347,4.372702430871389e-11,7.254298470069735e-11,0.07962750038881804,14.0,46
Naive respondents,202.57119677472346,-8.260702147773372,500.0000000000005,0.44557220658435553,0.12828168157853959,0.44128495834064346,0.0,47
OLS prediction,211.3292211294707,0.49732220697387675,,,,,,47
EB main,210.35853473746945,-0.4733641850273784,354.7872161816126,2.1483884816502056e-09,0.25741258742740825,0.13426386550403482,0.0,47
EB pairwise,212.2953766366331,1.4634777141362747,323.6822688311493,1.9918832991356472e-12,5.727591775603792e-12,0.049327617735012874,0.0,47
EB-offset hybrid: main,210.4288157311755,-0.4030831913213433,353.6761632837344,8.939703566040211e-10,0.24825845458382303,0.12836133140843484,2.0,47
EB-offset hybrid: pairwise,212.39646647317736,1.564567550680522,315.143703565342,7.340995460730019e-15,6.025545614470777e-15,0.05538900082797638,8.0,47
Naive respondents,199.73042309425747,-10.09708451038017,519.0,0.43104756907691605,0.18156286417140607,0.45467698424987646,0.0,48
OLS prediction,209.0770222006822,-0.7504854039554516,,,,,,48
EB main,207.43677179331567,-2.3907358113219743,375.8293028551224,6.425408083802611e-11,0.4389410510424897,0.17441612096763592,0.0,48
EB pairwise,210.51016276264576,0.6826551580081173,354.2319987811078,2.4845666679192365e-11,2.2324492269539267e-11,0.03380309826154809,0.0,48
EB-offset hybrid: main,207.84809466609133,-1.979412938546318,379.72481035763724,3.387396956230751e-10,0.37863191107695515,0.15990703509674467,4.0,48
EB-offset hybrid: pairwise,210.40005325483972,0.5725456502020734,343.0285118057687,5.99506476137391e-15,1.504151137441339e-14,0.03334645323595611,8.0,48
Naive respondents,200.31075677459657,-8.64892784741977,526.9999999999998,0.42180318684194046,0.19491436500444892,0.4330103303489695,0.0,49
OLS prediction,207.44248967162437,-1.5171949503919677,,,,,,49
EB main,206.1963678169343,-2.7633168050820416,413.2758282296704,4.491424491223056e-12,0.23319527427555536,0.13520338128639037,0.0,49
EB pairwise,207.87071295862214,-1.0889716633942044,386.2022108525092,2.0872629949768843e-14,4.530087535342141e-14,0.06167791950091766,0.0,49
EB-offset hybrid: main,206.9344007312919,-2.025283890724438,408.2574817992872,2.736540725233843e-09,0.19588851882440206,0.132989794691712,11.0,49
EB-offset hybrid: pairwise,207.93353205674308,-1.0261525652732644,386.4791087757954,4.876327054949098e-09,3.6467055387077575e-09,0.0630508958010069,3.0,49
Naive respondents,200.58857306790375,-8.190517099492496,498.0000000000003,0.4012865689602734,0.13497495272977617,0.4109073236013596,0.0,50
OLS prediction,208.28301842892526,-0.49607173847098807,,,,,,50
EB main,207.39153297960044,-1.3875571877958066,402.96652015660663,9.022225973252154e-09,0.19021882050544575,0.08386662337446711,0.0,50
EB pairwise,207.1687231614989,-1.6103670058973591,379.21456754909195,5.590592812046356e-13,4.180976222854738e-13,0.10920381163184681,0.0,50
EB-offset hybrid: main,207.76847088102664,-1.0106192863696037,399.9117240104794,2.527271034547417e-09,0.17337156860355385,0.08710519835109151,9.0,50
EB-offset hybrid: pairwise,207.78907474451808,-0.990015422878173,377.1490294275232,5.2199173774341695e-09,7.491820780315518e-09,0.10327172912715234,11.0,50
Naive respondents,199.17474144281954,-10.681267750913264,509.00000000000017,0.40462141322855966,0.10146758151614593,0.44417231483763997,0.0,51
OLS prediction,210.1894526979855,0.3334435042526991,,,,,,51
EB main,209.17309061131988,-0.682918582412924,383.5613031973185,5.3623267446225564e-11,0.17746110309144755,0.14625213483922586,0.0,51
EB pairwise,209.4819054239017,-0.3741037698310947,355.14186966799525,9.085998383681976e-10,1.7443526319037543e-09,0.09296388065044972,0.0,51
EB-offset hybrid: main,209.41795429638418,-0.43805489734862135,382.58701739953284,4.3492603483022277e-10,0.16186954179917887,0.13472027685851798,5.0,51
EB-offset hybrid: pairwise,209.40289449192596,-0.45311470180683955,353.1974071105345,9.673569477211536e-16,9.817496590195367e-16,0.10125000263042326,8.0,51
Naive respondents,198.6434083699138,-10.515363201018715,469.9999999999999,0.43866769959292357,0.22537370840852397,0.4980018732367776,0.0,52
OLS prediction,208.18152971270413,-0.9772418582283819,,,,,,52
EB main,207.3224976519015,-1.8362739190310151,346.51697589882417,1.1820578264113276e-09,0.3982681746616385,0.20509502181941255,0.0,52
EB pairwise,210.90765300756877,1.7488814366362533,267.0390403815701,7.102772221001588e-14,1.881440410448363e-13,0.06988337736085934,0.0,52
EB-offset hybrid: main,207.87788586540162,-1.280885705530892,329.89994911555164,2.140903729839151e-12,0.3308613790940883,0.15997889336110235,11.0,52
EB-offset hybrid: pairwise,210.96434959691874,1.8055780259862217,247.97474341205597,1.8767648595852817e-15,1.390349212071974e-15,0.08690174809200704,63.0,52
Naive respondents,202.32164493718787,-8.936515065381627,521.9999999999999,0.4461177342213274,0.10622235205257353,0.4587494964414093,0.0,53
OLS prediction,211.43350780273025,0.17534780016075047,,,,,,53
EB main,210.01855215611081,-1.2396078464586822,380.1123538096961,3.0552418343491523e-13,0.20817074150235776,0.1302952760904867,0.0,53
EB pairwise,209.65724424059795,-1.6009157619715495,334.92238298578735,2.520679575924949e-09,2.993642828655765e-09,0.07928759679829843,0.0,53
EB-offset hybrid: main,210.17806868625203,-1.0800913163174641,379.2852915430405,8.19415611950506e-11,0.1936990990627378,0.12482741896455754,5.0,53
EB-offset hybrid: pairwise,210.00649580088958,-1.2516642016799153,336.47805901063225,5.77067326529216e-14,8.520141841132113e-14,0.07692628123765546,7.0,53
Naive respondents,199.12885131945666,-9.932294050263977,490.99999999999994,0.4525435537071816,0.2644483586377462,0.47670949627285986,0.0,54
OLS prediction,208.3591557008038,-0.7019896689168377,,,,,,54
EB main,206.59059602351763,-2.4705493462030006,351.9431037429352,3.136482715186799e-11,0.5178825105690046,0.1672462672734681,0.0,54
EB pairwise,209.6970923320052,0.6359469622845779,282.2129825373053,2.164875482826829e-12,5.139468991291508e-12,0.02084685559832844,0.0,54
EB-offset hybrid: main,206.88743849989763,-2.1737068698230075,352.4771734730605,5.904728880894974e-11,0.47406695258965265,0.15863935885932928,3.0,54
EB-offset hybrid: pairwise,210.08290440022785,1.0217590305072122,289.501276110234,5.880431093905548e-15,7.210230383785465e-15,0.035744892103961666,17.0,54
Naive respondents,199.47101785231575,-11.136399370259966,503.00000000000017,0.3848684844883613,0.18602283524602353,0.4203940612346975,0.0,55
OLS prediction,208.98314508146242,-1.6242721411132948,,,,,,55
EB main,208.33248911905002,-2.2749281035256956,393.23143167107037,5.03971763963035e-10,0.25315953970856936,0.17045172072676876,0.0,55
EB pairwise,210.25278783757838,-0.3546293849973381,362.4621082560072,3.158288230464295e-09,3.936754046867377e-09,0.04912220727356387,0.0,55
EB-offset hybrid: main,208.60282061076597,-2.0045966118097454,393.64706267258623,4.5346743470542555e-13,0.23037730029962614,0.15866072945942503,4.0,55
EB-offset hybrid: pairwise,210.57511744291418,-0.032299779661542516,366.5404135395673,2.8482743581255555e-14,3.159828544324152e-14,0.040913809088809795,6.0,55
Naive respondents,200.39127261115405,-9.977432443961163,467.9999999999998,0.44191249000544136,0.20765501447693888,0.4492212130249575,0.0,56
OLS prediction,209.04262267346118,-1.3260823816540324,,,,,,56
EB main,207.6118147878958,-2.7568902672194042,333.81839408737045,1.3858831586576004e-12,0.39244898272191264,0.16606922162278553,0.0,56
EB pairwise,210.4559323819408,0.08722732682559808,292.3175944775486,2.7227609360771324e-11,6.339369166373865e-11,0.030426682019891856,0.0,56
EB-offset hybrid: main,208.54585994324876,-1.8228451118664566,337.76989485884826,3.125984018446316e-09,0.3352924594143081,0.14069304873202038,11.0,56
EB-offset hybrid: pairwise,210.7367982552867,0.3680932001714723,292.64669963748923,6.441246462611989e-16,1.3727133330199076e-15,0.03976240761434768,17.0,56
Naive respondents,201.89817252426454,-8.096743021330951,534.0000000000002,0.40676840928745706,0.23106685909503474,0.4191326772195202,0.0,57
OLS prediction,209.29541967497633,-0.6994958706191596,,,,,,57
EB main,208.43872403924865,-1.5561915063468348,419.0377829242917,1.076067145012947e-10,0.26158509288210746,0.1748451936697423,0.0,57
EB pairwise,210.2725460398432,0.2776304942477168,374.86088466636875,5.0743416143413414e-15,7.101064274804675e-15,0.030851044862099188,0.0,57
EB-offset hybrid: main,208.78018900304488,-1.2147265425506077,410.3306846795622,5.984172376188302e-10,0.22913724492160725,0.14602037735230436,6.0,57
EB-offset hybrid: pairwise,210.43096273151636,0.4360471859208701,368.84242769693776,5.513741633771813e-15,5.071632596908643e-15,0.02156163889929608,8.0,57
Naive respondents,201.3575918827369,-9.322717812872668,490.99999999999994,0.43879133672300663,0.16957993646452652,0.46411052293151744,0.0,58
OLS prediction,209.82848773692066,-0.8518219586889018,,,,,,58
EB main,209.15698476397432,-1.5233249316352442,368.91565099729485,1.2639209948780063e-09,0.21993604830020658,0.15769006144832914,0.0,58
EB pairwise,209.13732892899645,-1.5429807666131126,328.2704103151344,2.955715752897392e-10,3.728961857623991e-10,0.11152821907703853,0.0,58
EB-offset hybrid: main,209.4892153197785,-1.1910943758310566,359.0030816282863,1.6305636729346024e-10,0.1567435414709921,0.13602535331026427,8.0,58
EB-offset hybrid: pairwise,209.47506588577068,-1.2052438098388905,332.41884631615676,1.1635504913282564e-15,1.1683864858375846e-15,0.10112237979611596,3.0,58
Naive respondents,198.1899181634436,-12.629715632864361,494.9999999999998,0.42786415220960017,0.1435274124515109,0.4993923486743115,0.0,59
OLS prediction,210.77684475938096,-0.04278903692699032,,,,,,59
EB main,209.12837326619146,-1.6912605301164945,308.0988642426052,2.3075536770386157e-15,0.14079108741416818,0.16842894144906168,0.0,59
EB pairwise,210.30940929704065,-0.5102244992673093,272.60886047622586,4.0963447166795924e-14,3.9408573148972536e-14,0.06971553621397147,0.0,59
EB-offset hybrid: main,209.71725642859548,-1.102377367712478,307.08745744323573,1.749420151667951e-09,0.12338397446464043,0.1430662914567357,16.0,59
EB-offset hybrid: pairwise,210.38748629245518,-0.4321475038527751,276.4246575692439,6.402670607694255e-09,5.118133322361663e-09,0.0714180897328176,2.0,59
Naive respondents,199.12609651166593,-10.452998384499637,487.99999999999955,0.41063896805355404,0.16340608682400196,0.45233278088280354,0.0,60
OLS prediction,210.03218263477353,0.45308773860796236,,,,,,60
EB main,208.62270063631718,-0.9563942598483948,364.88663921313844,3.4131141279686963e-13,0.10272877284655209,0.054884816271875594,0.0,60
EB pairwise,208.74224906128518,-0.8368458348803927,346.47212139497765,9.05054962715293e-15,5.424220399747456e-15,0.045312315716351366,0.0,60
EB-offset hybrid: main,209.156856052533,-0.42223884363258435,368.5712194311161,3.4430459180607702e-15,0.10253314993634435,0.048627004851529494,5.0,60
EB-offset hybrid: pairwise,209.5684282062483,-0.010666689917258054,349.1179058358532,2.883623846831328e-13,5.49841369950561e-13,0.03773505812661887,16.0,60
Naive respondents,202.1985035310126,-8.734628624519132,500.99999999999994,0.45340250892579237,0.12636607976874048,0.4673293633233642,0.0,61
OLS prediction,211.5037341472014,0.5706019916696903,,,,,,61
EB main,210.57123959597132,-0.36189255956040256,356.80646518530165,2.214300726768595e-09,0.2069856185661518,0.1566668611326187,0.0,61
EB pairwise,211.32802623960197,0.39489408407024484,328.583594346615,2.5795615393330802e-15,3.3933678777524818e-15,0.046569694575733823,0.0,61
EB-offset hybrid: main,210.7092028046375,-0.22392935089422394,323.93718462302417,4.6953274472066256e-11,0.17041494139684266,0.12812929311125457,16.0,61
EB-offset hybrid: pairwise,211.1843797889743,0.25124763344257417,306.17697453346983,9.047806296641707e-14,1.7356746771034238e-13,0.04544586168062028,12.0,61
Naive respondents,200.49429901260558,-9.253553916985084,489.99999999999994,0.4475420183999206,0.14948421592407862,0.459722940086191,0.0,62
OLS prediction,208.65100899385644,-1.0968439357342277,,,,,,62
EB main,207.70702905446493,-2.0408238751257386,377.9633829231981,7.324503087054135e-09,0.27041614214091547,0.16031733736146372,0.0,62
EB pairwise,208.98337463602974,-0.7644782935609271,345.09877826010285,1.861735102557459e-14,1.6476541468146706e-14,0.04522677135997149,0.0,62
EB-offset hybrid: main,207.96028054905506,-1.7875723805356074,379.8427681449581,4.410084035824181e-09,0.2463295187070523,0.15247534002688407,7.0,62
EB-offset hybrid: pairwise,209.60266084814282,-0.14519208144784557,344.9734924172725,2.3167664659360614e-15,1.7234850952881575e-15,0.03489287184798381,21.0,62
Naive respondents,198.96961480943457,-9.958577806844374,504.0000000000002,0.37478218823649867,0.1418352986832349,0.40117674157839955,0.0,63
OLS prediction,206.70998589066969,-2.2182067256092637,,,,,,63
EB main,206.11833360804914,-2.8098590082298074,395.4587336081963,1.81152377465897e-09,0.31349681933451784,0.20551462091067127,0.0,63
EB pairwise,207.87769827741315,-1.0504943388658035,328.7824178945341,1.3312864815013804e-15,7.683709587474e-16,0.07687917760565041,0.0,63
EB-offset hybrid: main,206.29745176811645,-2.630740848162503,395.5947683142474,6.166757888471324e-11,0.29276869591423343,0.19673191895940795,3.0,63
EB-offset hybrid: pairwise,207.92758885274282,-1.0006037635361338,333.3515920693418,4.3149057511265776e-10,9.215405010691991e-10,0.07640975322358279,3.0,63
Naive respondents,200.13479663457886,-10.196707436318917,500.99999999999994,0.44148523137769463,0.17853919819242128,0.4729575464243792,0.0,64
OLS prediction,210.7691183014605,0.43761423056272974,,,,,,64
EB main,209.3373185673042,-0.9941855035935703,360.607833751293,1.8577162822400366e-09,0.23346240418433106,0.1462406952361505,0.0,64
EB pairwise,210.95190748214037,0.6204034112425916,329.1389395618505,1.1597150633985986e-13,2.5602542969949483e-13,0.03346785499677759,0.0,64
EB-offset hybrid: main,209.55994618846776,-0.7715578824300167,346.0288525216858,3.7106762553969807e-09,0.21151866784625178,0.1171356087997262,6.0,64
EB-offset hybrid: pairwise,210.8770885349651,0.545584464067332,323.27958960002263,2.008008686809389e-09,2.7113069689053503e-09,0.027753158511637874,7.0,64
Naive respondents,200.37381791370797,-10.117064608473981,501.99999999999955,0.3938393043353174,0.24926365716466753,0.44414684165952556,0.0,65
OLS prediction,207.5465295555271,-2.9443529666548613,,,,,,65
EB main,206.1846903750461,-4.306192147135846,392.81575067613704,1.2743652022689206e-11,0.46568526324322984,0.2286381481275493,0.0,65
EB pairwise,209.13954810553474,-1.3513344166472052,322.26272023939276,6.489222712446009e-13,1.2139853774959918e-12,0.08188946315312028,0.0,65
EB-offset hybrid: main,206.976414641849,-3.514467880332944,400.416714311273,3.2977972103401814e-11,0.37862183580822134,0.2075478628866334,8.0,65
EB-offset hybrid: pairwise,209.48070167317553,-1.0101808490064172,332.4590039296857,1.405538501914503e-11,1.627265682125976e-11,0.07092263405340404,4.0,65
Naive respondents,200.92076257733004,-9.206287922915266,492.0000000000003,0.3816175774886858,0.14845593912088664,0.4256657748668251,0.0,66
OLS prediction,207.61178108612,-2.5152694141252994,,,,,,66
EB main,206.9741861526122,-3.1528643476331126,409.9340982585098,7.075004029358231e-15,0.11561464703648598,0.18485621503661412,0.0,66
EB pairwise,207.39871585138783,-2.7283346488574693,383.3329853823121,5.958525621829228e-11,1.5010222208150715e-10,0.14086346336672242,0.0,66
EB-offset hybrid: main,207.99298482451238,-2.134065675732927,387.5267228227165,2.838447963951535e-10,0.09961576606011871,0.159609718582251,14.0,66
EB-offset hybrid: pairwise,208.11315571723267,-2.0138947830126313,367.03710059205616,4.807726433782257e-09,4.416204845406172e-09,0.1265761133617799,13.0,66
Naive respondents,196.55666476391576,-10.530756996807924,489.00000000000006,0.43627407233465193,0.18294933797850796,0.481391508828291,0.0,67
OLS prediction,205.52510807786757,-1.5623136828561144,,,,,,67
EB main,204.07861613070298,-3.008805630020703,355.92759806054346,3.646210279227405e-15,0.4927836477147556,0.21199483778030667,0.0,67
EB pairwise,206.1166820032705,-0.970739757453174,305.3951087989058,1.0920715011132749e-13,1.7474186134862778e-13,0.1461671919521212,0.0,67
EB-offset hybrid: main,204.6327893985407,-2.4546323621829913,360.2605855239511,5.923474684141907e-10,0.36103147424741006,0.1882147468306971,9.0,67
EB-offset hybrid: pairwise,205.9685109966896,-1.1189107640340978,288.52843011915337,6.222896527627231e-16,1.798356126352994e-15,0.14818000801039807,29.0,67
Naive respondents,199.8337606876419,-9.603354651299952,526.9999999999998,0.409858563852568,0.17332299361622433,0.44248164417246916,0.0,68
OLS prediction,209.32515703462408,-0.11195830431776699,,,,,,68
EB main,207.45526317146056,-1.9818521674812928,387.64733107793575,3.7642025017893877e-10,0.2925053665231533,0.11656456668186323,0.0,68
EB pairwise,209.8856861406182,0.44857080167633967,375.75794081419787,1.6989468315728295e-09,1.7742293164731296e-09,0.016250268608231706,0.0,68
EB-offset hybrid: main,207.98034542623077,-1.4567699127110814,399.53656187685993,9.301172394309315e-09,0.2325399097241526,0.10873288993236349,4.0,68
EB-offset hybrid: pairwise,209.93446157578816,0.49734623684631174,374.8019724652702,1.877075747948661e-09,1.909823426876281e-09,0.01731217303515079,3.0,68
Naive respondents,201.4241037416116,-9.426033859511136,487.99999999999955,0.4292801251225148,0.14817405552140733,0.46188143654218267,0.0,69
OLS prediction,210.71820249068426,-0.1319351104384623,,,,,,69
EB main,209.0692716265735,-1.780865974549215,361.63284878098506,1.2460187634182265e-12,0.2363468869533051,0.16103110922586955,0.0,69
EB pairwise,209.93970218016102,-0.9104354209617043,323.9801348309574,4.5045627346127205e-14,7.638490632216485e-14,0.04515119081887771,0.0,69
EB-offset hybrid: main,209.2355719539316,-1.6145656471911138,364.5472103296133,3.432259415724602e-13,0.2415064228427979,0.16108528319180476,4.0,69
EB-offset hybrid: pairwise,210.25776408525005,-0.59237351587268,328.5507088199918,6.620394002145288e-14,5.0453656602736054e-14,0.036439941256838235,5.0,69
Naive respondents,197.35171006444313,-11.426235958576427,508.0,0.434876759662209,0.17373072856283958,0.4715854287513069,0.0,70
OLS prediction,207.86388059744058,-0.9140654255789684,,,,,,70
EB main,206.5740103567789,-2.2039356662406533,358.32124727579753,3.2847305353931263e-13,0.2396027122898265,0.17028737682565104,0.0,70
EB pairwise,208.00220597347794,-0.7757400495416107,330.6459166052737,6.79240652160866e-13,7.874854764546399e-13,0.05680272369240162,0.0,70
EB-offset hybrid: main,206.81844897003543,-1.9594970529841191,354.96820793129694,8.25556067413334e-11,0.2031319977996002,0.144127634048191,3.0,70
EB-offset hybrid: pairwise,208.00220597347794,-0.7757400495416107,330.6459166052737,6.79240652160866e-13,7.874854764546399e-13,0.05680272369240162,0.0,70
Naive respondents,198.70429416461133,-10.536719005332145,512.0,0.46815734250705154,0.16289413519667878,0.5011181802579675,0.0,71
OLS prediction,209.892550844304,0.6515376743605259,,,,,,71
EB main,208.56422906916367,-0.6767841007797983,357.65116666834456,3.1206867975015056e-09,0.2140813711359387,0.15081320938595244,0.0,71
EB pairwise,209.85695920801027,0.6159460380667952,333.69562530532625,2.745528072761481e-12,2.9457339154754135e-12,0.051089393306805536,0.0,71
EB-offset hybrid: main,208.57646584376084,-0.6645473261826282,356.8986183817305,1.4695899048298322e-12,0.21039071180234123,0.1480245010686739,2.0,71
EB-offset hybrid: pairwise,209.86034905054566,0.6193358806021934,332.2258533281863,8.957173636232562e-10,8.858899313105502e-10,0.04851970213810316,4.0,71
Naive respondents,199.3022607229751,-10.574379599531454,495.9999999999997,0.4173257272970157,0.1498375598794822,0.4530123980986556,0.0,72
OLS prediction,208.95062218124122,-0.926018141265331,,,,,,72
EB main,206.54826441396042,-3.3283759085461213,359.2551709930227,7.968901067674697e-10,0.5917080308876974,0.13650669302773688,0.0,72
EB pairwise,207.1864337657389,-2.6902065567676345,355.9778104027186,3.8055617374455686e-11,1.070949175337205e-10,0.14161762575356227,0.0,72
EB-offset hybrid: main,207.39288713931822,-2.483753183188327,377.03817562663767,8.700333648203845e-09,0.43178444761184553,0.10886874830321819,7.0,72
EB-offset hybrid: pairwise,207.39363319489598,-2.4830071276105627,355.58225410307875,3.259744539699129e-13,7.702845204042192e-13,0.13189406828352376,4.0,72
Naive respondents,200.20833097868717,-10.801802437062719,477.9999999999997,0.45548190530372684,0.22657756146902744,0.49973518245037474,0.0,73
OLS prediction,210.09516229268348,-0.9149711230664082,,,,,,73
EB main,208.49504258571312,-2.515090830036769,334.58021822886445,2.1303328552355386e-12,0.2087323193038191,0.14173115965652183,0.0,73
EB pairwise,210.22339895405122,-0.7867344616986713,289.9312808492887,1.0012251130600486e-09,2.8440165259885458e-09,0.024675786317614024,0.0,73
EB-offset hybrid: main,208.75958092470032,-2.250552491049575,339.8346763921417,5.446383113045082e-10,0.20376220306860526,0.13951658281129545,4.0,73
EB-offset hybrid: pairwise,211.09276878809072,0.08263537234083174,290.59571479355867,7.97272841554264e-14,8.832191752977986e-14,0.009619638759368172,31.0,73
Naive respondents,200.47443375868414,-8.575094592934875,490.99999999999994,0.4323873086062861,0.18440562597370044,0.4515466074907921,0.0,74
OLS prediction,208.30791565734032,-0.7416126942787002,,,,,,74
EB main,207.31093206040202,-1.738596291216993,372.0068115926894,2.1419423072129886e-14,0.23530844073129908,0.17425035891977636,0.0,74
EB pairwise,206.8932663896122,-2.1562619620068233,334.12359100958287,1.1998837577113594e-13,1.6578281523660123e-13,0.153920530019431,0.0,74
EB-offset hybrid: main,207.69084945380231,-1.3586788978167021,357.48242572980087,9.388162297418163e-11,0.18016840112415536,0.14353520281969434,12.0,74
EB-offset hybrid: pairwise,207.04221956458628,-2.0073087870327413,335.52570903508666,1.9959040213753266e-09,5.016759302443563e-09,0.1474140761558172,2.0,74
Naive respondents,200.5861063032633,-11.12803271779589,481.0,0.4523420603852301,0.16085218962502743,0.49237239112685516,0.0,75
OLS prediction,210.2803274878637,-1.4338115331954953,,,,,,75
EB main,209.44431887939936,-2.269820141659835,361.0867099450055,5.151130756550497e-10,0.19016746459285916,0.21368134784112988,0.0,75
EB pairwise,210.08317796377773,-1.6309610572814677,317.69084052339343,9.336994084361131e-16,1.0674400701435648e-15,0.118936785489416,0.0,75
EB-offset hybrid: main,210.24528568405137,-1.468853337007829,349.93420950023966,9.790891574252239e-11,0.1379027284701082,0.1763217990086432,10.0,75
EB-offset hybrid: pairwise,210.36194411882582,-1.3521949022333786,316.7442246569928,5.808657008642209e-10,2.236376283461502e-09,0.1280802051212133,16.0,75
Naive respondents,199.88462520926987,-11.50341602982104,495.9999999999997,0.44605955547616183,0.11152460831579318,0.48015014452959065,0.0,76
OLS prediction,212.13107942592632,0.7430381868354061,,,,,,76
EB main,210.7267333728085,-0.6613078662824137,330.7235142205663,4.907378290659601e-13,0.2687301538663768,0.14566579343313546,0.0,76
EB pairwise,211.79037805108533,0.4023368119944166,305.9541810849881,6.518410909731465e-10,1.2403361412541897e-09,0.08524362538958172,0.0,76
EB-offset hybrid: main,210.52536961155255,-0.8626716275383615,332.31971267904976,3.6349299116720164e-09,0.26680125997607335,0.15723184483533936,3.0,76
EB-offset hybrid: pairwise,211.77623178427933,0.3881905451884222,293.0359599585874,5.153480423876179e-16,9.273180103784712e-16,0.06547079210118556,12.0,76
Naive respondents,200.3817641688818,-9.131125284341607,486.99999999999966,0.44951490837644376,0.14146608486319362,0.45342931136324877,0.0,77
OLS prediction,209.74211620447562,0.22922675125221303,,,,,,77
EB main,208.14737690653917,-1.3655125466842435,348.3228937070104,1.735866164828758e-14,0.37515348101006685,0.14558861679536278,0.0,77
EB pairwise,210.2343475087531,0.7214580555296948,305.4815588540347,2.021916336143884e-11,2.847325242479734e-11,0.024911464607955944,0.0,77
EB-offset hybrid: main,208.6066355824404,-0.9062538707830186,337.0104747751585,8.06660611630953e-12,0.27443411094375,0.11374255902709064,15.0,77
EB-offset hybrid: pairwise,210.2379036197562,0.7250141665327874,298.2198719710909,5.7769957105680956e-15,4.68204163913902e-15,0.024568732578291782,16.0,77
Naive respondents,201.07522582538286,-8.19810717025527,508.0,0.42594989142661593,0.1651857084800265,0.4367489222720019,0.0,78
OLS prediction,207.52708974146202,-1.7462432541761075,,,,,,78
EB main,206.3055322925674,-2.9678007030707363,374.4080975682635,2.2619726527338942e-10,0.3751096166296091,0.19206457390529422,0.0,78
EB pairwise,209.97424651341902,0.7009135177808901,312.21775089228277,2.3872592382122213e-15,2.886441859512456e-15,0.027147342375473366,0.0,78
EB-offset hybrid: main,206.8482561498001,-2.4250768458380207,373.6941144205557,3.859563958766132e-10,0.3255797196357812,0.18194030853972296,7.0,78
EB-offset hybrid: pairwise,210.39802528205254,1.1246922864144153,299.55183444625425,5.202693208533922e-15,2.910798277725254e-15,0.045362924498430456,12.0,78
Naive respondents,201.42505056257218,-9.415866203036472,510.0,0.4517117497478809,0.20374947206533253,0.46038091602116615,0.0,79
OLS prediction,210.51052469868824,-0.33039206692041034,,,,,,79
EB main,209.73140064382687,-1.1095161217817804,357.5310107688352,1.6968239163191485e-15,0.08289730628044299,0.11650517524956829,0.0,79
EB pairwise,210.03497892755442,-0.8059378380542341,345.2453388997343,3.6821114648437566e-15,6.8387112442361105e-15,0.09114688816402838,0.0,79
EB-offset hybrid: main,209.69014449674756,-1.1507722688610897,351.5692522418374,9.753653305395654e-10,0.09565292328479776,0.13777896385996655,9.0,79
EB-offset hybrid: pairwise,210.6788137765548,-0.16210298905386367,343.17573778703473,1.0757763178322861e-15,1.7411130549429167e-15,0.0738697333475849,15.0,79
Naive respondents,201.0443060405352,-9.807176084299101,508.0,0.37916095321697496,0.15704392076485715,0.41235752503633705,0.0,80
OLS prediction,209.72878649712726,-1.1226956277070315,,,,,,80
EB main,208.48768098484686,-2.36380113998743,401.9506629173712,2.1100035859530722e-12,0.22514522528178635,0.15523149539636225,0.0,80
EB pairwise,209.32896855126003,-1.5225135735742583,395.67237235571395,3.715493789179071e-13,6.557513996751204e-13,0.10922959754824131,0.0,80
EB-offset hybrid: main,208.8482223403341,-2.0032597845001874,405.80540140593615,2.7799820597858643e-09,0.1628399799856575,0.14296620036366767,4.0,80
EB-offset hybrid: pairwise,209.40852198958683,-1.4429601352474606,396.0879685721575,5.937112237195444e-15,1.001859777530106e-14,0.10754092963693654,2.0,80
Naive respondents,199.10866200965614,-11.438348250369813,482.0000000000001,0.45213079777217924,0.12567591606500367,0.4973677635013309,0.0,81
OLS prediction,209.7532193417717,-0.7937909182542455,,,,,,81
EB main,208.04631456076842,-2.500695699257534,320.26138505752897,9.173110996599144e-12,0.5550783667087036,0.195553161094392,0.0,81
EB pairwise,209.49396514759778,-1.0530451124281797,281.33189159174856,2.7710121889975898e-15,4.280940193956807e-15,0.12748904329798433,0.0,81
EB-offset hybrid: main,208.60853934501586,-1.9384709150101003,315.21475939859647,6.947089824305913e-10,0.2358189562533662,0.16670551307564999,25.0,81
EB-offset hybrid: pairwise,209.5911142289262,-0.9558960310997691,291.7073402133023,4.157259017598637e-15,1.1993411178678744e-14,0.12483329420022196,13.0,81
Naive respondents,201.72867499452514,-8.64722852140926,526.9999999999998,0.3873095417144134,0.1483387631037697,0.3916260239520827,0.0,82
OLS prediction,210.29550883063695,-0.08039468529744909,,,,,,82
EB main,209.5871449073817,-0.7887586085526834,409.1322759705693,8.792006952598785e-11,0.24515600133867935,0.15336761687539158,0.0,82
EB pairwise,211.29128109243493,0.9153775765005321,353.75934994296887,2.41428393740084e-10,2.2594992958708597e-10,0.057532937370086565,0.0,82
EB-offset hybrid: main,209.62708837352207,-0.7488151424123259,384.91822098171946,2.3331790453889075e-10,0.25939696897652714,0.132772414396677,10.0,82
EB-offset hybrid: pairwise,211.7905886595276,1.4146851435932035,327.0713847799574,4.8302640442017323e-14,7.09656508123504e-14,0.049732325378167415,23.0,82
Naive respondents,199.79015476340376,-10.179100403420904,519.9999999999998,0.40190130713292266,0.17406789108387496,0.4365739333753926,0.0,83
OLS prediction,209.52509848076903,-0.44415668605563496,,,,,,83
EB main,208.7963164193828,-1.1729387474418616,391.80385011198496,8.795153722947726e-10,0.17514458919581175,0.1574588066023102,0.0,83
EB pairwise,210.18381800705853,0.2145628402338673,355.19352799278147,8.344320719885181e-10,7.901996806979507e-10,0.065003612241933,0.0,83
EB-offset hybrid: main,209.01767321587317,-0.9515819509514927,390.6019578069669,5.212101647489925e-10,0.1598582222432701,0.1424979391161181,2.0,83
EB-offset hybrid: pairwise,210.31968478252514,0.35042961570047737,353.36586647174926,4.504501966354475e-15,1.333221795176116e-14,0.05347343706482824,5.0,83
Naive respondents,200.6925546365839,-10.52825282515991,489.99999999999994,0.4394380018528656,0.13220293405102757,0.4559205012608252,0.0,84
OLS prediction,212.05807596914568,0.8372685074018591,,,,,,84
EB main,210.8527268309674,-0.3680806307764044,351.30760135906496,7.100787166222074e-15,0.23459757971533574,0.11694076465492544,0.0,84
EB pairwise,210.77930591453622,-0.4415015472075936,318.10816335467194,7.603431269924335e-12,1.455591704444947e-11,0.11260407426714647,0.0,84
EB-offset hybrid: main,210.94888552110226,-0.27192194064156183,348.4496747276551,1.0126616171595423e-09,0.23903971106240482,0.10914152042583451,3.0,84
EB-offset hybrid: pairwise,210.75786912708298,-0.46293833466083356,311.6008890630098,8.714732455931533e-15,8.304366619934275e-15,0.1135201638259467,4.0,84
Naive respondents,198.92547116953864,-12.346807218039288,493.99999999999955,0.4926537171249171,0.17271237347550422,0.5228623834303723,0.0,85
OLS prediction,210.9444548249525,-0.32782356262544,,,,,,85
EB main,209.373000083817,-1.8992783037609229,312.39437749908967,4.935091599618778e-11,0.22296611680675285,0.14363611821191202,0.0,85
EB pairwise,210.15940553867478,-1.1128728489031516,287.92931686930433,7.5686253135594e-12,1.3161279336400223e-11,0.07596937872750528,0.0,85
EB-offset hybrid: main,209.72015754903597,-1.5521208385419527,307.9254345144338,2.127739072666225e-15,0.18989214255385525,0.13229264124416434,13.0,85
EB-offset hybrid: pairwise,210.4017972983396,-0.870481089238325,286.5019504126615,2.583683664589677e-14,4.825143389421365e-14,0.07053752192599363,10.0,85
Naive respondents,198.41169393736405,-8.996205860756021,493.99999999999955,0.3916470331404366,0.15787613563662606,0.41227609727262804,0.0,86
OLS prediction,206.79501570791643,-0.6128840902036359,,,,,,86
EB main,205.9132798243464,-1.4946199737736663,392.2669727289215,3.2277706862022083e-10,0.17766203456815505,0.1496875632314194,0.0,86
EB pairwise,206.9860285587333,-0.42187123938677473,362.6256446261249,6.769235678236777e-11,9.996334687916616e-11,0.04510247958579724,0.0,86
EB-offset hybrid: main,206.0596865099536,-1.3482132881664768,386.789812492045,7.563210171862033e-10,0.15740239957757643,0.1377054768149393,6.0,86
EB-offset hybrid: pairwise,207.21097447575602,-0.19692532236405214,361.6033165203066,1.8623085083581424e-09,3.0425471483367726e-09,0.03660075051966467,7.0,86
Naive respondents,198.83187533759929,-11.160823453564802,498.99999999999994,0.44052561370047033,0.16607095820599332,0.46400849234232033,0.0,87
OLS prediction,208.88629699433173,-1.1064017968323583,,,,,,87
EB main,207.9671837438411,-2.0255150473229833,356.0428714364921,1.0953194475008046e-09,0.3170912323287211,0.19688318417407558,0.0,87
EB pairwise,211.02066677199207,1.027967980827981,303.07348353627293,7.224755474113542e-14,1.0493155053993336e-13,0.04838174234215708,0.0,87
EB-offset hybrid: main,208.84235777306995,-1.1503410180941387,349.5337544715445,8.204287358602623e-11,0.2601031766507514,0.15501103502156702,12.0,87
EB-offset hybrid: pairwise,211.03189849651415,1.0391997053500575,294.8205895615582,1.3344631284941432e-15,1.4865320883431451e-15,0.04473788977871812,23.0,87
Naive respondents,200.51385515949988,-9.65564960845802,523.0000000000001,0.40911010458238545,0.12906770970127818,0.43551598106912465,0.0,88
OLS prediction,209.43704213287768,-0.7324626350802248,,,,,,88
EB main,208.65614792080893,-1.5133568471489696,406.0682836675655,6.740280346766953e-11,0.19977989575898006,0.16437384563763274,0.0,88
EB pairwise,209.8988454582187,-0.2706593097392158,368.9305046419616,2.1735957803179744e-11,3.2558254547325736e-11,0.042181573143858966,0.0,88
EB-offset hybrid: main,209.16658664997865,-1.0029181179792488,401.3491147107203,1.957805691578783e-11,0.1690082628856639,0.13982817613526322,10.0,88
EB-offset hybrid: pairwise,210.34127653324617,0.17177176528826976,362.47039858252157,1.0467363138455735e-15,1.0611029444180422e-15,0.038144847713097514,14.0,88
Naive respondents,200.34676387824777,-9.960114934105405,514.0,0.43021630869261585,0.1962627343108796,0.4628593269546834,0.0,89
OLS prediction,209.65987853771816,-0.647000274635019,,,,,,89
EB main,208.4234686150781,-1.883410197275083,385.47456841010967,6.313090752674152e-14,0.26460852475521884,0.13241374221729768,0.0,89
EB pairwise,210.05772222494204,-0.2491565874111359,358.52027833668774,1.256443222438377e-13,3.1749199134998557e-13,0.02063383209508312,0.0,89
EB-offset hybrid: main,208.90644104116063,-1.4004377711925429,387.6588155119307,3.082824937668178e-09,0.22464805477386565,0.11562854416932285,6.0,89
EB-offset hybrid: pairwise,211.03888731319884,0.7320085008456658,347.16370245708697,1.6498579719918582e-13,4.049472660244838e-13,0.02644571266240526,11.0,89
Naive respondents,197.23632178186938,-13.471481311768486,498.99999999999994,0.5386241863839204,0.19159114999263496,0.5936532179717917,0.0,90
OLS prediction,211.93337384441043,1.2255707507725617,,,,,,90
EB main,210.06587075922334,-0.6419323344145198,283.6028611599719,1.0750014450871523e-14,0.23023468966886126,0.19120575092958697,0.0,90
EB pairwise,211.43279852804434,0.7249954344064804,234.70939220155884,2.5123707153796033e-12,3.4390615053162835e-12,0.04192945779918294,0.0,90
EB-offset hybrid: main,210.33804532053617,-0.36975777310169633,259.73408136017986,1.9249089747745588e-09,0.19137924547294272,0.1607087266358446,13.0,90
EB-offset hybrid: pairwise,211.60160344724898,0.8938003536111125,234.99486694258053,8.560023600120375e-10,5.75271795529623e-09,0.04460301847323674,14.0,90
Naive respondents,200.29361446936417,-7.867807423534657,510.0,0.36019695153098025,0.13090198120594598,0.3767848702948099,0.0,91
OLS prediction,206.28121499499835,-1.8802068979004787,,,,,,91
EB main,205.38891591194604,-2.7725059809527863,434.8984787256362,7.629295779318145e-09,0.3908559768151508,0.1318200820824681,0.0,91
EB pairwise,207.73460941838866,-0.42681247451017157,408.7825008316911,5.852072059637707e-13,2.2734048318590833e-13,0.014016885877912368,0.0,91
EB-offset hybrid: main,206.0096731610182,-2.151748731880616,436.90049476609795,9.33463970469575e-10,0.3222891530204642,0.11370513488489348,4.0,91
EB-offset hybrid: pairwise,207.9920834773043,-0.1693384155945239,402.74042494230827,1.2462255478807552e-09,1.558426527778063e-09,0.009685133049138664,8.0,91
Naive respondents,200.09038439935512,-8.961855551645158,518.0,0.41771772087437414,0.201818760389181,0.44013658500814473,0.0,92
OLS prediction,208.67884430366192,-0.37339564733835573,,,,,,92
EB main,207.38521712950458,-1.6670228214956921,400.89322358772426,1.3091465621143943e-12,0.18381319395303378,0.12259401877085663,0.0,92
EB pairwise,207.09616553609084,-1.9560744149094376,384.61312291324566,3.33892703864864e-13,9.113037313698379e-13,0.12460960901494128,0.0,92
EB-offset hybrid: main,207.6719348290351,-1.380305121965165,403.05761691355696,4.190397735648465e-15,0.15220019159798898,0.1209114861268949,6.0,92
EB-offset hybrid: pairwise,207.39738638757345,-1.6548535634268262,386.7368544964463,7.913214264749905e-16,1.878564562901098e-15,0.12379334143772021,6.0,92
Naive respondents,199.11999571010472,-10.45150110610399,498.0000000000003,0.40410791583699973,0.21505455104759366,0.43556804081790906,0.0,93
OLS prediction,210.0101692237533,0.43867240754460113,,,,,,93
EB main,209.45709889058742,-0.11439792562129014,351.8559224591078,5.440648190703749e-11,0.2106131210318227,0.17189669974026728,0.0,93
EB pairwise,211.29431606125914,1.722819245050431,301.7644218472428,2.6799398080345896e-13,4.5350388023795164e-13,0.06922462739809095,0.0,93
EB-offset hybrid: main,210.19121139277252,0.6197145765638084,219.12083330522512,5.4250644924519435e-09,0.09835789948551536,0.08750704218400558,21.0,93
EB-offset hybrid: pairwise,210.8953501553391,1.3238533391303804,226.85509053675452,5.145485928102388e-09,4.9648830346624924e-09,0.06422645576872009,11.0,93
Naive respondents,199.81535504114385,-9.84286628212925,512.0,0.45279439715646225,0.16538830713742753,0.48336803367654474,0.0,94
OLS prediction,207.68030371310638,-1.9779176101667133,,,,,,94
EB main,206.3814648116162,-3.2767565116568846,353.7529302231778,2.9221070463985383e-12,0.33038680649288665,0.2223684956464589,0.0,94
EB pairwise,208.77278667097545,-0.8854346522976471,290.1997287863275,2.4969387096206356e-09,2.4485685095021135e-09,0.06553377458615986,0.0,94
EB-offset hybrid: main,207.11969176520924,-2.538529558063857,353.02238123067366,3.6993959992756477e-09,0.2755748212592986,0.20136102705961575,10.0,94
EB-offset hybrid: pairwise,209.54140057156343,-0.11682075170966755,294.82860421000737,3.027318585713029e-14,2.584783509838278e-14,0.03451910706492803,14.0,94
Naive respondents,199.26976002856006,-9.631225998037678,532.0,0.4254990025425475,0.1690256377817464,0.4397819335681584,0.0,95
OLS prediction,208.11563238352718,-0.7853536430705503,,,,,,95
EB main,205.99013271740614,-2.9108533091915945,367.3244380919611,1.894213106456e-14,0.3052434215293294,0.16514578988800735,0.0,95
EB pairwise,208.0651060885544,-0.8358799380433481,326.24341412126455,6.835508884780429e-10,1.8795283225591777e-09,0.043008651556116655,0.0,95
EB-offset hybrid: main,206.78548247946532,-2.1155035471324197,372.42040203432566,1.8304449860594713e-11,0.2647763724302715,0.12748875801751863,8.0,95
EB-offset hybrid: pairwise,208.2973318976589,-0.6036541289388424,329.61262832679193,4.14522100308205e-15,6.833437988740594e-15,0.03789187736262373,5.0,95
Naive respondents,197.82628620012142,-10.176218980047082,518.0,0.3462066735028761,0.1682729951411504,0.4015940864752658,0.0,96
OLS prediction,206.64650297771595,-1.3560022024525438,,,,,,96
EB main,205.66447017760137,-2.338035002567125,430.47488214771437,1.4413629528018329e-15,0.14378612775123156,0.14983939625087692,0.0,96
EB pairwise,206.11914478949333,-1.8833603906751648,416.12151312875443,3.844220777907239e-14,8.697318561813151e-14,0.10054411192106393,0.0,96
EB-offset hybrid: main,206.2774147855645,-1.7250903946039955,426.47759209504807,1.7215796010387385e-11,0.11664859010833116,0.12908932637417106,8.0,96
EB-offset hybrid: pairwise,206.48329324487972,-1.51921193528878,411.29914781141514,2.3991727216726917e-14,4.239348061799943e-14,0.09013438656958114,8.0,96
Naive respondents,199.3444152812836,-8.155665584746288,550.0000000000001,0.36485744036219814,0.20043070451668418,0.3746210406667559,0.0,97
OLS prediction,206.98480145121687,-0.5152794148130226,,,,,,97
EB main,206.58884523069503,-0.9112356353348616,437.0316519373034,7.336384932791854e-12,0.20569000963283987,0.14596019639124008,0.0,97
EB pairwise,207.92078295660454,0.42070209057465036,403.98785782341776,3.692700227769081e-15,9.357174327283188e-15,0.052711040792244625,0.0,97
EB-offset hybrid: main,206.80936760945175,-0.6907132565781353,432.5256789012998,1.8103620325930224e-10,0.17478874057264504,0.13055030093584372,4.0,97
EB-offset hybrid: pairwise,207.92078295660454,0.42070209057465036,403.98785782341776,3.692700227769081e-15,9.357174327283188e-15,0.052711040792244625,0.0,97
Naive respondents,197.15417750405308,-11.102827375019984,500.99999999999994,0.4134965402386751,0.2594584714396597,0.4626926747088277,0.0,98
OLS prediction,207.24802883194894,-1.008976047124122,,,,,,98
EB main,206.21501957262754,-2.0419853064455253,370.8780592011626,4.964862480808147e-15,0.36568543525358127,0.17134397786619399,0.0,98
EB pairwise,208.34761537645107,0.09061049737800886,338.00605285216926,2.2312782968521762e-13,6.536495682848293e-13,0.054143194873912975,0.0,98
EB-offset hybrid: main,206.81195469114135,-1.445050187931713,372.1579117475351,2.6299404017022386e-11,0.2961842371024734,0.1547165498775229,10.0,98
EB-offset hybrid: pairwise,208.44079191159142,0.18378703251835304,333.8768893018219,2.4328410901962984e-09,3.5989759490613736e-09,0.04847640605631759,9.0,98
Naive respondents,197.8033592323191,-10.937784251567024,475.99999999999983,0.42331218673946064,0.1470982169576206,0.474641295192359,0.0,99
OLS prediction,207.40772814281874,-1.3334153410673935,,,,,,99
EB main,206.4128052169333,-2.3283382669528407,365.18291623588715,7.614898997091543e-13,0.22922546158298704,0.17235490678082938,0.0,99
EB pairwise,206.20278397200397,-2.538359511882163,337.6627847593933,3.6002584529958475e-10,2.605614626765232e-10,0.15528930594459173,0.0,99
EB-offset hybrid: main,206.90464059435118,-1.8365028895349553,365.9513150257186,5.6065130629760576e-11,0.1864076981525699,0.1518670494247608,4.0,99
EB-offset hybrid: pairwise,206.7956373565608,-1.9455061273253307,338.7659725280213,5.769280966658987e-10,1.7952624350899247e-09,0.13772536761288537,9.0,99
Naive respondents,197.2485755139519,-10.693503889805868,503.00000000000017,0.4420022331971528,0.20253248887474026,0.4696641418833683,0.0,100
OLS prediction,206.93259795666515,-1.009481447092611,,,,,,100
EB main,205.12773844250205,-2.8143409612557093,338.38037492617946,8.251595544951076e-16,0.4756226625337098,0.2450202683670871,0.0,100
EB pairwise,207.720993641964,-0.22108576179377337,264.51276615409967,4.2354834482345824e-11,1.113979937838938e-10,0.07389121183591238,0.0,100
EB-offset hybrid: main,206.56361911418935,-1.3784602895684088,308.5619659018988,2.043811924649917e-11,0.3228216033708554,0.19358044101943342,47.0,100
EB-offset hybrid: pairwise,209.02493477463503,1.0828553708772688,238.96147188494885,2.1913149010096065e-14,2.4059865876275636e-14,0.04877571980529525,100.0,100
Naive respondents,195.9929459504995,-10.89360571411018,513.0000000000001,0.40200403472069096,0.21393906255893355,0.43983533929732394,0.0,101
OLS prediction,204.96844878264778,-1.918102881961886,,,,,,101
EB main,203.7891319184961,-3.097419746113559,393.458017683233,2.1237334847234898e-12,0.47589226849672156,0.18597728003062725,0.0,101
EB pairwise,207.36303706983966,0.47648540522999383,331.4828995463913,4.2767041257564997e-10,1.3166223338461415e-10,0.04204599443623452,0.0,101
EB-offset hybrid: main,204.0337492573769,-2.8528024072327582,398.2203142472515,2.413288155863731e-09,0.44246679467315336,0.18074062856694817,2.0,101
EB-offset hybrid: pairwise,207.36521869413846,0.47866702952879336,335.8388723858855,1.754629519743013e-15,4.813519831748898e-15,0.04413237963421198,3.0,101
Naive respondents,201.31232023076944,-8.89858487013288,504.0000000000002,0.45290425511021215,0.23758216402237403,0.46007222635701184,0.0,102
OLS prediction,208.10962395801567,-2.1012811428866485,,,,,,102
EB main,207.14416673635748,-3.0667383645448467,381.52127433139304,8.750511309995644e-14,0.41497831369454924,0.20546492628781982,0.0,102
EB pairwise,209.63553352281423,-0.5753715780880952,342.9528569500585,6.500506228445097e-12,1.9769854219254984e-11,0.057789658989068286,0.0,102
EB-offset hybrid: main,207.87113406356153,-2.339771037340796,381.35413852698076,1.8431179591897026e-11,0.3289300638793864,0.16590065071920698,5.0,102
EB-offset hybrid: pairwise,209.79397712435804,-0.4169279765442866,343.92445820685515,8.414080036431094e-14,9.411390631489181e-14,0.04869680877324824,4.0,102
Naive respondents,200.32024067438047,-11.00503310054259,513.0000000000001,0.4203729782999988,0.20423752020661873,0.4588412347880837,0.0,103
OLS prediction,209.9274900028447,-1.3977837720783555,,,,,,103
EB main,209.0118696556561,-2.3134041192669486,378.88447886869056,5.516856467690176e-09,0.26689303151399674,0.20842295468411012,0.0,103
EB pairwise,210.33498346676524,-0.9902903081578245,320.2054051131204,2.5928946581299723e-09,2.8869510444401698e-09,0.07703616866785208,0.0,103
EB-offset hybrid: main,208.99841666476357,-2.3268571101594944,379.1281977633655,4.857870737697034e-10,0.2667661713320494,0.21392388237352708,6.0,103
EB-offset hybrid: pairwise,211.13756927440824,-0.18770450051482612,314.138989327936,8.87360468998282e-15,7.082159434588508e-15,0.0492549616696281,30.0,103
Naive respondents,201.97983204974207,-9.793086551137606,461.9999999999999,0.5038630002074301,0.21902246454049137,0.5353723009558109,0.0,104
OLS prediction,210.627424884011,-1.1454937168686854,,,,,,104
EB main,208.47265486362232,-3.300263737257353,299.84044721023963,5.675154005647347e-10,0.49066565829103914,0.2617266203931599,0.0,104
EB pairwise,212.027026928252,0.2541083273723359,220.33380221876067,7.622441845397512e-16,3.3609179489949503e-15,0.05076377867633878,0.0,104
EB-offset hybrid: main,209.1873423594303,-2.585576241449388,267.4658383462138,5.148740574517181e-09,0.47913171290672235,0.20038278273321186,37.0,104
EB-offset hybrid: pairwise,212.31138051919572,0.5384619183160453,207.81797589515136,7.60571520795532e-15,1.4575673948610536e-14,0.0464937152945642,63.0,104
Naive respondents,199.46835518809243,-11.597378494186415,487.99999999999955,0.4384440182726234,0.21928223147317674,0.48202224537140054,0.0,105
OLS prediction,210.15567266753416,-0.9100610147446844,,,,,,105
EB main,207.95481062314283,-3.110923059136013,347.01559514580043,4.069742990063148e-15,0.33233241958224863,0.15798040467486818,0.0,105
EB pairwise,210.0224520453938,-1.043281636885041,343.81414683217537,3.63508006643568e-14,6.502200998879455e-14,0.03630410161604617,0.0,105
EB-offset hybrid: main,208.8257021968826,-2.2400314853962584,363.2285283755357,6.9355318916295186e-12,0.2526635499413752,0.12140528764392566,7.0,105
EB-offset hybrid: pairwise,210.1168145465424,-0.9489191357364462,344.74064105645124,4.978492208553736e-16,1.2688064447289035e-15,0.03362654338919327,2.0,105
Naive respondents,198.1785592703111,-10.59422389449341,501.99999999999955,0.4308512531281298,0.1364704546831209,0.4759763115146817,0.0,106
OLS prediction,206.95823648455607,-1.8145466802484407,,,,,,106
EB main,205.13968983963076,-3.6330933251737463,388.7825708436076,8.60665072406449e-09,0.26315110851953694,0.18273224771402297,0.0,106
EB pairwise,205.3668980373184,-3.4058851274861013,369.69326670922254,6.506993908829607e-12,3.060013385611064e-11,0.14498865795870677,0.0,106
EB-offset hybrid: main,206.05534599055704,-2.717437174247465,398.80490481814934,6.802216367960732e-15,0.2342764973360148,0.15468655351879546,5.0,106
EB-offset hybrid: pairwise,206.00671030679123,-2.766072858013274,375.05967944141076,2.6195643956921552e-14,1.1506780791143672e-13,0.12553795225132738,4.0,106
Naive respondents,199.30374894863354,-8.502461993584149,535.9999999999999,0.40385509492313215,0.13628806292577755,0.39507400049592867,0.0,107
OLS prediction,208.61262040653597,0.8064094643182784,,,,,,107
EB main,207.85534584158506,0.04913489936737392,412.40453970503387,5.5542914794509605e-12,0.15063814889904295,0.10239659012394942,0.0,107
EB pairwise,207.6690289044616,-0.13718203775607662,397.0959928328946,4.828221707167155e-09,6.803976215911903e-09,0.10419422404936358,0.0,107
EB-offset hybrid: main,207.85534584158506,0.04913489936737392,412.40453970503387,5.5542826687910256e-12,0.15063814889904298,0.10239659012394942,0.0,107
EB-offset hybrid: pairwise,207.6690289044616,-0.13718203775607662,397.0959928328946,4.828221707167155e-09,6.803976215911903e-09,0.10419422404936358,0.0,107
Naive respondents,201.65074942230845,-8.433105741383997,521.9999999999999,0.376217411874465,0.1945716925951946,0.39324196449411614,0.0,108
OLS prediction,208.69187122342566,-1.3919839402667833,,,,,,108
EB main,207.67029451280294,-2.413560650889508,405.46867789858965,2.61592518013971e-11,0.2714345514383624,0.15975009821482344,0.0,108
EB pairwise,209.16907189109688,-0.9147832725955709,367.1706434264682,2.9795087077131496e-09,3.431554794078888e-09,0.042063988943871915,0.0,108
EB-offset hybrid: main,208.1101550228167,-1.973700140875735,411.34309078405335,2.8971401353128807e-09,0.24571731562503987,0.14810576603629624,4.0,108
EB-offset hybrid: pairwise,209.44785446098786,-0.6360007027045924,373.618294137301,9.644932457888039e-15,7.822975889388668e-15,0.03502709913657707,3.0,108
Naive respondents,198.66240553357144,-11.745034336463647,492.0000000000003,0.4756196921637537,0.2675069719436613,0.5312558832491446,0.0,109
OLS prediction,210.3955462733979,-0.011893596637179371,,,,,,109
EB main,209.4004333799744,-1.0070064900606894,330.73171687006743,1.945034420332892e-09,0.1882674507154045,0.2003371056659843,0.0,109
EB pairwise,210.1695754467908,-0.23786442324430368,277.07812696716167,2.5448815042671716e-12,5.302570013326752e-12,0.07825284851648875,0.0,109
EB-offset hybrid: main,209.0077036501226,-1.3997362199124836,287.62593909766946,1.1497025554491344e-09,0.16856460511346763,0.18627692625220812,26.0,109
EB-offset hybrid: pairwise,210.26509261927353,-0.14234725076155996,272.9534779101697,9.00915365880933e-15,1.2550533851351312e-14,0.0790540174716395,13.0,109
Naive respondents,200.15263164273932,-8.92456752518558,521.9999999999999,0.4248968864800809,0.09589672206206515,0.4298409955942765,0.0,110
OLS prediction,208.25584735977597,-0.8213518081489326,,,,,,110
EB main,207.07382643273849,-2.0033727351864172,395.92201261502896,7.480447360597674e-13,0.3599388311402842,0.14439670987810468,0.0,110
EB pairwise,208.52349768965655,-0.5537014782683514,365.2503134495229,6.150173702957893e-14,6.359169146049716e-14,0.045755998454879925,0.0,110
EB-offset hybrid: main,207.79123235967734,-1.285966808247565,397.79451182083176,6.715343556459456e-10,0.2671400543684794,0.12273578171784359,10.0,110
EB-offset hybrid: pairwise,208.73109670807605,-0.3461024598488507,369.0499150950384,2.4863691783657787e-15,5.0682885468314586e-15,0.045170896705664564,6.0,110
Naive respondents,199.90702764519068,-12.08862513031579,493.99999999999955,0.44018515343215897,0.19774633326001048,0.513184071290724,0.0,111
OLS prediction,210.28689152894262,-1.7087612465638529,,,,,,111
EB main,209.08238123655943,-2.9132715389470434,332.72228632210255,2.2457760228097504e-10,0.13069284288602842,0.20111494724785575,0.0,111
EB pairwise,209.020373517547,-2.975279257959471,309.02221948478575,3.550035011765588e-11,7.58277856836266e-11,0.17502171169952804,0.0,111
EB-offset hybrid: main,209.48505631030955,-2.510596465196926,334.9293836005304,1.1390372073998568e-09,0.11730172002246189,0.20649031073463286,16.0,111
EB-offset hybrid: pairwise,210.0026152905688,-1.9930374849376733,309.5185996897184,2.653673563223931e-15,2.036721523442845e-15,0.15134022891630144,11.0,111
Naive respondents,202.25742986646182,-8.57948607113127,498.0000000000003,0.4170485120511375,0.1179696281641625,0.424496995149689,0.0,112
OLS prediction,209.8406893194052,-0.9962266181879045,,,,,,112
EB main,209.01962293957956,-1.817292998013528,394.64163020398195,4.958782197147996e-14,0.21991431319064636,0.16338254236226307,0.0,112
EB pairwise,208.5288152493305,-2.3081006882625843,372.2936004862482,1.4289757588779808e-14,1.5053452641926568e-14,0.1768014087453129,0.0,112
EB-offset hybrid: main,209.13726730262937,-1.6996486349637223,395.01951206717536,4.1287499054145665e-10,0.2048737895194152,0.15513978813327986,2.0,112
EB-offset hybrid: pairwise,208.67068725021664,-2.166228687376446,370.7983901469759,2.4792831684990495e-15,1.7958454912720554e-15,0.1762929300644409,5.0,112
Naive respondents,198.77238465240856,-11.401069415415435,498.0000000000003,0.4250917612442192,0.14460444158084096,0.4963999862431079,0.0,113
OLS prediction,208.681577955287,-1.4918761125369997,,,,,,113
EB main,207.28440705411052,-2.88904701371348,353.47679917798655,1.4813316187105385e-15,0.261962649540899,0.19367875319069572,0.0,113
EB pairwise,206.9417669814694,-3.231687086354583,307.7664477405357,5.0984125621720325e-15,3.3961070364267035e-15,0.19028170848494816,0.0,113
EB-offset hybrid: main,208.2034228956011,-1.970031172222889,347.9831211202874,1.3920708055520016e-10,0.18074365340044485,0.16161742883989777,11.0,113
EB-offset hybrid: pairwise,208.06182441399474,-2.1116296538292545,318.20019703766326,2.6569394200038224e-14,6.750914953216104e-14,0.15055654178581448,12.0,113
Naive respondents,202.27044216414706,-9.620714705292073,479.00000000000017,0.42496946593831514,0.14364707083659112,0.4694175865973517,0.0,114
OLS prediction,212.2979153892718,0.406758519832664,,,,,,114
EB main,210.9635153560753,-0.9276415133638238,363.5606972787779,5.695346879763702e-10,0.30036102124821473,0.12601394514018932,0.0,114
EB pairwise,210.70659838452698,-1.184558484912145,324.0814159254739,3.176151109866927e-10,4.157200482265099e-10,0.07433704218031804,0.0,114
EB-offset hybrid: main,211.7047740473789,-0.1863828220602386,362.9290997849335,6.1588301041238274e-09,0.31127316040791875,0.10249807503261768,8.0,114
EB-offset hybrid: pairwise,211.22261678294456,-0.6685400864945734,326.0684779829905,2.1453278469212134e-13,7.049009900398373e-13,0.08804024404470193,13.0,114
Naive respondents,198.77843690349187,-9.931075771179422,511.0,0.4287183323406646,0.1698639155770527,0.44918997712909364,0.0,115
OLS prediction,207.9577164222328,-0.7517962524384814,,,,,,115
EB main,206.53864242522693,-2.170870249444363,361.2837185694164,7.972652147458237e-13,0.3034153062143592,0.1844989374009871,0.0,115
EB pairwise,208.97899255831257,0.2694798836412815,305.6776983436641,6.122027161929372e-12,9.278627163434672e-12,0.05323015864384768,0.0,115
EB-offset hybrid: main,207.25572569432921,-1.4537869803420733,354.8053901899527,3.411390926470998e-10,0.27797316078769735,0.14611631540208703,10.0,115
EB-offset hybrid: pairwise,209.16797249614675,0.45845982147545783,313.2065437306518,4.8287849545998354e-14,5.705485370250762e-14,0.0475817975241085,5.0,115
Naive respondents,201.23424262494714,-9.216232125847085,493.99999999999955,0.430272024598482,0.13247718505347902,0.4565248864364922,0.0,116
OLS prediction,208.9597448451514,-1.4907299056428371,,,,,,116
EB main,207.2484077122411,-3.202067038553139,349.49120382368505,6.439723666152774e-15,0.31462113876026926,0.17595690757095406,0.0,116
EB pairwise,209.82371178643493,-0.6267629643593011,300.86456562043793,1.4324479702389454e-14,1.130099798078462e-14,0.02958679770004132,0.0,116
EB-offset hybrid: main,207.72239469396257,-2.728080056831658,364.00849251567416,2.3748636666295933e-09,0.29435991090576336,0.1631113974939471,3.0,116
EB-offset hybrid: pairwise,209.82371178643498,-0.6267629643592443,300.86456562043793,1.4306289637076008e-14,1.129760129480378e-14,0.02958679770004134,0.0,116
Naive respondents,197.36029707255653,-11.58849106824809,503.00000000000017,0.4432458547386555,0.22367278685151312,0.5144558971917652,0.0,117
OLS prediction,208.03947650527138,-0.9093116355332427,,,,,,117
EB main,206.5703602472443,-2.378427893560314,363.9375494828472,4.873195801897549e-13,0.2330686064492318,0.2199654688163753,0.0,117
EB pairwise,208.25030603300115,-0.6984821078034713,319.11232854171726,5.3800028025284855e-15,4.3002181975272845e-15,0.061905080875112,0.0,117
EB-offset hybrid: main,207.66661597084195,-1.2821721699626778,357.29948037806133,1.3309225496636952e-09,0.17199654526079033,0.15850205634762884,20.0,117
EB-offset hybrid: pairwise,208.56212376472496,-0.38666437607966486,318.51030468907396,7.628440864000847e-09,6.14679192515228e-09,0.06032519203056738,17.0,117
Naive respondents,199.12047579561806,-10.62385110954034,515.0000000000001,0.43415717951396354,0.23281909586399532,0.47859414182478016,0.0,118
OLS prediction,209.22649594097112,-0.5178309641872829,,,,,,118
EB main,207.86820936158898,-1.8761175435694213,376.33452106992235,4.921847312438021e-14,0.2778781350227908,0.1523463319649908,0.0,118
EB pairwise,210.2675261196599,0.5231992145014885,334.1473020665226,2.262954570696882e-14,2.5425891282038126e-14,0.022591141787464013,0.0,118
EB-offset hybrid: main,208.32732241449952,-1.4170044906588828,373.4247828575401,4.508626966656056e-12,0.3016925996448287,0.14916932004281208,10.0,118
EB-offset hybrid: pairwise,210.92908771006563,1.1847608049072278,327.0723963876143,1.6606014005034664e-14,1.7757919607212502e-14,0.061535419462269994,19.0,118
Naive respondents,199.66036251535542,-9.475863845884248,479.00000000000017,0.4692071199469955,0.18050839264227608,0.48115741979781107,0.0,119
OLS prediction,208.0765399126159,-1.0596864486237507,,,,,,119
EB main,206.93414514407505,-2.2020812171646185,347.50984188218376,1.8757822797838756e-15,0.20869339298904094,0.1739431714364917,0.0,119
EB pairwise,207.8923833735739,-1.2438429876657722,293.53869987308263,9.22371045485164e-15,2.6452155306860493e-14,0.06561118335192791,0.0,119
EB-offset hybrid: main,207.1998851821998,-1.9363411790398573,337.81217281024465,3.5292045444120777e-10,0.17072168893219736,0.1532369368126712,6.0,119
EB-offset hybrid: pairwise,207.92681025045988,-1.2094161107797845,297.5092207505702,1.642111484367881e-09,5.971554316546027e-09,0.06556356775101213,13.0,119
Naive respondents,203.83213261160617,-8.064623811783889,503.00000000000017,0.384532007146546,0.23283449990398558,0.4094640864963642,0.0,120
OLS prediction,211.04644582941836,-0.8503105939716988,,,,,,120
EB main,210.2785622119587,-1.6181942114313586,404.05950424797464,1.3013153052588306e-11,0.3263954457395688,0.1715063413303559,0.0,120
EB pairwise,212.75019011861755,0.8534336952274941,334.3850891020219,1.3153901994872856e-14,3.3121204115687404e-14,0.029913527695587756,0.0,120
EB-offset hybrid: main,210.2991862325601,-1.5975701908299698,402.34307273326914,2.198171402802211e-10,0.32487572559069294,0.16778809491435112,1.0,120
EB-offset hybrid: pairwise,213.18494242358466,1.2881860001945995,328.1093546338116,7.288122385054448e-10,1.246355226101081e-09,0.049301130984178855,12.0,120
Naive respondents,200.14689387331208,-10.28336631133385,500.99999999999994,0.45105771621410473,0.2124173097263808,0.4681693524744988,0.0,121
OLS prediction,208.53110293399013,-1.8991572506558043,,,,,,121
EB main,207.5238198017628,-2.906440382883119,366.17097502407313,6.969808436189815e-09,0.3045401257780205,0.21057177105342545,0.0,121
EB pairwise,210.22631852462038,-0.20394166002554925,297.24934855807555,2.499481479655957e-10,1.3798236013914537e-10,0.030679436031330748,0.0,121
EB-offset hybrid: main,208.2515663743574,-2.178693810288536,359.67993777371544,1.1611123686977176e-10,0.25759873679229267,0.17704994710283553,11.0,121
EB-offset hybrid: pairwise,210.3587894159104,-0.07147076873553715,295.13630335390667,5.2807559975273415e-09,2.683358518468271e-09,0.034415881173693104,10.0,121
Naive respondents,199.39567592862625,-10.17160003368133,513.0000000000001,0.48295849987122297,0.16758054299149422,0.4982465291800345,0.0,122
OLS prediction,210.27727533742498,0.7099993751174054,,,,,,122
EB main,208.7261657483542,-0.8411102139533853,341.88635438775395,5.113071714380206e-13,0.20179884829222283,0.08020882500418042,0.0,122
EB pairwise,209.38755657514142,-0.1797193871661591,311.7471393134348,4.5148737796406406e-11,8.234058243367637e-11,0.015954677473725275,0.0,122
EB-offset hybrid: main,209.3642787769922,-0.20299718531538247,335.5712531769878,5.271905005870414e-10,0.13134895829886406,0.05809867292442673,9.0,122
EB-offset hybrid: pairwise,210.17586491880954,0.6085889565019613,319.2459036106132,3.1466662545530983e-15,2.8169726073458116e-15,0.030872459773665595,12.0,122
Naive respondents,202.41723739391244,-7.811035388408698,485.0000000000001,0.40672514038985264,0.27093293816209957,0.4276657157731979,0.0,123
OLS prediction,208.0217894051927,-2.2064833771284498,,,,,,123
EB main,207.00841637239444,-3.219856409926706,393.1161297678459,5.934860608215376e-15,0.4127533238970333,0.18469422420391915,0.0,123
EB pairwise,209.3044455742037,-0.9238272081174443,351.87579419658135,7.919366299978959e-11,9.846626723064977e-11,0.05413431852047314,0.0,123
EB-offset hybrid: main,207.32887093021841,-2.899401852102727,391.69189279439604,6.243392479344015e-09,0.37415984456635276,0.17833359225668735,4.0,123
EB-offset hybrid: pairwise,209.9098707087782,-0.3184020735429556,353.15681483922526,1.7042427244390787e-13,1.890498868687268e-13,0.04008760798816531,13.0,123
Naive respondents,202.4443894085237,-9.249787484514513,498.0000000000003,0.45014959970523893,0.17496419847458064,0.46368310716543715,0.0,124
OLS prediction,209.32923081362708,-2.3649460794111405,,,,,,124
EB main,208.42719309652801,-3.2669837965102033,377.6547230757391,3.1760665291592326e-15,0.31061271556574716,0.22108235984458827,0.0,124
EB pairwise,210.1128004777099,-1.5813764153283216,336.75195466548223,9.48524458684033e-14,1.5801590048572183e-13,0.11347331241049805,0.0,124
EB-offset hybrid: main,208.8397162746582,-2.854460618380017,375.40823145500286,4.824305510546876e-10,0.29721977910243924,0.21084776587727597,8.0,124
EB-offset hybrid: pairwise,211.17880222874098,-0.5153746642972408,341.6365071552375,2.9667350259976013e-15,2.409969583700591e-15,0.09849868184276807,14.0,124
Naive respondents,201.89413016468944,-9.775038920060325,496.9999999999997,0.3876883956666239,0.2653384112014643,0.4342234248817234,0.0,125
OLS prediction,210.27771131440602,-1.3914577703437487,,,,,,125
EB main,209.07263661364357,-2.596532471106201,378.63630250133485,4.867658253201985e-15,0.12292062636973926,0.14599311839632945,0.0,125
EB pairwise,209.08478844083675,-2.584380643913022,364.82315949920064,1.4734729808692825e-10,3.617055089844072e-10,0.12191295225047685,0.0,125
EB-offset hybrid: main,209.31943719478534,-2.3497318899644313,382.82634030209346,1.564165442220899e-09,0.10570549620959022,0.13786759361404838,2.0,125
EB-offset hybrid: pairwise,209.46144329144647,-2.2077257933032968,369.1963543492642,2.6936775257628445e-11,6.596283041986765e-11,0.10739202917061735,4.0,125
Naive respondents,202.56110769899536,-10.46359689454394,500.99999999999994,0.41663677180961056,0.20472031168413088,0.4687632594838609,0.0,126
OLS prediction,210.60802774124096,-2.4166768522983375,,,,,,126
EB main,210.0629695998962,-2.9617349936430912,385.5549867475309,5.134758106641415e-09,0.2226654509064099,0.22197487502741253,0.0,126
EB pairwise,210.58313280220528,-2.441571791334013,338.6953734523374,2.0440433718521165e-13,4.910859938988453e-13,0.15147435372386392,0.0,126
EB-offset hybrid: main,210.43172480723877,-2.592979786300532,376.782785590526,5.321445078694895e-09,0.18835059989579325,0.19626002826020553,7.0,126
EB-offset hybrid: pairwise,210.80943337643205,-2.2152712171072437,337.9031192942008,2.1888169246817383e-14,3.237919570136802e-14,0.14786829846198565,6.0,126
Naive respondents,200.50078408260043,-11.572811728641511,487.99999999999955,0.4833589984374069,0.24586197293514794,0.5156847049505495,0.0,127
OLS prediction,211.72841016538678,-0.3451856458551674,,,,,,127
EB main,210.79336932746924,-1.280226483772708,302.12988326094194,3.53889036645569e-15,0.21875709869227172,0.19442381137926276,0.0,127
EB pairwise,212.19476205386954,0.12116624262759501,255.22694660435516,1.4816283811141813e-10,2.0869847463474177e-10,0.08533743603050038,0.0,127
EB-offset hybrid: main,210.47506537845177,-1.5985304327901702,300.08142980623177,2.732674739034587e-09,0.2580591063664069,0.2009498219733685,8.0,127
EB-offset hybrid: pairwise,212.956643401785,0.8830475905430433,248.24167918384578,7.225051172379792e-12,9.14393130150424e-12,0.04506191725506816,39.0,127
Naive respondents,198.56419358530408,-9.390127385592052,505.9999999999996,0.39458198024443686,0.2057740366758194,0.4555060607900741,0.0,128
OLS prediction,206.99363396373533,-0.9606870071608,,,,,,128
EB main,205.4949990918283,-2.4593218790678293,395.78066543680825,1.3275849131195011e-11,0.4056726858206544,0.19413228864128754,0.0,128
EB pairwise,208.02318100031098,0.06886002941485003,336.1748858987933,2.337594321232275e-10,1.4491654088901331e-10,0.018003720535246553,0.0,128
EB-offset hybrid: main,206.075688737111,-1.8786322337851402,390.369291846581,1.1542968357146628e-11,0.3268672372265693,0.1492484560054304,7.0,128
EB-offset hybrid: pairwise,208.65262191103335,0.6983009401372158,335.3676559943693,1.9998191834816632e-13,4.407999089208027e-13,0.03192549364066841,17.0,128
Naive respondents,204.66306229930808,-6.588561215174252,481.0,0.4653569761405742,0.20646879829576503,0.46375138361742757,0.0,129
OLS prediction,210.70359037214536,-0.5480331423369762,,,,,,129
EB main,209.53568107668224,-1.715942437800095,375.7668250164512,2.1515552979891477e-15,0.24932280474955526,0.1409190723882512,0.0,129
EB pairwise,210.7124881738568,-0.5391353406255348,352.8716266798006,4.991370465149294e-12,4.658208620847899e-12,0.023184525343540083,0.0,129
EB-offset hybrid: main,210.44497906571686,-0.8066444487654678,374.41382151164214,1.6741433354721483e-11,0.18566508121932424,0.1057455651740988,15.0,129
EB-offset hybrid: pairwise,211.49074136294868,0.23911784846634987,355.7914525149431,3.4889042817812063e-09,2.532681611754036e-09,0.013411895237704021,11.0,129
Naive respondents,200.20127764820867,-10.022132855816608,486.99999999999966,0.4236111295017149,0.17414970397089885,0.4609997030219896,0.0,130
OLS prediction,209.58688932400656,-0.6365211800187183,,,,,,130
EB main,208.64252667119368,-1.5808838328316028,376.6948465111649,1.0322797129562767e-09,0.28577426554171004,0.18386734659309387,0.0,130
EB pairwise,209.60456311205104,-0.6188473919742421,313.48783248765903,4.422873915283352e-15,4.008092369574459e-15,0.05330260793742177,0.0,130
EB-offset hybrid: main,208.86684037704745,-1.3565701269778287,372.50037409119534,2.2435483553201733e-10,0.251051828729576,0.16393585622390472,5.0,130
EB-offset hybrid: pairwise,209.746132605673,-0.47727789835226986,319.86631808983105,1.2169914648276132e-15,1.32752947904409e-15,0.05208172589581014,4.0,130
Naive respondents,200.6305472019904,-10.494677590540164,492.0000000000003,0.4655821589208005,0.2516862688444008,0.4804563841276317,0.0,131
OLS prediction,210.09724900160973,-1.0279757909208342,,,,,,131
EB main,209.41080586691783,-1.7144189256127333,344.083719696714,7.4120697349280045e-09,0.14384211796508045,0.1868394682325331,0.0,131
EB pairwise,210.15216156073697,-0.9730632317935886,321.75814565813357,2.353531666169342e-15,4.136785060863013e-15,0.11907913171965982,0.0,131
EB-offset hybrid: main,209.60716633472214,-1.5180584578084222,337.92381434747995,4.0676290273818004e-09,0.12180465529168402,0.18495135067156437,8.0,131
EB-offset hybrid: pairwise,210.3255561098788,-0.7996686826517703,319.15439299491027,4.53102491053707e-15,2.7578061079776352e-15,0.11633237190671356,8.0,131
Naive respondents,201.1430320820973,-9.797345982007926,490.99999999999994,0.44733426898169765,0.18307336375513414,0.483181827669879,0.0,132
OLS prediction,210.73160714324098,-0.20877092086425364,,,,,,132
EB main,209.96421075566582,-0.9761673084394147,358.5750110426577,6.971461349798607e-10,0.21420350173435573,0.13144888532244015,0.0,132
EB pairwise,210.99017139428352,0.04979333017828935,322.6581659144835,5.580804011489789e-15,7.15585061649986e-15,0.04153512667677034,0.0,132
EB-offset hybrid: main,210.6939375493761,-0.2464405147291302,349.9255500523687,1.5818937185380803e-10,0.17356022909060315,0.11121118087243723,11.0,132
EB-offset hybrid: pairwise,211.41650728300107,0.47612921889583504,309.22285746001756,2.406800918062964e-09,4.346217891716102e-09,0.04441494772236156,31.0,132
Naive respondents,199.0598222896917,-11.24121648577048,505.9999999999996,0.4500749275018377,0.2349788171842613,0.4834513089270063,0.0,133
OLS prediction,208.37901273631712,-1.9220260391450665,,,,,,133
EB main,207.5829205209753,-2.718118254486882,343.8994590222869,3.2975046703658567e-15,0.38604578309016424,0.21893813612680124,0.0,133
EB pairwise,210.10854466354306,-0.19249411191913168,267.255628124095,2.571360508598414e-09,3.941715269750673e-09,0.062079417751128026,0.0,133
EB-offset hybrid: main,208.8447604509085,-1.4562783245536934,333.8971833134313,3.70635827994424e-15,0.2819879334588074,0.15247591396119814,10.0,133
EB-offset hybrid: pairwise,210.871331183081,0.5702924076188083,276.38172081585986,1.8764177198253616e-14,1.779993890727197e-14,0.04316751841505831,33.0,133
Naive respondents,198.9624015662291,-10.253107237964798,524.0,0.44140286566448445,0.16529815729532155,0.4823086239505779,0.0,134
OLS prediction,208.02732095945737,-1.1881878447365182,,,,,,134
EB main,206.61633974678085,-2.599169057413036,381.86267012905864,4.161766632495995e-12,0.3263287250482559,0.17881909209459682,0.0,134
EB pairwise,209.0100913366873,-0.20541746750657808,350.31818365471315,2.729213392539429e-13,5.562511343989387e-13,0.04448123691855323,0.0,134
EB-offset hybrid: main,207.25110608248173,-1.9644027217121618,378.1760859206389,2.5340324772497734e-09,0.2554684849305703,0.148898318722332,8.0,134
EB-offset hybrid: pairwise,209.20441284901727,-0.011095955176614325,343.5059153691148,1.649174751801057e-09,3.001012619516998e-09,0.06077229644738391,12.0,134
Naive respondents,201.99788049675723,-9.515801520021853,486.99999999999966,0.49426341521900674,0.23474341641146965,0.5032715791781232,0.0,135
OLS prediction,210.32561164535926,-1.1880703714198262,,,,,,135
EB main,209.47313539959984,-2.0405466171792455,352.0107805572726,7.705532905712447e-10,0.31527837654267016,0.1895720657568711,0.0,135
EB pairwise,210.7233567877131,-0.790325229065985,304.94903473881647,4.609780412644078e-13,8.363874405336192e-13,0.07714694618437917,0.0,135
EB-offset hybrid: main,209.6594582485317,-1.8542237682473797,337.0032718563075,1.4072244910369783e-11,0.2657100567306836,0.1692413054509234,14.0,135
EB-offset hybrid: pairwise,210.79021330408503,-0.7234687126940571,299.73354175379706,6.682190537125306e-11,7.719452921285946e-11,0.0727435045180317,11.0,135
Naive respondents,200.259579809334,-10.199918248123367,500.0000000000005,0.4471475776761133,0.20365086333057547,0.4553501031955827,0.0,136
OLS prediction,209.84258250198738,-0.6169155554700012,,,,,,136
EB main,208.0576859145995,-2.4018121428578922,337.6485486452795,1.230962359707407e-14,0.21409629454248824,0.14819558665255136,0.0,136
EB pairwise,208.4712278050433,-1.9882702524140825,327.8862796024117,2.7925410636661383e-13,5.17377330242019e-13,0.13032940228505674,0.0,136
EB-offset hybrid: main,208.74888361563364,-1.7106144418237363,350.5473937822583,2.650592397621632e-10,0.18299916192238347,0.12468083729388303,7.0,136
EB-offset hybrid: pairwise,208.7644404322796,-1.6950576251777818,333.0042661293076,1.3023097149927398e-13,1.8481406665708936e-13,0.13119311336716738,8.0,136
Naive respondents,202.04556537289136,-8.28500828223602,501.99999999999955,0.4272077959511799,0.16901906479484885,0.44009387472522243,0.0,137
OLS prediction,211.23462466831538,0.9040510131879955,,,,,,137
EB main,209.99424683519715,-0.3363268199302354,387.4320209257531,2.82950892265222e-11,0.3064521297961242,0.0755026330763597,0.0,137
EB pairwise,209.7424373083189,-0.5881363468084828,371.6259661843455,5.118565256021365e-15,4.964083922909528e-15,0.08042584692698473,0.0,137
EB-offset hybrid: main,210.120265433105,-0.21030822202237687,388.5663755140772,6.433797045426041e-10,0.28444364224527774,0.06860887020719428,2.0,137
EB-offset hybrid: pairwise,210.0273009886627,-0.303272666464693,371.9852971447143,6.838248187245388e-12,2.275989976472729e-11,0.07814727888777856,9.0,137
Naive respondents,201.72839844794163,-10.978862809375642,486.00000000000034,0.4126374397446585,0.1115756234303506,0.468992195418274,0.0,138
OLS prediction,211.86227431218373,-0.8449869451335417,,,,,,138
EB main,209.72845108658802,-2.978810170729247,340.1445653410267,2.197664811588856e-15,0.4151265124087976,0.17226595413439263,0.0,138
EB pairwise,211.91193466987056,-0.7953265874467093,326.8861715611787,3.3964457078001097e-12,8.896888950606713e-12,0.05877115137067598,0.0,138
EB-offset hybrid: main,210.64133456060912,-2.0659266967081464,357.8959372326389,2.8773799644330717e-10,0.2696484354355492,0.15208026845681832,8.0,138
EB-offset hybrid: pairwise,212.2980101757828,-0.4092510815344781,334.5432056169523,2.276336016985627e-15,1.764592938564308e-15,0.05315173063974413,7.0,138
Naive respondents,200.841165648898,-9.265559926352296,512.0,0.43114450325977205,0.1685159750455384,0.4465203160198968,0.0,139
OLS prediction,210.6855523514279,0.5788267761776069,,,,,,139
EB main,209.52023372149617,-0.5864918537541257,387.3403613152351,1.3591233078634111e-09,0.14867750822767478,0.07391253775036934,0.0,139
EB pairwise,210.4289313429013,0.3222057676510133,365.94526446686274,6.509123499234337e-11,6.602057184337088e-11,0.02025546657957994,0.0,139
EB-offset hybrid: main,209.78050654747196,-0.3262190277783361,382.05594551996376,4.9957365297109116e-11,0.13336620776251074,0.06670595114722015,5.0,139
EB-offset hybrid: pairwise,210.60002721501007,0.49330163975977825,367.77416449929046,1.9529763459119775e-15,1.6814974508546232e-15,0.026427479274255622,2.0,139
Naive respondents,202.71678718464833,-10.494581501232233,482.9999999999999,0.4108487480757614,0.14983113898121683,0.47486167840061283,0.0,140
OLS prediction,212.43608819476887,-0.7752804911116868,,,,,,140
EB main,211.10671320131442,-2.1046554845661376,371.35157261404504,8.884120307351322e-09,0.34279525014894163,0.1448051274438334,0.0,140
EB pairwise,210.75232608890715,-2.459042596973404,338.69438547707057,3.60254982582536e-15,6.156278217025823e-15,0.1318487306725279,0.0,140
EB-offset hybrid: main,211.18280987893306,-2.028558806947501,371.6319052371599,2.022799233812227e-09,0.33760255761160557,0.13800085751305757,1.0,140
EB-offset hybrid: pairwise,210.8126706376114,-2.3986980482691536,338.9782084746578,3.481184531279404e-15,2.7042553023117813e-15,0.13187637146953676,1.0,140
Naive respondents,200.19875772570805,-10.243384011023892,503.00000000000017,0.430838581738525,0.20275685817601927,0.4765417313769932,0.0,141
OLS prediction,208.29101095653644,-2.1511307801955013,,,,,,141
EB main,207.4200416781058,-3.022100058626137,399.0907608536696,1.1610537516445486e-11,0.2606888349154298,0.18912708837375236,0.0,141
EB pairwise,207.84209278986634,-2.6000489468655985,363.02099602416735,5.613656535931547e-16,1.066639133222879e-15,0.1161071428520466,0.0,141
EB-offset hybrid: main,208.27040381105257,-2.1717379256793663,386.39705902492074,3.881232621450698e-15,0.17110332519363505,0.1557429922080641,10.0,141
EB-offset hybrid: pairwise,208.50137531912898,-1.9407664176029584,357.7929732060162,1.7917850969249856e-13,3.118679730178014e-13,0.12096185629388996,11.0,141
Naive respondents,200.01642710813138,-10.480763756175577,512.0,0.43473490475967064,0.25820268812657027,0.476556902468988,0.0,142
OLS prediction,208.99445795835229,-1.502732905954673,,,,,,142
EB main,207.8685928379258,-2.6285980263811553,384.32302433962803,2.927519326877948e-14,0.4122566999723978,0.20514322306085522,0.0,142
EB pairwise,210.26359079800156,-0.23360006630539942,308.9787192877265,6.523813722427369e-12,1.1886719162516456e-11,0.036593678363460606,0.0,142
EB-offset hybrid: main,208.56234873759377,-1.9348421267131926,369.64509844444234,5.062270682436867e-09,0.32587029031134795,0.1680878527382835,11.0,142
EB-offset hybrid: pairwise,210.65023437802228,0.15304351371531766,320.5481189106522,1.1642250878632123e-13,1.3136042472310306e-13,0.028712764429489647,7.0,142
Naive respondents,198.2219939017295,-11.015917498981082,503.00000000000017,0.46207047697959525,0.20574098357803572,0.5099820394383552,0.0,143
OLS prediction,208.6399129547522,-0.5979984459583818,,,,,,143
EB main,207.06765131775538,-2.1702600829551955,340.0482676588558,2.2180212080137883e-14,0.42282275384525947,0.2219789811569065,0.0,143
EB pairwise,211.17188282187203,1.9339714211614591,279.2520699077762,8.215304147101198e-11,9.177524935720002e-11,0.07062087197735077,0.0,143
EB-offset hybrid: main,207.49416642249628,-1.7437449782142949,332.2391329514099,7.508335177851886e-09,0.39181360639977525,0.1793062600928452,8.0,143
EB-offset hybrid: pairwise,211.39136751402793,2.153456113317361,276.9568126961573,1.808567486085633e-15,1.3106685400229183e-15,0.08432447025822103,13.0,143
Naive respondents,201.26899985435944,-7.846250164398839,516.0,0.45348927004019246,0.21722849854512583,0.45171947603424734,0.0,144
OLS prediction,207.44519006239605,-1.6700599563622234,,,,,,144
EB main,206.85820635340187,-2.257043665356406,379.84017210191195,2.452409676716857e-10,0.46944581199241286,0.23073402718373295,0.0,144
EB pairwise,209.8811762802442,0.7659262614859301,268.93320330843306,1.6800244796536808e-14,3.785109999190115e-14,0.05452038203371909,0.0,144
EB-offset hybrid: main,207.62247736389153,-1.4927726548667408,369.26972819183214,1.3556382680092904e-09,0.3927552702788329,0.18179101797274208,9.0,144
EB-offset hybrid: pairwise,209.92564000602508,0.8103899872668023,263.3949429056504,7.284500891290476e-15,8.152141717954498e-15,0.04278585779085744,20.0,144
Naive respondents,200.53740242337471,-9.83152986526298,498.0000000000003,0.42066416827833997,0.10931754578921171,0.4435714755431951,0.0,145
OLS prediction,209.2449795866574,-1.1239527019803006,,,,,,145
EB main,208.3418826838933,-2.0270496047444055,373.9094820454295,1.6207368505502224e-15,0.4750241139808768,0.14905639111009,0.0,145
EB pairwise,208.57245747978084,-1.796474808856857,348.4151180200537,1.2279046237093257e-11,4.1868783577861185e-11,0.15297342595122762,0.0,145
EB-offset hybrid: main,208.8139188716446,-1.5550134169930914,371.3324071099953,1.6229695751934501e-09,0.34511081308419833,0.126935983800709,10.0,145
EB-offset hybrid: pairwise,208.5236872194396,-1.8452450691980857,342.97119395715396,6.584814708795928e-14,1.9086797848456007e-13,0.16094254476229877,4.0,145
Naive respondents,202.03043360449342,-9.608869916812296,486.99999999999966,0.45273650784588104,0.18485463948492792,0.459501312265219,0.0,146
OLS prediction,212.90816444930027,1.2688609279945524,,,,,,146
EB main,211.5573823537448,-0.08192116756092105,358.1613395348944,1.7533206080573555e-10,0.10808338616340789,0.07688826188550005,0.0,146
EB pairwise,211.99654803064973,0.35724450934401375,345.29072317931355,1.7294988471103636e-14,2.098880790747337e-14,0.029207748049519037,0.0,146
EB-offset hybrid: main,212.06437389961783,0.4250703783121139,345.74885484285926,2.983950853593682e-10,0.1203333510447651,0.059010981527855555,9.0,146
EB-offset hybrid: pairwise,211.88170537095615,0.24240184965043454,343.3747848069169,4.589021397332242e-15,3.975539374168353e-15,0.04407827758907454,5.0,146
Naive respondents,202.12247028347457,-10.176174992592081,504.0000000000002,0.41621358087839766,0.13196272821954344,0.45672008529598396,0.0,147
OLS prediction,210.9973778457936,-1.3012674302730431,,,,,,147
EB main,210.42307241753448,-1.8755728585321663,392.49976209033457,1.4178009297342423e-11,0.16221602848139915,0.16945398619247787,0.0,147
EB pairwise,210.93408399915535,-1.364561276911303,364.367257993326,3.0688288842876655e-09,5.677347288153397e-09,0.11052811794095992,0.0,147
EB-offset hybrid: main,211.02665105454108,-1.2719942215255742,381.83006373122987,6.782837798460537e-13,0.12539251325719164,0.1284770189213474,10.0,147
EB-offset hybrid: pairwise,210.92637157983535,-1.3722736962313036,365.8912321047374,2.6127802210246086e-15,3.1308010361032213e-15,0.11898894365457986,4.0,147
Naive respondents,197.84587371190304,-11.563954095918064,485.0000000000001,0.4059073482492551,0.19556496481489205,0.4562479929694726,0.0,148
OLS prediction,208.88845169584118,-0.5213761119799187,,,,,,148
EB main,207.63420479580287,-1.7756230120182295,346.94681968549884,3.394249381820312e-13,0.17686379686703024,0.1826988363387068,0.0,148
EB pairwise,208.37872822058804,-1.031099587233058,331.3153588357878,3.997051742662037e-14,3.452702860110225e-14,0.10149716641568957,0.0,148
EB-offset hybrid: main,208.21586374220843,-1.1939640656126755,346.4027886913249,4.0466009519421517e-10,0.14429953088467357,0.15126317179792786,15.0,148
EB-offset hybrid: pairwise,208.88938605902482,-0.5204417487962871,323.2485274934573,4.2732024001410874e-14,7.742355416830733e-14,0.08267957131249022,19.0,148
Naive respondents,201.97650679023673,-10.284243267984237,485.0000000000001,0.4516386201920669,0.2751458068732394,0.48195943083912496,0.0,149
OLS prediction,210.51059112692812,-1.7501589312928445,,,,,,149
EB main,209.7697385278048,-2.4910115304161593,353.751119136075,1.5202665529545959e-15,0.3899382122709683,0.18545295111110158,0.0,149
EB pairwise,212.86818524988348,0.6074351916625176,294.6435294072839,2.2081778883352945e-09,4.7193977615386e-09,0.02644048767714085,0.0,149
EB-offset hybrid: main,210.82107084854795,-1.4396792096730167,337.5509158496062,8.858770600308346e-10,0.3217988664032404,0.1486617074305934,19.0,149
EB-offset hybrid: pairwise,213.5258164601057,1.2650664018847237,284.577776889557,1.5748952757854262e-14,3.109733584161008e-14,0.059150282793669316,16.0,149
Naive respondents,198.56604494249638,-10.632440118764123,517.0000000000002,0.4122298517071923,0.20259914236091114,0.4406409469839492,0.0,150
OLS prediction,208.5240947500263,-0.6743903112341911,,,,,,150
EB main,207.61907814992227,-1.579406911338225,391.321672237807,8.369008101103273e-10,0.3539771059064155,0.14419529399521835,0.0,150
EB pairwise,210.77183953386503,1.5733544726045352,316.54466786576614,6.309526714801165e-13,4.867564658191717e-13,0.05966556860606503,0.0,150
EB-offset hybrid: main,208.02393160736338,-1.1745534538971185,391.3848977530175,9.339701524164478e-10,0.33057079797049027,0.12538591879702224,2.0,150
EB-offset hybrid: pairwise,210.79110783270832,1.5926227714478216,305.49058534064005,8.362064214224862e-13,1.442953252944074e-12,0.07292009602605207,17.0,150
Naive respondents,201.08781249828266,-9.290683989886986,487.99999999999955,0.4654617994163675,0.15713476535233575,0.49325116856197354,0.0,151
OLS prediction,209.19086298738245,-1.1876335007872,,,,,,151
EB main,207.8073931696539,-2.5711033185157532,366.82177181933235,1.408273201260725e-15,0.3153332008961017,0.18992819942400904,0.0,151
EB pairwise,209.29533474095226,-1.083161747217389,325.69869567114773,3.531376812416123e-10,2.70411386072507e-10,0.06756999440213245,0.0,151
EB-offset hybrid: main,208.804557462713,-1.5739390254566388,340.9855851497796,1.573517122367906e-10,0.2051578475443727,0.14057175443633546,14.0,151
EB-offset hybrid: pairwise,209.72570608528716,-0.6527904028824878,319.2743745150706,6.224971523308022e-09,4.899655837864423e-09,0.06058712738948293,11.0,151
Naive respondents,200.9704414183184,-11.460564711642036,486.00000000000034,0.3989962749263631,0.1558434341262877,0.4429697843393882,0.0,152
OLS prediction,211.258939494311,-1.1720666356494291,,,,,,152
EB main,210.06973680424247,-2.361269325717956,374.4722678503351,2.1071666076627662e-14,0.2429510508969617,0.15263914648454896,0.0,152
EB pairwise,211.3985478473363,-1.032458282624134,365.4330391335445,5.243626286284451e-09,7.21092855091127e-09,0.07009915526326946,0.0,152
EB-offset hybrid: main,210.51632754813477,-1.9146785818256546,380.40921547214265,2.550527440127778e-10,0.21131373626067623,0.14292202189607855,7.0,152
EB-offset hybrid: pairwise,211.57896584367998,-0.8520402862804417,367.85930847358975,2.3688520765110038e-14,2.720121993337411e-14,0.06513869298083753,4.0,152
Naive respondents,200.58047113814843,-7.867844538437453,533.0000000000003,0.4343599319201188,0.20608286943652138,0.4340553999502962,0.0,153
OLS prediction,207.9241187114474,-0.5241969651384863,,,,,,153
EB main,206.8569697620091,-1.5913459145767774,421.8560665942414,1.1849910663280076e-10,0.2682588230625868,0.16244060953466036,0.0,153
EB pairwise,208.41271198749718,-0.035603689088702595,390.2988567822432,1.6261698605473497e-14,3.0512679062269005e-14,0.04521601190723924,0.0,153
EB-offset hybrid: main,207.47675085983866,-0.9715648167472182,417.36472797054495,5.906577869221572e-10,0.19739062610629612,0.1256655954765701,6.0,153
EB-offset hybrid: pairwise,208.56721758108793,0.11890190450205296,391.0840081065199,1.734244768927449e-16,3.562904116860622e-16,0.03952547445270633,4.0,153
Naive respondents,201.36871377497218,-9.668521325057583,492.0000000000003,0.3987480935638473,0.11676423601761833,0.4400248095885685,0.0,154
OLS prediction,210.31227134088655,-0.7249637591432077,,,,,,154
EB main,208.84382187088914,-2.193413229140617,381.1080573221796,1.636318677689878e-11,0.1940338409036765,0.15659368244713215,0.0,154
EB pairwise,208.82423617886974,-2.212998921160022,357.60765020152587,1.102511862209934e-09,2.3238574273812593e-09,0.1291288886170213,0.0,154
EB-offset hybrid: main,209.57244788299275,-1.4647872170370135,385.3012021158381,7.343295374850449e-09,0.1942859453794084,0.13608914056640697,7.0,154
EB-offset hybrid: pairwise,209.16386699155424,-1.8733681084755176,358.4671377966664,1.660592291434124e-14,2.6937681599791792e-14,0.13075343434465397,8.0,154
Naive respondents,200.07836852814043,-9.95728251328984,519.0,0.41391261981880895,0.14221055909017372,0.4425794776936705,0.0,155
OLS prediction,210.99591655415594,0.9602655127256696,,,,,,155
EB main,209.77852439814706,-0.25712664328321466,381.18377264025435,2.4694391777059856e-09,0.2067650087015948,0.11684373795297846,0.0,155
EB pairwise,210.83245937475226,0.7968083333219909,354.9601610929334,5.1741590606722736e-14,5.534837743466885e-14,0.0337849854686167,0.0,155
EB-offset hybrid: main,209.9163036352657,-0.11934740616456452,380.43765508563064,2.4611516239538887e-09,0.19400011651052743,0.10552434191129957,4.0,155
EB-offset hybrid: pairwise,210.96565358131753,0.9300025398872549,347.7008675088029,5.691253750337099e-15,5.86456197999799e-15,0.038114531052941915,13.0,155
Naive respondents,201.0331625704695,-8.837854310153915,486.99999999999966,0.44346974577617077,0.1481330991034803,0.46395988199594457,0.0,156
OLS prediction,208.93492476781188,-0.9360921128115365,,,,,,156
EB main,208.02897754959875,-1.8420393310246652,366.71250438764844,3.8680172508700976e-10,0.2577041211694433,0.1728276508599593,0.0,156
EB pairwise,209.37276243565236,-0.4982544449710531,330.00907855740206,2.3787418976794653e-14,6.246023663671561e-14,0.06394235277352213,0.0,156
EB-offset hybrid: main,208.389157923529,-1.4818589570944027,352.0694399280274,2.103181404853321e-10,0.21663368786138837,0.15709402576946097,14.0,156
EB-offset hybrid: pairwise,209.624428904259,-0.24658797636442387,321.09760293190925,3.675514102217814e-15,5.5773601797213344e-15,0.06392452594471511,12.0,156
Naive respondents,201.74892284134367,-6.865463654130053,513.0000000000001,0.39676712930229124,0.15994188798556885,0.41502242809734136,0.0,157
OLS prediction,209.0296827891704,0.4152962936966844,,,,,,157
EB main,208.33100757278132,-0.28337892269240683,416.27002371718424,3.942093530102626e-11,0.1967065947946601,0.12177951912015696,0.0,157
EB pairwise,208.0826460675328,-0.5317404279409175,388.3396187496455,3.3229973284167974e-14,4.9288549761812954e-14,0.0862732793672502,0.0,157
EB-offset hybrid: main,208.54287347856433,-0.07151301690939249,408.03314352397075,7.801475723248832e-10,0.15555259041298278,0.09342730542484216,8.0,157
EB-offset hybrid: pairwise,208.0645737578182,-0.5498127376555146,388.0351347791736,8.693975989199762e-10,1.053482544680269e-09,0.08743734293598271,2.0,157
Naive respondents,199.53714021309554,-10.94015676264803,498.99999999999994,0.4532343336779052,0.2504331656309985,0.48031556494708194,0.0,158
OLS prediction,210.43293035829015,-0.044366617453420076,,,,,,158
EB main,209.0408218400745,-1.4364751356690704,346.7673025553172,1.024443243877989e-14,0.3957752772159266,0.17530569095650467,0.0,158
EB pairwise,211.62463742716778,1.1473404514242134,313.36395933097526,1.1690678254619869e-09,1.1094494007220188e-09,0.042456517979584336,0.0,158
EB-offset hybrid: main,210.00494557363152,-0.4723514021120536,330.4955171054727,2.0980681956776357e-10,0.3302049128616375,0.11576455242075953,17.0,158
EB-offset hybrid: pairwise,212.11380663680012,1.6365096610565502,286.6849160678023,7.07544440991238e-14,1.352883061596097e-13,0.05978114308829655,54.0,158
Naive respondents,198.65864270037636,-11.431039038518009,489.99999999999994,0.44153019331237764,0.23856651687704464,0.4954165057826421,0.0,159
OLS prediction,208.65682839328946,-1.4328533456049115,,,,,,159
EB main,207.41322896782358,-2.6764527710707853,352.55936119969635,5.543421543471428e-15,0.4171940176497515,0.24104538506937234,0.0,159
EB pairwise,210.07946335975464,-0.01021837913972945,280.17945493792826,5.114547753688641e-13,1.8401357417377875e-12,0.055922979831470085,0.0,159
EB-offset hybrid: main,208.1235576412652,-1.9661240976291765,331.388905414675,2.374439028442166e-11,0.3427888709200129,0.18638198128234154,13.0,159
EB-offset hybrid: pairwise,210.1839858811403,0.09430414224593164,278.40184842792985,2.5706002177410793e-14,3.0500233549204216e-14,0.05528168769481038,9.0,159
Naive respondents,198.76943100493577,-10.536594500117445,508.0,0.4510395255103871,0.17248421418246526,0.4650312094445736,0.0,160
OLS prediction,209.5385458531759,0.23252034812267652,,,,,,160
EB main,208.44903601172194,-0.8569894933312696,362.5763604101854,4.1457828803739786e-11,0.242450097904745,0.1607087306733865,0.0,160
EB pairwise,210.28503822651396,0.979012721460748,331.2178610241468,3.0036229992856235e-12,3.094112340229027e-12,0.05584493353913379,0.0,160
EB-offset hybrid: main,208.28639488875078,-1.019630616302436,344.83499866638937,1.5530129062842e-11,0.22648280914153093,0.1524755413742274,11.0,160
EB-offset hybrid: pairwise,210.0108115924115,0.7047860873582863,306.36837966510416,3.0009956053603075e-15,2.26192243071584e-15,0.05574798660490824,16.0,160
Naive respondents,196.80892763561323,-11.088384826854224,490.99999999999994,0.4317534266852494,0.22377028976669086,0.47443218746843097,0.0,161
OLS prediction,207.31405696152802,-0.5832555009394298,,,,,,161
EB main,205.93745201196617,-1.9598604505012815,359.2286865641054,6.023642582171183e-14,0.22364558615214494,0.14016236610917732,0.0,161
EB pairwise,206.87928782063858,-1.0180246418288732,324.1776536620273,2.022649597444466e-12,7.3111428745387e-12,0.060374471273189054,0.0,161
EB-offset hybrid: main,206.4213715064916,-1.475940955975858,353.99782722381883,1.85473263220731e-09,0.21187085184977003,0.1413147875400828,11.0,161
EB-offset hybrid: pairwise,207.90350501340893,0.006192550941477748,324.0256663253653,3.123943641201043e-14,3.455331507783359e-14,0.050195677269941764,31.0,161
Naive respondents,200.22883559633956,-10.179667505824682,511.0,0.41346318212268085,0.16618713939246085,0.44194336618830665,0.0,162
OLS prediction,209.08931507551833,-1.319188026645918,,,,,,162
EB main,208.44433747978968,-1.9641656223745656,390.0589026068881,4.802213189005641e-13,0.1352228452934434,0.18007570311249252,0.0,162
EB pairwise,208.41096146271346,-1.9975416394507874,377.1276245745866,2.565589134530149e-14,3.7989626903903244e-14,0.1675517736817904,0.0,162
EB-offset hybrid: main,208.84759705771484,-1.5609060444494105,386.74292273018887,2.5778565083622757e-11,0.12875915004788208,0.16449414270159962,7.0,162
EB-offset hybrid: pairwise,208.68725112703225,-1.7212519751319917,377.7296313322885,8.560103685822191e-14,1.8248235517676723e-13,0.15058950318907102,4.0,162
Naive respondents,198.61989114913746,-11.280117759056054,510.0,0.3941785166771831,0.1507074771387152,0.4371163966497283,0.0,163
OLS prediction,208.87248994559084,-1.0275189626026702,,,,,,163
EB main,207.87092455627825,-2.029084351915259,371.2236995408644,1.4434368939229147e-09,0.21954021712960176,0.15768843231704774,0.0,163
EB pairwise,207.7131796113682,-2.186829296825323,364.5571345960905,7.280894414368143e-13,1.921631668379744e-12,0.17621266704053834,0.0,163
EB-offset hybrid: main,208.03435146227747,-1.8656574459160424,376.25975991074233,4.0445114918964505e-09,0.1807302044417477,0.15439116563975194,5.0,163
EB-offset hybrid: pairwise,208.15392167618458,-1.7460872320089322,361.404166569606,1.1909379074164882e-13,3.3067576446616544e-13,0.14610303324699045,8.0,163
Naive respondents,198.9017971846117,-9.467814277394837,493.99999999999955,0.460295339581333,0.1841738185388334,0.4977859007295918,0.0,164
OLS prediction,206.98307184166654,-1.3865396203399882,,,,,,164
EB main,205.87229866955946,-2.497312792447076,345.90780449750235,1.226566835332515e-15,0.32956826536408423,0.2578596774629314,0.0,164
EB pairwise,207.99462538945235,-0.3749860725541794,277.9384630061545,9.657134261793238e-13,1.990208098049541e-12,0.09609624275663098,0.0,164
EB-offset hybrid: main,206.46657108795006,-1.9030403740564736,319.9515511502069,1.0955401935442755e-09,0.27200936129627257,0.20847827473692532,18.0,164
EB-offset hybrid: pairwise,208.43739408046568,0.06778261845914813,279.42560537147807,1.171551479028638e-09,2.3715218977258273e-09,0.07905872363034083,35.0,164
Naive respondents,200.36206824529225,-9.6203053441819,512.0,0.44923873072285053,0.18864780862862968,0.4685798688451989,0.0,165
OLS prediction,210.1040077336285,0.12163414415434204,,,,,,165
EB main,209.02673836871213,-0.9556352207620193,347.2637930868779,5.181182178997355e-09,0.3460297566124207,0.1837128552955945,0.0,165
EB pairwise,212.11642578779976,2.1340521983256053,286.3245860019698,1.9370450582060575e-12,3.2306616499689557e-12,0.07848501175686604,0.0,165
EB-offset hybrid: main,208.90240259841016,-1.0799709910639876,312.9699498927487,1.6994319817672014e-09,0.37792688833878674,0.15404862280759038,13.0,165
EB-offset hybrid: pairwise,212.28939823546776,2.3070246459936072,247.45084187209073,5.958497624265347e-14,7.997700394651401e-14,0.09541030093243248,65.0,165
Naive respondents,201.15942879131435,-8.464288616001738,498.0000000000003,0.4409593794404132,0.1426289535179794,0.43298403562874793,0.0,166
OLS prediction,209.84021221682664,0.2164948095105501,,,,,,166
EB main,208.8511402487975,-0.772577158518601,373.5435005484143,9.505499430178373e-10,0.17775525231622405,0.14456857904160772,0.0,166
EB pairwise,208.9544155771843,-0.6693018301317863,339.5117026823682,3.5136877709350298e-12,2.55276800858078e-12,0.08025832617969425,0.0,166
EB-offset hybrid: main,209.06950523758414,-0.5542121697319544,352.6044308196709,6.83378424934706e-12,0.11795257182732741,0.10714258611946557,14.0,166
EB-offset hybrid: pairwise,208.9544155771843,-0.6693018301317863,339.5117026823682,3.5136877709350298e-12,2.55276800858078e-12,0.08025832617969425,0.0,166
Naive respondents,199.8640065277388,-10.038373620240776,514.0,0.4052863871348111,0.20691615965890983,0.45297138418414945,0.0,167
OLS prediction,208.97269189423474,-0.9296882537448425,,,,,,167
EB main,208.3437851831419,-1.5585949648376811,399.1079890364288,6.763096569151216e-09,0.14512620681169827,0.1381968044165575,0.0,167
EB pairwise,208.689064499462,-1.213315648517579,370.3319601477948,6.560341426906678e-14,8.899610382195491e-14,0.0777184823044091,0.0,167
EB-offset hybrid: main,208.8323185840127,-1.070061563966874,383.781432134764,1.7751601549906657e-11,0.09786827833002568,0.10684123701838043,7.0,167
EB-offset hybrid: pairwise,208.76061474635287,-1.1417654016267136,365.8829240797796,8.596694519390367e-10,3.5393784689352525e-09,0.07947857690526364,3.0,167
Naive respondents,197.60978009380932,-10.81364304426279,482.0000000000001,0.396012815511619,0.19673716658935245,0.45669724240303267,0.0,168
OLS prediction,206.91944760457406,-1.5039755334980498,,,,,,168
EB main,204.584269436827,-3.839153701245124,344.0245664592245,7.079537156722951e-09,0.3454079639766243,0.17624361606988853,0.0,168
EB pairwise,207.19079320203724,-1.2326299360348685,334.6444035998198,7.6005244703524e-15,1.0351773725423711e-14,0.04309029052759542,0.0,168
EB-offset hybrid: main,205.5337801241777,-2.889643013894414,360.68815607944373,5.037494057425983e-12,0.26034718229080933,0.13939182483929696,4.0,168
EB-offset hybrid: pairwise,207.28537133821806,-1.138051799854054,337.21174000945246,8.205799131856726e-15,7.650330086649028e-15,0.04062578847278769,3.0,168
Naive respondents,199.86674308536712,-11.167682433448647,503.00000000000017,0.44316608087687676,0.2203282551712771,0.4780243663583351,0.0,169
OLS prediction,210.6233149705398,-0.41111054827595694,,,,,,169
EB main,209.18467701064415,-1.849748508171615,353.4184821581964,3.9017927491990194e-12,0.1728106199256428,0.1359314648780519,0.0,169
EB pairwise,209.73580201984012,-1.298623498975644,324.5714861215459,1.8128357849505436e-14,1.8235059041481382e-14,0.06438622721219125,0.0,169
EB-offset hybrid: main,209.70625833079674,-1.3281671880190231,361.8192772457063,3.149771684891954e-11,0.1747317386952019,0.1287726056083357,12.0,169
EB-offset hybrid: pairwise,210.46212072027305,-0.5723047985427172,330.28283144973494,6.968773813455688e-15,5.441137405867236e-15,0.04178218664728595,12.0,169
Naive respondents,203.00411955613052,-8.796024655995467,465.0000000000003,0.45769574487219256,0.2428948200769067,0.4580965716559808,0.0,170
OLS prediction,210.18992813545333,-1.610216076672657,,,,,,170
EB main,209.1123195453535,-2.687824666772485,359.1442840414464,6.37909571401043e-15,0.4781015328186037,0.17093230356295774,0.0,170
EB pairwise,212.8441920396542,1.0440478275282032,273.79998102903767,3.1062569080423447e-12,7.432644117593977e-12,0.05344251694682367,0.0,170
EB-offset hybrid: main,210.12342617783054,-1.6767180342954475,348.9837736399885,1.4123369517375048e-09,0.4067427318235627,0.12749023079947608,12.0,170
EB-offset hybrid: pairwise,213.6228478290534,1.822703616927413,267.1769839105752,2.4088537579220747e-15,7.469793413783684e-15,0.10506233139436744,46.0,170
Naive respondents,199.30292275064494,-10.03099989136166,500.0000000000005,0.46979368697129376,0.13866447026530634,0.49028766494264564,0.0,171
OLS prediction,209.93849680922625,0.6045741672196527,,,,,,171
EB main,208.84388321970357,-0.49003942230302755,348.90892198822286,4.5748184051598465e-10,0.21309001100482042,0.1610345010822987,0.0,171
EB pairwise,209.60362168619028,0.26969904418368174,320.5242858317545,1.2718886991902294e-12,2.4031546865941716e-12,0.06716126579313098,0.0,171
EB-offset hybrid: main,208.80691249545288,-0.5270101465537209,342.10942031505033,7.553290153431278e-12,0.18495621245236352,0.1505281502414234,6.0,171
EB-offset hybrid: pairwise,209.6532721148787,0.3193494728720907,318.5437114934687,1.0583025245012017e-14,1.3189128940654678e-14,0.06724420889389082,3.0,171
Naive respondents,198.4720672102365,-10.798684335369956,506.9999999999999,0.4204500991643608,0.13958632642858532,0.45799903283825716,0.0,172
OLS prediction,209.30514179301127,0.034390247404815,,,,,,172
EB main,207.60963768309057,-1.66111386251589,355.0647262530591,7.508001845999098e-09,0.35781475562933457,0.07572767690225607,0.0,172
EB pairwise,207.36847962731034,-1.9022719182961225,330.4264648082132,1.0217649608142653e-11,2.4732330047679297e-11,0.18366831579224388,0.0,172
EB-offset hybrid: main,207.74497090407613,-1.525780641530332,361.34919623913123,4.599050246199238e-12,0.3088587222616796,0.07917593303039475,1.0,172
EB-offset hybrid: pairwise,208.34714304181435,-0.92360850379211,316.3165797701201,5.358327295628738e-09,7.790284441004435e-09,0.13085620582391455,18.0,172
Naive respondents,199.20575712662716,-10.00137097538888,493.99999999999955,0.44132761334587367,0.16895021236987365,0.47988637561268127,0.0,173
OLS prediction,208.4491264361669,-0.7580016658491502,,,,,,173
EB main,207.26014227022927,-1.946985831786776,379.5948781501058,1.0008787989375188e-14,0.1523780603442593,0.14588745946345605,0.0,173
EB pairwise,208.0874353416801,-1.119692760335937,359.6757219684278,2.953784644268594e-09,6.8497727562251144e-09,0.07094500418027566,0.0,173
EB-offset hybrid: main,207.67331665666438,-1.5338114453516596,383.1031112191733,6.461879590008459e-11,0.14239531037975728,0.13655362876879854,4.0,173
EB-offset hybrid: pairwise,208.11484913068676,-1.0922789713292786,359.32386886873167,4.368237429054543e-16,1.3204083363914082e-15,0.06935291263315993,1.0,173
Naive respondents,200.78646146469623,-10.02978928580356,496.9999999999997,0.4553427373816325,0.17723429272026217,0.4674531929319173,0.0,174
OLS prediction,208.37543650748486,-2.440814243014927,,,,,,174
EB main,207.00559193188664,-3.810658818613149,345.016551100767,6.755552116544397e-15,0.5324253902217388,0.27552712417830705,0.0,174
EB pairwise,211.9829508682423,1.166700117742522,228.40437627920377,2.833474689999769e-14,5.0239589601846844e-14,0.04086714768377835,0.0,174
EB-offset hybrid: main,207.3609380008122,-3.455312749687579,345.14049045300885,4.7204114778319135e-12,0.5005114493871045,0.26027571981758924,4.0,174
EB-offset hybrid: pairwise,212.04085859946542,1.2246078489656327,219.15371934431658,3.958319702384484e-14,7.097588856443952e-14,0.04621921266309491,33.0,174
Naive respondents,199.24969370457234,-9.735859270497542,506.9999999999999,0.41104481465868636,0.1793254167863406,0.45370845557834016,0.0,175
OLS prediction,208.62515632967592,-0.360396645393962,,,,,,175
EB main,207.84677022832952,-1.138782746740361,385.8895081265974,1.3693623266284073e-10,0.12460045746338988,0.11081410287300503,0.0,175
EB pairwise,208.35000400446896,-0.6355489706009223,358.4720542483156,6.790984869559151e-13,1.2289384676940314e-12,0.05626918706568986,0.0,175
EB-offset hybrid: main,208.57009871105504,-0.41545426401484065,377.9111259656207,2.2993075851514827e-10,0.0928812522957091,0.08672593465029324,10.0,175
EB-offset hybrid: pairwise,208.91813986338067,-0.06741311168920561,360.34017561519624,6.173897286520409e-14,1.1183625265716657e-13,0.04874545578127011,9.0,175
Naive respondents,200.84662987710615,-9.195885140905574,519.9999999999998,0.39545581298142046,0.19234852083624393,0.4210541200530548,0.0,176
OLS prediction,209.05075802111946,-0.9917569968922635,,,,,,176
EB main,208.22329993740337,-1.819215080608359,419.6557144139774,4.619488625613564e-12,0.1976751718416312,0.12651792455179087,0.0,176
EB pairwise,207.716437306578,-2.326077711433726,401.081831732884,1.758623882847355e-10,5.44782132842774e-10,0.12681588080656814,0.0,176
EB-offset hybrid: main,208.63983930644645,-1.40267571156528,414.81818717303304,6.14595962007018e-09,0.15957971718295902,0.11279337426899265,7.0,176
EB-offset hybrid: pairwise,207.95908899907658,-2.0834260189351426,400.37037552936965,2.3773619962904972e-15,5.2196529342240825e-15,0.11654924817342696,4.0,176
Naive respondents,198.69533646257923,-10.793038873583328,482.0000000000001,0.41317087561082955,0.14581444670762347,0.45123699114751975,0.0,177
OLS prediction,209.69078510880593,0.2024097726433638,,,,,,177
EB main,207.86316090229786,-1.6252144338646985,346.9699688328173,9.31142235846431e-12,0.18479903055273142,0.10488028790383133,0.0,177
EB pairwise,209.1789268314019,-0.30944850476066676,325.17138241953467,1.5137998510679122e-11,2.0238248375456782e-11,0.018208583594367132,0.0,177
EB-offset hybrid: main,209.0364709246499,-0.4519044115126576,354.2436931343521,5.780225894167813e-10,0.12942491309026063,0.07011854636643187,12.0,177
EB-offset hybrid: pairwise,209.19135732908285,-0.29701800707971415,327.67130293278956,1.6040560350502443e-15,1.3646850290179938e-15,0.027960828814459885,9.0,177
Naive respondents,200.67765035729894,-9.548101347621952,494.9999999999998,0.47307113517382704,0.12021356602146839,0.497138052998204,0.0,178
OLS prediction,209.52621679705874,-0.6995349078621587,,,,,,178
EB main,207.98592348762173,-2.239828217299163,361.8265855145022,5.555709573415275e-09,0.2394534286336965,0.16713162684728172,0.0,178
EB pairwise,207.53721688539594,-2.6885348195249605,328.57538674069775,2.2208932192971662e-15,3.871595814184207e-15,0.10251710936198016,0.0,178
EB-offset hybrid: main,209.15375319445064,-1.0719985104702516,360.1077397131074,1.2620285554986589e-15,0.16265663090050342,0.1208098396654986,19.0,178
EB-offset hybrid: pairwise,208.765378558952,-1.4603731459689016,331.41280092302634,1.5317761877946322e-15,4.823903524600676e-15,0.07342014454014753,14.0,178
Naive respondents,200.8953055914093,-10.297682189370477,494.9999999999998,0.43430999504613654,0.2246609467128925,0.4617007811446673,0.0,179
OLS prediction,210.69145765975927,-0.5015301210205223,,,,,,179
EB main,209.77580615881303,-1.417181621966762,367.6176968612392,9.393906312583402e-09,0.1541370487033737,0.16877323102994143,0.0,179
EB pairwise,210.22089541272325,-0.9720923680565363,347.1432470790444,2.7351069956169205e-15,1.8741235284019788e-15,0.11465610473575592,0.0,179
EB-offset hybrid: main,210.53265355471333,-0.6603342260664533,343.6627769647635,1.502768371379438e-09,0.09075325332454935,0.11906736094266612,29.0,179
EB-offset hybrid: pairwise,210.43475524803353,-0.7582325327462627,340.6072092360004,3.2660028681387417e-09,6.414985323235856e-09,0.12265943282885557,23.0,179
Naive respondents,197.1487541614505,-11.697908641467649,484.0,0.4464142113194865,0.20054157482859633,0.4994383131394384,0.0,180
OLS prediction,208.83404341728104,-0.01261938563712306,,,,,,180
EB main,207.59928280619673,-1.2473799967214347,306.5917332883667,2.5947413132183427e-13,0.21210625451210843,0.200146467880944,0.0,180
EB pairwise,207.99000426791974,-0.8566585349984166,252.72653058716546,1.5915063166827866e-12,2.0064323153966073e-12,0.12586429976109795,0.0,180
EB-offset hybrid: main,207.79418691195897,-1.0524758909591867,306.4919052315425,3.768537781451319e-09,0.23019149332753816,0.20036116016973482,10.0,180
EB-offset hybrid: pairwise,208.46710444923167,-0.37955835368649105,265.56761929482593,7.530356372476414e-14,1.36700958255775e-13,0.12521787272617999,15.0,180
Naive respondents,197.30327425761266,-11.140420510137602,509.00000000000017,0.4043099979570137,0.14964735793605333,0.4567979351285333,0.0,181
OLS prediction,207.1431816760418,-1.300513091708467,,,,,,181
EB main,206.58791619099836,-1.8557785767519022,383.505136720089,8.506989179902321e-09,0.1890444115362461,0.16662655337749785,0.0,181
EB pairwise,207.3598212540755,-1.083873513674746,348.8899334716388,8.350229898489761e-09,5.225143992738077e-09,0.08601770652958912,0.0,181
EB-offset hybrid: main,206.78396688155314,-1.6597278861971176,372.2801217877317,3.428639640998783e-10,0.1461204606259072,0.15928343864900715,10.0,181
EB-offset hybrid: pairwise,207.53584193042684,-0.9078528373234178,350.56618830826227,2.5743868113653677e-14,3.163651117094859e-14,0.08077070646916984,3.0,181
Naive respondents,199.021770984941,-11.913741970024091,495.9999999999997,0.47695124107059633,0.17971750171169154,0.5110050858297437,0.0,182
OLS prediction,209.9838206811923,-0.9516922737728066,,,,,,182
EB main,208.12001380229756,-2.8154991526675417,313.6700679422555,5.8464423271326816e-09,0.2708577435055625,0.1871043689590212,0.0,182
EB pairwise,209.43817633017758,-1.497336624787522,284.5656994055462,6.076818163522535e-11,1.013405979307112e-10,0.07849356567875719,0.0,182
EB-offset hybrid: main,209.62772776032054,-1.3077851946445662,309.6834823749094,3.371256388899701e-09,0.10456318074883368,0.1343183324244112,12.0,182
EB-offset hybrid: pairwise,209.78830927448234,-1.147203680482761,288.19514401661525,1.5651451067345027e-13,3.4310303400347454e-13,0.08270018807747886,9.0,182
Naive respondents,200.15490213337634,-10.406034883673897,493.0,0.41364251675051095,0.12048277178579567,0.4576275603943908,0.0,183
OLS prediction,209.9154253570662,-0.645511659984038,,,,,,183
EB main,208.71800352304427,-1.8429334940059618,358.86060235388646,6.597000400419107e-13,0.3621200819427395,0.2041327531540534,0.0,183
EB pairwise,210.3259220426133,-0.23501497443692188,332.21118375041044,2.1187130881209754e-15,5.366862695339608e-15,0.11324337568556743,0.0,183
EB-offset hybrid: main,208.85329462230723,-1.7076423947430044,339.3186032964013,3.951798157258773e-11,0.29386275387354704,0.16834305833782806,7.0,183
EB-offset hybrid: pairwise,210.46957891193722,-0.09135810511301656,304.1330119402218,6.194185105340695e-12,1.4929595105924125e-11,0.09077879135301577,44.0,183
Naive respondents,200.39733013695758,-10.402075096817981,477.9999999999997,0.41829010134041744,0.16916368528158696,0.4584153267850468,0.0,184
OLS prediction,208.8823043987283,-1.9171008350472505,,,,,,184
EB main,208.3973206113274,-2.4020846224481716,357.82067343814435,3.999292561666567e-10,0.2890288601943819,0.22501772019736832,0.0,184
EB pairwise,209.92726455682694,-0.872140676948618,303.65326236848176,2.534480028330756e-13,3.9842375868396747e-13,0.10067953893840138,0.0,184
EB-offset hybrid: main,208.5308212925437,-2.268583941231867,351.0911275329008,8.417008454535066e-10,0.320204492406197,0.22768409114109828,14.0,184
EB-offset hybrid: pairwise,210.70917805276483,-0.09022718101073224,304.72454703497107,1.7407902180797577e-13,1.7303105982295402e-13,0.06964806851622107,17.0,184
Naive respondents,199.95843391409036,-11.536769973275995,511.0,0.40757641841377545,0.21109470608996805,0.4681069022816716,0.0,185
OLS prediction,209.16792338808827,-2.327280499278089,,,,,,185
EB main,207.50892330833614,-3.986280579030222,374.06785497828395,1.0959705290824045e-14,0.17091883329118218,0.18803793017923298,0.0,185
EB pairwise,207.46460668965298,-4.0305971977133765,364.9871349540982,7.438523488133164e-15,4.369782460434524e-14,0.19073522114213232,0.0,185
EB-offset hybrid: main,208.57318224264202,-2.922021644724339,389.1881532513715,8.593328732971159e-11,0.12850262488723205,0.1502467443309691,6.0,185
EB-offset hybrid: pairwise,208.02958818518547,-3.4656157021808838,375.15938140367393,2.8720625360919113e-10,5.758764903772456e-10,0.17443214169941929,3.0,185
Naive respondents,198.68101562045297,-10.471761302129266,484.0,0.4287186480625533,0.250581905760517,0.46242501572545863,0.0,186
OLS prediction,208.40708712689033,-0.7456897956919022,,,,,,186
EB main,207.1343894770051,-2.018387445577133,341.06021425388013,1.4520147962119688e-13,0.25721855204432875,0.14477881774791942,0.0,186
EB pairwise,209.3316643423722,0.1788874197899588,307.7032363548448,2.0316124517165591e-10,6.222800460356973e-10,0.011156839664363326,0.0,186
EB-offset hybrid: main,207.3415527852318,-1.8112241373504219,342.9168843541614,1.465524693206436e-09,0.27185974945656083,0.1455955509958819,6.0,186
EB-offset hybrid: pairwise,209.77771037583184,0.6249334532496107,299.0903897121922,1.1558741943638592e-13,1.2365591312446036e-13,0.023309580177560983,34.0,186
Naive respondents,198.37410027593347,-10.871859307452496,492.0000000000003,0.45819168286842826,0.13632639821392692,0.492630087765589,0.0,187
OLS prediction,207.88522523211077,-1.3607343512751982,,,,,,187
EB main,206.1653317987978,-3.0806277845881596,350.3295931036896,1.481885859191425e-11,0.3245742787536468,0.17111559451436156,0.0,187
EB pairwise,208.0742430273307,-1.1717165560552587,314.3026124598848,6.69361395645125e-13,1.2198266734267063e-12,0.05576624488508222,0.0,187
EB-offset hybrid: main,207.25560910291264,-1.9903504804733245,356.17128906379406,2.2340019233502997e-09,0.227051776951905,0.1463735597489812,10.0,187
EB-offset hybrid: pairwise,208.68605723678755,-0.5599023465984203,322.42440831031814,6.804033958955582e-13,1.160516897034813e-12,0.05386949780567343,12.0,187
Naive respondents,195.62393134589323,-12.290134603098068,498.99999999999994,0.4557158376277536,0.2606156983641645,0.5101786690597508,0.0,188
OLS prediction,205.6492739634668,-2.2647919855244822,,,,,,188
EB main,204.28127869966582,-3.6327872493254745,327.8714006234064,1.972778095334076e-14,0.5909834754726674,0.3255398211939811,0.0,188
EB pairwise,209.20729298397,1.2932270349787132,226.9155271441604,3.9657988797585297e-10,8.044805480560659e-10,0.09309078121417141,0.0,188
EB-offset hybrid: main,205.94103731468053,-1.973028634310765,299.88591256458693,7.1728414494141566e-12,0.45775191589416464,0.24267796628998636,16.0,188
EB-offset hybrid: pairwise,209.19742767297075,1.2833617239794535,203.0883202454032,2.275622713861416e-15,2.2717730194786167e-15,0.06000339418074408,100.0,188
Naive respondents,199.54335177974698,-11.279173048383996,493.0,0.44993568118819827,0.23635640907329714,0.49832824686041444,0.0,189
OLS prediction,208.56604594270362,-2.256478885427356,,,,,,189
EB main,207.74315607415951,-3.0793687539714654,365.79608339623667,7.448434974266332e-15,0.3663531038458591,0.25948542033778904,0.0,189
EB pairwise,210.03115130054024,-0.7913735275907356,323.71532923752363,7.802629441821163e-14,2.2423621122071255e-13,0.10919441265365452,0.0,189
EB-offset hybrid: main,208.30563567115195,-2.5168891569790333,360.2956578285646,1.1213600041384633e-09,0.29683705571810187,0.22240295800030366,8.0,189
EB-offset hybrid: pairwise,209.91317241976793,-0.9093524083630484,315.7133492890418,1.8633281986012096e-14,2.7783927387730678e-14,0.1162976210618935,12.0,189
Naive respondents,200.1427039613348,-8.658336709135057,486.00000000000034,0.39267413667021017,0.17831450201362875,0.4053085798491625,0.0,190
OLS prediction,206.71142055385354,-2.0896201166163166,,,,,,190
EB main,205.90035327437676,-2.9006873960931046,394.7692634949434,9.806893268171617e-15,0.339929835367763,0.18816245554411834,0.0,190
EB pairwise,208.14519987910762,-0.6558407913622375,353.810644855106,6.857028344145837e-11,9.352965109276629e-11,0.07094947479916291,0.0,190
EB-offset hybrid: main,205.95430853776892,-2.846732132700936,396.23331576947237,5.130940939529082e-09,0.33857341639891153,0.18826777384634888,1.0,190
EB-offset hybrid: pairwise,208.24834124557418,-0.5526994248956782,348.3116532467134,3.692500893684221e-09,7.425907945666226e-09,0.06365695028924415,8.0,190
Naive respondents,199.15780352174949,-11.651304528900454,505.00000000000034,0.4295612605831884,0.23070818458001244,0.4721498458294257,0.0,191
OLS prediction,211.03144190129981,0.22233385064987488,,,,,,191
EB main,209.9886181073663,-0.8204899432836328,335.1352848229112,2.620162620891363e-10,0.3280738251358055,0.18896741380898982,0.0,191
EB pairwise,212.37434809358334,1.5652400429333966,259.5244372969089,6.655480607526187e-14,8.929442982443161e-14,0.05681854023799399,0.0,191
EB-offset hybrid: main,210.24929563388469,-0.5598124167652543,319.02018156681027,5.061275717159045e-09,0.29054754998251303,0.16171689264975134,10.0,191
EB-offset hybrid: pairwise,211.88249781683737,1.0733897661874323,248.9030848320715,1.421203872393859e-13,3.0169588592219425e-13,0.053109384925613186,37.0,191
Naive respondents,202.23291365583668,-8.703538901195657,513.0000000000001,0.4020035976678144,0.2441641656137098,0.4098886362323148,0.0,192
OLS prediction,209.60795000837686,-1.3285025486554787,,,,,,192
EB main,209.08481822737016,-1.8516343296621756,398.84598971953295,6.69789041192373e-11,0.3037363748943634,0.19655503892360954,0.0,192
EB pairwise,210.9414010724684,0.004948515436069556,350.45951773345325,9.104561845173955e-15,6.8691152981265326e-15,0.06247133362088115,0.0,192
EB-offset hybrid: main,209.09264342806821,-1.843809128964125,392.8341157334719,3.1607547592867617e-12,0.2853383929322852,0.1841727299557781,5.0,192
EB-offset hybrid: pairwise,211.03915309321056,0.10270053617821873,350.5103667717514,6.447677415902321e-15,6.946921247176899e-15,0.055459355068092846,4.0,192
Naive respondents,198.93595486755055,-10.535543276070058,493.0,0.4498320255297662,0.24243800068186946,0.47306550189478314,0.0,193
OLS prediction,209.1194976390904,-0.3520005045301957,,,,,,193
EB main,208.318662136568,-1.1528360070525991,358.74005549020296,3.239949565198809e-14,0.19016390209789494,0.13806526636017583,0.0,193
EB pairwise,208.5813801285479,-0.8901180150727157,334.9923100295112,2.5135035778780762e-15,4.913285079902884e-15,0.08844515812886258,0.0,193
EB-offset hybrid: main,208.6667081817923,-0.8047899618283054,355.4734231050646,9.68131809249818e-10,0.17776816832928835,0.12403936868164801,4.0,193
EB-offset hybrid: pairwise,208.66830023397802,-0.8031979096425914,335.18115793810847,3.101162688581308e-13,7.344513039687792e-13,0.09640023277783989,7.0,193
Naive respondents,199.62668276830723,-9.107791691457265,519.9999999999998,0.4310819907125023,0.16174933783349094,0.4526029667185806,0.0,194
OLS prediction,209.7755469246538,1.0410724648893108,,,,,,194
EB main,208.4560977036594,-0.2783767561051036,389.10785746989956,1.8267858664133232e-09,0.12339505326306649,0.1070432874717153,0.0,194
EB pairwise,208.9648964866725,0.23042202690800195,361.6291421401013,5.5018690452970304e-14,8.730335866181952e-14,0.02425876849005971,0.0,194
EB-offset hybrid: main,208.5296495208529,-0.20482493891159947,385.6149242602838,7.582666043926671e-12,0.09797472933857028,0.09066488836222754,5.0,194
EB-offset hybrid: pairwise,208.9940474767747,0.2595730170102115,362.72528775567093,1.4856559490916694e-09,5.496543484680925e-10,0.025467113702400207,1.0,194
Naive respondents,198.48063725311056,-10.220591296209449,506.9999999999999,0.40262732776305615,0.183617536769457,0.44015977186432814,0.0,195
OLS prediction,207.7515220042648,-0.9497065450551929,,,,,,195
EB main,206.91603163440672,-1.7851969149132856,390.55149374498825,7.69219976874549e-13,0.24492732783830923,0.13725349833232472,0.0,195
EB pairwise,208.22829853987292,-0.47293000944708297,355.46802128564553,2.774291862383336e-15,5.138247147356935e-15,0.02802941213050202,0.0,195
EB-offset hybrid: main,207.2654198638988,-1.4358086854211933,392.2680410283394,3.3180260853584828e-15,0.2211148288793402,0.13077115765011663,4.0,195
EB-offset hybrid: pairwise,208.54986166604252,-0.1513668832774897,358.30174793495576,6.539616122950108e-16,1.2913822254001228e-15,0.026125992435345687,5.0,195
Naive respondents,202.50018160548797,-9.258919188805265,472.00000000000017,0.4744410601279172,0.15237597350212573,0.4966402457459674,0.0,196
OLS prediction,212.4069084590186,0.6478076647253772,,,,,,196
EB main,211.29655083001614,-0.4625499642770876,318.29083453054983,4.206329492332052e-09,0.25573798241914825,0.17142360404395113,0.0,196
EB pairwise,211.97462883194237,0.2155280376491362,270.39737236231156,3.299661968015635e-14,2.26519635027139e-14,0.07039298264414168,0.0,196
EB-offset hybrid: main,211.74393399023845,-0.015166804054786098,303.7466397636877,4.135429568766715e-09,0.20364094860075463,0.12678166110335568,8.0,196
EB-offset hybrid: pairwise,212.07979034887202,0.32068955457879156,260.5233942091715,6.284650537841925e-14,1.0623739741089198e-13,0.055639027436928716,9.0,196
Naive respondents,197.1096697346244,-11.722464025302969,505.9999999999996,0.45840506127151387,0.11643435739596424,0.5008498157310888,0.0,197
OLS prediction,209.28036165014007,0.44822789021270637,,,,,,197
EB main,207.77338495472708,-1.0587488052002811,351.41349974311663,3.708312623340365e-12,0.1796089951000656,0.11591748456933093,0.0,197
EB pairwise,207.4913729444949,-1.3407608154324464,325.6101432728763,1.7617695403623544e-13,1.621541203741626e-13,0.11177273995680201,0.0,197
EB-offset hybrid: main,208.36688051586557,-0.4652532440617847,359.9436370203704,1.472897708980742e-11,0.16651939838935564,0.10453634719303043,9.0,197
EB-offset hybrid: pairwise,208.13864589237537,-0.693487867551994,330.91346174136993,8.336950985114233e-14,1.6804135293357888e-13,0.09217205237808104,10.0,197
Naive respondents,201.48296818026967,-10.426701690365007,524.0,0.43099338523754577,0.18250605841422654,0.4635823638322109,0.0,198
OLS prediction,210.7642221163343,-1.1454477543003634,,,,,,198
EB main,209.46389744933828,-2.4457724212963967,389.98109042980496,6.593856103006423e-14,0.27320790447075216,0.17589004804559039,0.0,198
EB pairwise,211.0488175506363,-0.8608523199983722,350.26560267261686,3.768823339251853e-15,1.4319638863953693e-14,0.0551892147133707,0.0,198
EB-offset hybrid: main,210.58072851752243,-1.328941353112242,383.8057558930327,1.125169255807584e-10,0.2032292476661289,0.12167574219129641,13.0,198
EB-offset hybrid: pairwise,211.14644418578058,-0.7632256848540919,351.8664563005501,1.956203361033796e-09,3.913415602383685e-09,0.05343213401985693,2.0,198
Naive respondents,198.69828981182278,-11.42450126594727,506.9999999999999,0.4314705951750515,0.14951129057826795,0.46604621457021944,0.0,199
OLS prediction,210.40385166647314,0.2810605887030988,,,,,,199
EB main,209.24743794655393,-0.8753531312161158,338.8908897189981,1.704552790216985e-14,0.3356582303515541,0.18281140419721578,0.0,199
EB pairwise,211.82695367244682,1.7041625946767738,299.5217124322277,2.7285786417016105e-13,3.544100939842119e-13,0.07683146568617075,0.0,199
EB-offset hybrid: main,209.7221543390243,-0.4006367387457317,339.6815965740039,8.724417606113383e-09,0.28830497282916473,0.16753410979885466,7.0,199
EB-offset hybrid: pairwise,211.23749833043897,1.1147072526689215,273.0738657104263,1.3757930686999052e-15,1.427811260069936e-15,0.061835705271399824,18.0,199
Naive respondents,199.02220334937826,-9.818163208692738,506.9999999999999,0.45457390527509306,0.2343345098198085,0.4809896724430381,0.0,200
OLS prediction,208.42503682643695,-0.41532973163404563,,,,,,200
EB main,207.11672614749446,-1.723640410576536,360.8146968585646,2.8025298178995677e-15,0.2759408822030907,0.16782514253255304,0.0,200
EB pairwise,209.0619371434958,0.22157058542481423,293.89809200047506,2.046800059007824e-15,2.8959762792455607e-15,0.0179240938527229,0.0,200
EB-offset hybrid: main,207.42128508867475,-1.4190814693962466,358.3368010473151,4.0540233832484985e-09,0.23568403838618548,0.14861474304220396,6.0,200
EB-offset hybrid: pairwise,209.3226290813488,0.4822625232777966,299.00933503278367,1.2958835000776592e-15,1.7493617608844834e-15,0.0205891497083254,16.0,200
Naive respondents,199.534597071819,-10.296690995189806,533.0000000000003,0.40227775967015467,0.19501392812152415,0.4326540919164471,0.0,201
OLS prediction,208.95287569349705,-0.8784123735117646,,,,,,201
EB main,208.12702833284797,-1.7042597341608428,416.91009843747054,7.908136324516533e-10,0.2252593370343671,0.15456682794253077,0.0,201
EB pairwise,209.5301552275024,-0.30113283950640835,384.9867595281863,3.449517384164409e-15,5.715038527510628e-15,0.02584698118107579,0.0,201
EB-offset hybrid: main,208.29999357409818,-1.5312944929106322,416.18301993372506,1.2657533855708823e-10,0.21568500012001615,0.14397704393897928,4.0,201
EB-offset hybrid: pairwise,209.63162587416602,-0.19966219284279418,373.39807461369213,4.060371801942961e-15,4.2731982501659665e-15,0.02451348825012616,16.0,201
Naive respondents,199.48927099360301,-9.682008189313649,486.99999999999966,0.4228437362607419,0.2049665328088073,0.47252860728067886,0.0,202
OLS prediction,207.0792958789576,-2.0919833039590685,,,,,,202
EB main,206.12056011721242,-3.050719065704243,388.0848398587839,1.312707249948567e-14,0.2673092011423871,0.1940730039331172,0.0,202
EB pairwise,207.413965048361,-1.7573141345556564,345.15417531380524,9.45429021813428e-16,1.858944260816163e-15,0.08482665102127256,0.0,202
EB-offset hybrid: main,206.9370220993986,-2.2342570835180595,387.86581058279864,2.691222059622146e-10,0.23741161357321613,0.17243120220003605,9.0,202
EB-offset hybrid: pairwise,208.03638884043372,-1.1348903424829473,341.9885060139279,1.1269022861015548e-14,8.12019090022597e-15,0.07215848658658963,12.0,202
Naive respondents,199.7711276488982,-9.183648688544906,509.00000000000017,0.39185893118017934,0.1279599333859198,0.404600045825967,0.0,203
OLS prediction,208.2496098714833,-0.7051664659597918,,,,,,203
EB main,207.12018618047927,-1.8345901569638272,404.19219076762664,2.2746166090326073e-15,0.21671843294394352,0.1306284222897227,0.0,203
EB pairwise,208.22074569364852,-0.7340306437945685,379.0630508556016,1.0126595075873892e-10,9.275343058364195e-11,0.051255795293042285,0.0,203
EB-offset hybrid: main,207.46868657787252,-1.486089759570575,406.65857615078056,1.1856000904205575e-10,0.16805355692741264,0.11763581794550683,4.0,203
EB-offset hybrid: pairwise,208.64407283301955,-0.3107035044235431,383.05480142149025,3.441671009499872e-14,3.000163343243188e-14,0.05451342042529252,9.0,203
Naive respondents,202.4548185526003,-8.91578012395479,498.0000000000003,0.42195233219379796,0.17165870842156788,0.41655530561327064,0.0,204
OLS prediction,211.25253368321694,-0.11806499333815168,,,,,,204
EB main,210.2902861873838,-1.0803124891712912,379.6373049075441,9.974691548118176e-11,0.20161405852660358,0.14544702963610628,0.0,204
EB pairwise,211.6744797500669,0.3038810735118034,366.9620628360087,2.0078307065514327e-14,1.7142901145679797e-14,0.07398602116389623,0.0,204
EB-offset hybrid: main,210.23609937136098,-1.1344993051941117,378.0523940217426,8.666524903608329e-11,0.20907848953019204,0.14689809738976065,2.0,204
EB-offset hybrid: pairwise,211.8153270122466,0.44472833569150794,360.5735396359532,1.3014973794732838e-14,1.6224741965127398e-14,0.05952339347190348,6.0,204
Naive respondents,200.80210704900801,-9.68520545326976,500.0000000000005,0.43034508087616863,0.2218154917753802,0.4692107535918153,0.0,205
OLS prediction,208.8245357308415,-1.6627767714362847,,,,,,205
EB main,208.0443155679379,-2.442996934339874,393.30227696678133,9.192762488673357e-10,0.32607163256044214,0.18971378194527813,0.0,205
EB pairwise,210.21797633318133,-0.269336169096448,340.69151609571395,1.6587953646710497e-11,1.3285936122322903e-11,0.023397495618653123,0.0,205
EB-offset hybrid: main,209.03381741403285,-1.453495088244921,381.14526118313603,4.071414401148435e-12,0.2166194487727756,0.13618033760730822,13.0,205
EB-offset hybrid: pairwise,210.40616191435706,-0.0811505879207175,345.12790324249664,3.0630825337138846e-09,4.10632882211463e-09,0.02086580846005847,4.0,205
Naive respondents,198.94592558640105,-8.777571555051225,489.99999999999994,0.41586563537867105,0.16764878276978862,0.41567499705303124,0.0,206
OLS prediction,207.11709316785576,-0.6064039735965139,,,,,,206
EB main,206.31917975544425,-1.4043173860080174,385.29343206808613,6.5651304110749896e-15,0.17552113071686065,0.11701391718526212,0.0,206
EB pairwise,206.49896121742177,-1.224535924030505,366.45602224352103,1.8013221312220672e-12,4.384166070147959e-12,0.10652442282613772,0.0,206
EB-offset hybrid: main,206.3318748910405,-1.391622250411757,377.1624540030656,3.742175812052943e-10,0.11151997974470572,0.11502707432388827,6.0,206
EB-offset hybrid: pairwise,206.56478415052956,-1.1587129909227087,365.75922918339137,6.510761003041238e-16,1.1370110218835294e-15,0.10134271499416272,1.0,206
Naive respondents,197.9518490081268,-9.852203085080134,529.0000000000003,0.41848598119731684,0.10557150084975576,0.44239361610686123,0.0,207
OLS prediction,208.3023323328638,0.4982802396568786,,,,,,207
EB main,207.60731836775537,-0.19673372545156553,389.8409137190455,5.453291567130974e-10,0.17053211316517655,0.13657240193693929,0.0,207
EB pairwise,207.44921375078803,-0.3548383424189012,358.97272376746935,3.091999483198178e-13,3.184512649357876e-13,0.1127728007311352,0.0,207
EB-offset hybrid: main,207.47071662186215,-0.3333354713447818,383.42993242465593,4.084598731478517e-10,0.15068307036182294,0.13986727953760217,5.0,207
EB-offset hybrid: pairwise,207.499936718711,-0.30411537449592174,362.11316092038203,1.4717278949015898e-09,1.2737901115589545e-09,0.12148505912896984,6.0,207
Naive respondents,196.9432926546518,-10.401428801866473,518.0,0.42945796844027084,0.2073866412523318,0.45098408759620284,0.0,208
OLS prediction,206.36533034129653,-0.9793911152217447,,,,,,208
EB main,205.3947771894379,-1.949944267080383,377.9461151004098,8.112049835914956e-15,0.25051265719677857,0.14621177996534201,0.0,208
EB pairwise,207.21306233909067,-0.13165911742760272,350.1875751131623,2.2152021074612956e-12,3.330952289797379e-12,0.0344097565968639,0.0,208
EB-offset hybrid: main,206.25149270373453,-1.0932287527837445,380.49402623046814,4.626839854593161e-10,0.17010393404675334,0.1258338232328054,7.0,208
EB-offset hybrid: pairwise,207.54219571907237,0.1974742625540955,351.6756797976094,1.3632227521805048e-15,2.0226446135787504e-15,0.03205850841960871,10.0,208
Naive respondents,199.80268553405114,-10.948362278364897,503.00000000000017,0.44569393595428924,0.16284593865478772,0.4754622542953613,0.0,209
OLS prediction,211.06802756251852,0.31697975010249024,,,,,,209
EB main,209.03585161570746,-1.7151961967085754,327.14484984343744,8.21539632600879e-15,0.3454507070566239,0.1395025256263079,0.0,209
EB pairwise,212.29363573594344,1.5425879235274067,305.8476513475818,2.879519354125713e-11,1.186026234669257e-10,0.05381300914177705,0.0,209
EB-offset hybrid: main,210.2465949788319,-0.5044528335841392,337.2006684949906,1.8254452861336873e-09,0.26280420669756305,0.10359760050179526,10.0,209
EB-offset hybrid: pairwise,212.1251485697026,1.3741007572865556,298.06769531931695,1.788785621575553e-14,1.4545423315080776e-14,0.05307903147776507,10.0,209
Naive respondents,201.30966040716638,-9.837182997624978,487.99999999999955,0.48122982585677,0.18030852782255677,0.4971069861344771,0.0,210
OLS prediction,211.7397001044229,0.5928566996315396,,,,,,210
EB main,209.90108959501924,-1.2457538097721113,337.0750217780843,5.204159883093766e-13,0.18739610668132595,0.14268616207422247,0.0,210
EB pairwise,210.71348157818645,-0.43336182660490863,309.0508952513418,2.646367794257802e-14,3.479817581178221e-14,0.05389246983475376,0.0,210
EB-offset hybrid: main,210.59408191817644,-0.5527614866149122,329.09556137233926,1.679602099665396e-10,0.12948806499973153,0.10626619020422524,17.0,210
EB-offset hybrid: pairwise,211.16236317036325,0.01551976557189505,311.6634611875397,1.0564395446494105e-13,1.4853033942192756e-13,0.040967636431910384,12.0,210
Naive respondents,200.60344892360465,-9.783128658145046,519.0,0.3877413221660819,0.11735439263299807,0.42057685329285,0.0,211
OLS prediction,210.05637866943394,-0.33019891231575116,,,,,,211
EB main,208.81781940636705,-1.5687581753826407,398.7844109517088,1.4462828640682048e-10,0.23415573669972892,0.11055467189752283,0.0,211
EB pairwise,208.44493572812138,-1.9416418536283118,387.74948280023074,3.1215074284826334e-09,8.10623405705474e-09,0.13429170251203407,0.0,211
EB-offset hybrid: main,209.15951059369883,-1.227066988050865,402.96339291922214,3.607661380031843e-10,0.12263626814731175,0.11201422894421016,8.0,211
EB-offset hybrid: pairwise,208.63109657791676,-1.7554810038329265,386.2283394113508,2.6887556871869904e-13,6.737379451611161e-13,0.1312136802020445,3.0,211
Naive respondents,201.13246577794033,-11.484014209506995,489.00000000000006,0.42610848902273124,0.1893000928543325,0.4803434579338972,0.0,212
OLS prediction,211.4900928066163,-1.126387180831017,,,,,,212
EB main,209.94326890407396,-2.67321108337336,369.82262389887813,4.1673398540978925e-12,0.17965549534165415,0.19666559430003208,0.0,212
EB pairwise,210.1850717765493,-2.431408210898013,344.725341938158,4.9297085552876513e-14,6.758085812722661e-14,0.1318974383162139,0.0,212
EB-offset hybrid: main,211.17250265569893,-1.4439773317483855,362.05202129373714,4.817111350871355e-11,0.12181105583151193,0.1394349039215233,10.0,212
EB-offset hybrid: pairwise,210.68298709143357,-1.933492896013746,346.6115685312318,4.5167758352282723e-14,9.556436854057453e-14,0.126099136996202,7.0,212
Naive respondents,200.7561147479762,-10.569374224378663,484.0,0.45515920470636917,0.22631999260478702,0.48050930186878066,0.0,213
OLS prediction,210.01547395465798,-1.3100150176968839,,,,,,213
EB main,208.93630468969968,-2.3891842826551795,361.0011685866659,1.9725224470207727e-14,0.3379653315487284,0.16978188494488894,0.0,213
EB pairwise,210.8371777604685,-0.48831121188635507,333.47152158248605,8.868233600797373e-11,8.915239462863773e-11,0.036375427060088845,0.0,213
EB-offset hybrid: main,209.68383047774242,-1.641658494612443,352.74511039378854,1.277931418515664e-10,0.2235043022933954,0.12318937773438338,11.0,213
EB-offset hybrid: pairwise,211.18744968648326,-0.1380392858715993,334.4732028123294,1.240009764528685e-14,1.3304800158881979e-14,0.03259703767863432,10.0,213
Naive respondents,194.84792210973785,-12.295500365221244,516.0,0.44353260773928055,0.16830142964328051,0.4930829174751859,0.0,214
OLS prediction,208.5263294380463,1.3829069630872084,,,,,,214
EB main,206.91830522808343,-0.22511724687566925,344.58292749654504,1.4203784715757614e-10,0.2829144104707909,0.10340432525838748,0.0,214
EB pairwise,205.97057986105673,-1.172842613902361,327.89139520110973,5.5103859807669825e-12,5.79111795710364e-12,0.16252379538786654,0.0,214
EB-offset hybrid: main,207.3409239629851,0.1975014880260062,338.9082680618497,9.151905033801146e-10,0.27421029612552245,0.09237778198845145,9.0,214
EB-offset hybrid: pairwise,206.39297147795517,-0.7504509970039237,311.142861038376,2.685775251718198e-13,5.65411410986647e-13,0.153307254127513,24.0,214
Naive respondents,200.15145996830412,-11.005092577169137,505.9999999999996,0.4721112740969348,0.190508810858854,0.48851578549621977,0.0,215
OLS prediction,211.92220787280294,0.7656553273296822,,,,,,215
EB main,210.71636322728295,-0.44018931819030627,345.4350777111559,5.307018555085564e-09,0.08144094304381821,0.09182665867917411,0.0,215
EB pairwise,210.92685293209206,-0.22969961338120015,335.65397295977436,1.1771869458906718e-10,1.5449735620503117e-10,0.05987390312207499,0.0,215
EB-offset hybrid: main,210.82114877649784,-0.335403768975425,332.5070935912897,3.3850483117857906e-10,0.07584164519852697,0.07609520123617108,12.0,215
EB-offset hybrid: pairwise,210.91055725657472,-0.24599528889854128,333.43539817733546,1.385033322382553e-10,1.906257595895619e-10,0.05992461531400797,2.0,215
Naive respondents,200.92953467143977,-9.716246308704797,510.0,0.434079684473198,0.1467118487642673,0.45541287146296844,0.0,216
OLS prediction,210.07408572976968,-0.5716952503748871,,,,,,216
EB main,208.49039797444178,-2.155383005702788,354.69154502220186,2.8894453306940302e-11,0.34063187955230306,0.20044771666667652,0.0,216
EB pairwise,211.1962874867628,0.550506506618234,321.8994157526853,2.697915072846328e-13,1.4888421035550304e-13,0.038680401198604074,0.0,216
EB-offset hybrid: main,209.8363896753932,-0.8093913047513581,346.39077896592255,1.8873283505782032e-15,0.19943038711355596,0.13589900149961173,18.0,216
EB-offset hybrid: pairwise,211.35848015209496,0.7126991719503906,323.82350078471677,3.549515454994906e-09,8.987775009578781e-09,0.039470295394489485,5.0,216
Naive respondents,199.03424321650968,-11.180247122227001,520.9999999999999,0.4158474346538551,0.16252713839076458,0.45346624447413,0.0,217
OLS prediction,208.9030041344353,-1.3114862043013886,,,,,,217
EB main,208.15593934932014,-2.0585509894165455,388.90365919651373,1.4268032300021195e-15,0.19875758086643536,0.16155510410049623,0.0,217
EB pairwise,209.0113834743795,-1.2031068643571814,359.78421289857675,4.867616269651294e-10,6.885325558736069e-10,0.10256117763914668,0.0,217
EB-offset hybrid: main,208.48115628447104,-1.7333340542656401,385.43136154921325,2.002179854155459e-09,0.1776559763009439,0.14539456603653944,6.0,217
EB-offset hybrid: pairwise,208.95242583017935,-1.26206450855733,356.0884509708065,2.025082473328014e-15,1.9561940808289603e-15,0.10888461103299703,9.0,217
Naive respondents,197.0371499251065,-11.165833179993882,500.0000000000005,0.42822220625641105,0.1889596738934415,0.49036967838371665,0.0,218
OLS prediction,207.48197069277717,-0.7210124123232049,,,,,,218
EB main,206.0975738347615,-2.1054092703388676,365.970359901378,8.323538868316305e-09,0.36600865466327176,0.12851962607407147,0.0,218
EB pairwise,207.23471319432056,-0.9682699107798101,340.55859992728267,9.047768210973993e-12,3.352887762319578e-11,0.08650098552322846,0.0,218
EB-offset hybrid: main,207.46506082762772,-0.7379222774726486,364.63425825432785,5.7645595674943675e-11,0.31108989621446376,0.09388086025118415,10.0,218
EB-offset hybrid: pairwise,207.78044091261197,-0.4225421924884074,337.1345591547563,8.155162018118459e-14,2.741471048160128e-13,0.08772839653908567,16.0,218
Naive respondents,196.3039105843997,-12.557738895177806,486.99999999999966,0.44782749549474166,0.1931148040143233,0.4930280295627284,0.0,219
OLS prediction,210.41173347397802,1.5500839944005236,,,,,,219
EB main,209.14035040214915,0.2787009225716588,338.00463600936575,7.00915120701544e-10,0.11104005846737175,0.09886509268882053,0.0,219
EB pairwise,208.77586019373192,-0.08578928584557843,329.0384688155516,5.029845485318212e-14,4.1770497640302424e-14,0.10285074345917365,0.0,219
EB-offset hybrid: main,209.20958249871492,0.3479330191374288,316.0618550673511,4.755902488935536e-10,0.11944053330490334,0.09231185183881016,12.0,219
EB-offset hybrid: pairwise,208.74683640865828,-0.11481307091921167,315.06867920720697,5.359339520655103e-09,4.634646824148028e-09,0.10608221701419447,9.0,219
Naive respondents,199.49566391213213,-10.633457619351248,490.99999999999994,0.42113111236632805,0.25693923872833385,0.4703944170754341,0.0,220
OLS prediction,207.79439662560767,-2.334724905875703,,,,,,220
EB main,207.05011025559924,-3.0790112758841417,343.1857692997718,6.52554140954277e-14,0.2996874381680079,0.2329081846097931,0.0,220
EB pairwise,207.730747125779,-2.3983744057043737,276.5098419553822,1.323369859696279e-09,2.233168859118466e-09,0.17321705996762826,0.0,220
EB-offset hybrid: main,207.2144727640711,-2.914648767412274,346.43681733072685,4.2207207423774675e-09,0.28548504001121805,0.23426136445263546,5.0,220
EB-offset hybrid: pairwise,208.197091858196,-1.9320296732873885,287.13441263964603,1.2448301656672851e-14,1.545638071952059e-14,0.15852262488502247,16.0,220
Naive respondents,197.3604635287595,-11.49620249146895,509.00000000000017,0.41186074432548586,0.18868200660839185,0.4552065660686844,0.0,221
OLS prediction,210.24807659765244,1.3914105774239829,,,,,,221
EB main,208.42611309437288,-0.43055292585557936,358.71199748958134,4.6060997011037975e-15,0.2245986140447919,0.11126845845219106,0.0,221
EB pairwise,209.59397776677366,0.7373117465452026,315.97807911023415,7.595871668455358e-10,6.903830242685926e-10,0.03743349953465304,0.0,221
EB-offset hybrid: main,208.52500101218138,-0.3316650080470822,353.9124253855292,1.6246269002307572e-09,0.25106312007651194,0.11737794558297633,13.0,221
EB-offset hybrid: pairwise,210.09952638221142,1.242860361982963,283.9396354239138,7.178341109414233e-15,7.92132789072831e-15,0.05380623484366437,83.0,221
Naive respondents,201.4539225172781,-9.840586903756503,512.0,0.4372533635975114,0.16689023332598604,0.4516210956474627,0.0,222
OLS prediction,210.59134675388452,-0.7031626671500817,,,,,,222
EB main,209.63966986849982,-1.6548395525347814,375.51289035903903,2.176584890392666e-09,0.2515526381664943,0.14567858349904977,0.0,222
EB pairwise,209.42634335242835,-1.8681660686062571,357.2759555023104,3.9166300125549795e-09,6.588967377235386e-09,0.1543068955482555,0.0,222
EB-offset hybrid: main,209.88922779222753,-1.4052816288070744,371.2085029443749,4.417197707227942e-10,0.2297393238684471,0.12796367153819732,6.0,222
EB-offset hybrid: pairwise,209.70486755933018,-1.589641861704422,352.99903018219624,6.43417297935421e-11,2.198041076221658e-10,0.14399112849175924,8.0,222
Naive respondents,202.7155317375057,-7.547283247809332,496.9999999999997,0.445423259205278,0.20828588635389525,0.44356683838654437,0.0,223
OLS prediction,210.02401094070075,-0.23880404461428384,,,,,,223
EB main,208.72506248087956,-1.537752504435474,382.14750414845173,1.2943823076503555e-14,0.15491191686200584,0.11585205906433996,0.0,223
EB pairwise,209.1729344923151,-1.0898804929999244,359.09047037732375,1.4313277690560608e-14,4.231287438408827e-14,0.05713871986026189,0.0,223
EB-offset hybrid: main,208.9730558530594,-1.2897591322556252,384.909520546495,5.9541120729211145e-09,0.15124066818421267,0.11604396609881877,3.0,223
EB-offset hybrid: pairwise,209.55868382840603,-0.7041311569089999,358.3689402646687,2.515426823202715e-14,5.198642351328838e-14,0.05576733724348664,6.0,223
Naive respondents,200.4861572640907,-10.597067619937548,519.9999999999998,0.41898134589789127,0.12274046181807738,0.46082682042999035,0.0,224
OLS prediction,211.3149658104162,0.23174092638794264,,,,,,224
EB main,209.243054460768,-1.840170423260247,367.389772073521,2.796003742000544e-10,0.22171416159819787,0.1336995196899424,0.0,224
EB pairwise,209.8049877622758,-1.2782371217524542,344.3729956271674,2.1230239199177656e-15,1.7613656853012858e-15,0.07066468926279239,0.0,224
EB-offset hybrid: main,210.1645032825873,-0.91872160144095,379.19546956643546,3.677778565867133e-10,0.1618771704353787,0.1072437038038836,7.0,224
EB-offset hybrid: pairwise,210.1940580658345,-0.8891668181937575,352.28635763664994,9.903946672432098e-15,1.6660098218387805e-14,0.06535121267131995,7.0,224
Naive respondents,201.40804548284868,-9.344800317783864,509.00000000000017,0.44045210122422457,0.13867484194534022,0.4444013333519665,0.0,225
OLS prediction,208.99859281125856,-1.754252989373981,,,,,,225
EB main,207.16571926103416,-3.587126539598387,359.67177120877795,4.774526802683853e-10,0.32040454017258135,0.15418524332392208,0.0,225
EB pairwise,206.99208736093317,-3.760758439699373,343.29438050505706,1.3576777088544907e-12,1.4549789607294568e-12,0.1842613209174333,0.0,225
EB-offset hybrid: main,208.04121729643268,-2.711628504199865,378.04520573946434,1.3974961405695573e-14,0.17871835797442084,0.15598308412705256,9.0,225
EB-offset hybrid: pairwise,207.68599058463488,-3.0668552159976628,345.379541043049,6.333423102626593e-12,1.772555657534702e-11,0.16021486082477104,6.0,225
Naive respondents,200.90910523901437,-7.7977684403139165,516.0,0.4444540114989355,0.1764116907112851,0.440619763376694,0.0,226
OLS prediction,208.1844933547327,-0.5223803245955878,,,,,,226
EB main,207.00037713098376,-1.7064965483445178,394.82200456327973,2.4963317314692694e-13,0.18880680823780505,0.13687564125943003,0.0,226
EB pairwise,206.9004941955436,-1.8063794837846956,355.6415294914199,2.286841194189051e-15,3.865009452378202e-15,0.07163368771321672,0.0,226
EB-offset hybrid: main,207.45437864542626,-1.2524950339020222,394.5846439211559,1.9933477689143227e-10,0.15839533583462662,0.10864616934065957,4.0,226
EB-offset hybrid: pairwise,206.99557707203815,-1.7112966072901372,355.91874488988475,2.244087890974897e-09,3.494762369770672e-09,0.06802920770992751,1.0,226
Naive respondents,201.71708042815789,-10.054033010662863,500.99999999999994,0.416465265560003,0.14957588827650414,0.43649279793012463,0.0,227
OLS prediction,211.9330166797843,0.16190324096353947,,,,,,227
EB main,210.75721815302276,-1.013895285797986,381.74804393962177,1.3726946515027301e-15,0.07962915576010889,0.0785559550176227,0.0,227
EB pairwise,211.17360046291316,-0.5975129759075912,370.9592817389567,2.600337330980699e-12,2.258424233043352e-12,0.038167699554768786,0.0,227
EB-offset hybrid: main,210.69754243540228,-1.073571003418465,381.7526885637783,3.000067223286496e-11,0.0836752488867499,0.08194578463580793,1.0,227
EB-offset hybrid: pairwise,211.30335040016956,-0.46776303865118507,372.397456528529,1.4609463446622177e-09,1.8042046078689487e-09,0.033767594588828095,4.0,227
Naive respondents,200.17845334152392,-9.650743656613486,510.0,0.45102849404122336,0.1753458223987485,0.48331507880773544,0.0,228
OLS prediction,209.3199464236149,-0.5092505745224969,,,,,,228
EB main,208.21210195545925,-1.6170950426781587,373.20829693660335,1.4097061660216408e-15,0.2484047872402972,0.1639151114525977,0.0,228
EB pairwise,209.75169701268854,-0.07749998544886694,326.1336926738558,1.0374094011782225e-15,4.077285234483881e-15,0.023128873932738464,0.0,228
EB-offset hybrid: main,208.7737595847025,-1.0554374134349018,367.51161568899926,2.2013924970971122e-12,0.20052658269580698,0.12565951498906575,10.0,228
EB-offset hybrid: pairwise,209.8660251505441,0.03682815240668447,324.59736948084156,1.4063004826723627e-15,1.7311567414170262e-15,0.020894753680614372,10.0,228
Naive respondents,201.25882922259535,-9.158080637647686,535.9999999999999,0.36954176865016136,0.1359463959762082,0.3950004658781275,0.0,229
OLS prediction,210.04611743352177,-0.3707924267212661,,,,,,229
EB main,208.85606861882098,-1.5608412414220538,426.03068869952796,1.892077060177261e-14,0.09737889163146478,0.10659236340863693,0.0,229
EB pairwise,209.34651193740936,-1.0703979228336777,414.7621157881327,2.6050456711083323e-13,1.6857646169915588e-13,0.07848984718337385,0.0,229
EB-offset hybrid: main,208.85606861882098,-1.5608412414220538,426.03068869952796,1.8928760682186713e-14,0.09737889163146476,0.1065923634086369,0.0,229
EB-offset hybrid: pairwise,209.34651193740936,-1.0703979228336777,414.7621157881327,2.6050456711083323e-13,1.6857646169915588e-13,0.07848984718337385,0.0,229
Naive respondents,204.47920274851367,-7.9923382439003205,493.0,0.4669625788067386,0.18972856484107303,0.4595869385545923,0.0,230
OLS prediction,212.24789443514183,-0.22364655727216132,,,,,,230
EB main,210.84092209960414,-1.6306188928098493,367.566035350592,2.1731885447252957e-12,0.17647380617935618,0.08687885514696068,0.0,230
EB pairwise,211.51413375708202,-0.9574072353319707,352.3056135837432,6.975955250148727e-14,2.353857686126882e-13,0.02901374866916763,0.0,230
EB-offset hybrid: main,211.69876005568298,-0.7727809367310101,369.9519940331918,8.581676105860168e-11,0.13540648866903865,0.05436346671262632,10.0,230
EB-offset hybrid: pairwise,211.7235149370707,-0.7480260553433027,353.30320699850614,4.0927145611398484e-13,8.586451135043001e-13,0.02323358514417349,3.0,230
Naive respondents,199.71610455590283,-10.555424273184457,479.99999999999983,0.44255791675884876,0.2555819238888277,0.48691909041955017,0.0,231
OLS prediction,207.98205199493614,-2.289476834151145,,,,,,231
EB main,207.25474765264738,-3.016781176439906,351.39141579272444,2.1713869850433054e-15,0.4437588950734561,0.24083692986834415,0.0,231
EB pairwise,210.82524569114506,0.5537168620577688,263.85071525007305,2.323689774814562e-15,5.082573118173525e-15,0.023505108643119714,0.0,231
EB-offset hybrid: main,207.98091187949342,-2.2906169495938684,347.50185505151353,1.813678029514457e-10,0.40011533134300914,0.21037965634496433,12.0,231
EB-offset hybrid: pairwise,211.12253166823,0.8510028391427227,251.37207165021215,2.1129201833053e-14,2.5547936439167188e-14,0.034680962618276266,38.0,231
Naive respondents,200.38216815357154,-10.562908733369568,489.99999999999994,0.46159960336973976,0.13383939687423807,0.48750939930355985,0.0,232
OLS prediction,211.32509246552172,0.3800155785806112,,,,,,232
EB main,209.81310622758014,-1.1319706593609737,331.4879983553992,1.9483723263082494e-15,0.20084064048044037,0.14309305569122327,0.0,232
EB pairwise,211.0312269749738,0.08615008803269575,307.0415980669415,2.0165254740443e-09,3.0677364947623955e-09,0.055707820723168225,0.0,232
EB-offset hybrid: main,210.05057618025452,-0.8945007066865855,330.06446300388427,4.632019186132665e-10,0.17962247691984187,0.1344978075268999,10.0,232
EB-offset hybrid: pairwise,211.22905132268394,0.28397443574283443,307.0492895815158,6.381119888793399e-15,6.341672451365104e-15,0.047626474053963266,3.0,232
Naive respondents,197.61388093216036,-12.385707262963649,472.00000000000017,0.40440925584766974,0.17119168538342375,0.45913396516372973,0.0,233
OLS prediction,208.60573416488705,-1.3938540302369518,,,,,,233
EB main,207.76252008210187,-2.237068113022133,349.0850255167031,1.9217179863013212e-09,0.2892197294261739,0.20210449911718467,0.0,233
EB pairwise,209.6714539780011,-0.32813421712290847,306.71469770408686,4.95311795690584e-13,7.502868893152274e-13,0.059851424077320386,0.0,233
EB-offset hybrid: main,208.19082906848416,-1.808759126639842,344.4358094351962,1.8346312770809055e-09,0.2716468248053445,0.18748313511582146,10.0,233
EB-offset hybrid: pairwise,210.58003063808812,0.5804424429641131,301.9729140090948,2.9337216337546432e-09,1.849863183738929e-09,0.036999371069433726,32.0,233
Naive respondents,196.48949401404303,-12.372599802540293,493.99999999999955,0.4503678803662176,0.1998889394763347,0.5196361912561829,0.0,234
OLS prediction,207.72848828081203,-1.133605535771295,,,,,,234
EB main,206.28952392015893,-2.5725698964243975,360.592851021255,2.600905136010641e-15,0.34922690244484444,0.19692782585745672,0.0,234
EB pairwise,208.52600246519114,-0.3360913513921844,318.71748888810515,3.1008359793124744e-10,3.5197318046602743e-10,0.06291832989828385,0.0,234
EB-offset hybrid: main,207.62865198524324,-1.2334418313400874,341.4938644394345,3.113345066960344e-10,0.20531007978664975,0.13310069787480497,23.0,234
EB-offset hybrid: pairwise,208.83351038391174,-0.028583432671581477,322.7213003025472,3.264462075243321e-15,2.3749069225869935e-15,0.057435200054823686,10.0,234
Naive respondents,198.40075236538019,-11.413805602761215,535.0000000000001,0.40781681624655153,0.159030478000481,0.4625825647924332,0.0,235
OLS prediction,208.1984717895069,-1.6160861786345038,,,,,,235
EB main,207.0057358526343,-2.8088221155070983,412.197544212441,7.17944676007635e-15,0.331408348587381,0.18970658294024492,0.0,235
EB pairwise,208.46587719887444,-1.348680769266963,367.44188688939096,2.6073795352104185e-12,5.400707779669633e-12,0.0799246832548166,0.0,235
EB-offset hybrid: main,207.2777295783001,-2.536828389841304,414.5113258530533,5.12504483492516e-09,0.31662004414788314,0.18309986751375038,3.0,235
EB-offset hybrid: pairwise,209.8695533247314,0.054995356590012534,367.45748115688735,1.541197851307991e-13,2.145037644050397e-13,0.041550953308797135,39.0,235
Naive respondents,199.4035086920743,-9.914599162930728,519.0,0.44989582424927743,0.18128237296688055,0.4656626673593871,0.0,236
OLS prediction,207.81853327869123,-1.4995745763137904,,,,,,236
EB main,206.6709893478051,-2.6471185071999344,348.7108676376607,1.1022828381385755e-10,0.3172426922830556,0.2292850092549189,0.0,236
EB pairwise,208.44290867222523,-0.8751991827797951,303.58236772917354,2.1518024397839915e-10,2.1592864725159887e-10,0.07233466281597263,0.0,236
EB-offset hybrid: main,206.69444343008485,-2.623664424920179,357.93263722868966,2.3193661939571272e-09,0.33109509322738395,0.2322223819133327,3.0,236
EB-offset hybrid: pairwise,208.69595001144887,-0.6221578435561526,308.1204986495095,2.3404593308529836e-14,1.550449883037579e-14,0.0653283539131741,6.0,236
Naive respondents,200.94901611951175,-10.041390004367088,494.9999999999998,0.44139049219806586,0.27248476531979504,0.45940702560691893,0.0,237
OLS prediction,211.47772917933315,0.4873230554543113,,,,,,237
EB main,210.4640990072406,-0.526307116638236,362.7843306258972,4.491552214369883e-09,0.19430100806894335,0.09013783074019324,0.0,237
EB pairwise,211.78306232567795,0.7926562017991046,330.4873267926793,1.5196687346316954e-10,4.643669220339906e-10,0.030894366946506404,0.0,237
EB-offset hybrid: main,210.50347068630293,-0.48693543757590874,358.52381683333357,1.4129724706526226e-10,0.2161896744244618,0.10013439783950434,4.0,237
EB-offset hybrid: pairwise,212.63235915157904,1.6419530277001968,313.95767754463037,1.8702570078583491e-13,2.86524007353441e-13,0.07312914743394544,25.0,237
Naive respondents,199.62970405572963,-8.611391393780366,501.99999999999955,0.44101801540740243,0.182346092266561,0.44441362087741426,0.0,238
OLS prediction,208.80012772200303,0.5590322724930274,,,,,,238
EB main,207.450204096933,-0.790891352577006,347.9355834414704,9.605724539275606e-15,0.2721470436261017,0.15209451365810736,0.0,238
EB pairwise,208.8893812648515,0.6482858153414952,312.5109219628648,1.7096648874449404e-12,2.873308263524641e-12,0.03985917219452874,0.0,238
EB-offset hybrid: main,207.70737287428977,-0.5337225752202244,334.72784142051216,1.1562472826360788e-11,0.2081724663085634,0.10863481023985391,6.0,238
EB-offset hybrid: pairwise,208.58400616346898,0.342910713958986,301.53509164477026,1.3586729698474565e-09,1.7936070556427534e-09,0.03779996462681329,4.0,238
Naive respondents,197.48805011339533,-11.970346944730835,489.00000000000006,0.4223427409946163,0.16495238961513653,0.47150505467947856,0.0,239
OLS prediction,210.0789757420347,0.6205786839085192,,,,,,239
EB main,209.10195597081363,-0.35644108731253255,344.3750921550729,4.623135338179899e-10,0.15151134385839132,0.10167155499645292,0.0,239
EB pairwise,209.87041554023816,0.4120184821119892,318.3817898153799,3.1485669402498614e-15,6.704352548193699e-15,0.023462269491578508,0.0,239
EB-offset hybrid: main,209.15431136517049,-0.304085692955681,314.50911211616153,2.364907053898292e-10,0.19801059152196382,0.12467463390864457,13.0,239
EB-offset hybrid: pairwise,210.81841054278672,1.3600134846605556,280.4118823402495,1.9277953088716756e-15,1.9752734907216377e-15,0.04362846533131052,28.0,239
Naive respondents,198.51572378840757,-11.080631376981302,517.0000000000002,0.39865417268421915,0.1473977527312161,0.4474719778429846,0.0,240
OLS prediction,211.21279564958192,1.616440484193049,,,,,,240
EB main,209.8709317128976,0.2745765475087296,383.53897112281345,2.2038536737865516e-09,0.1415117450062378,0.12215471577095574,0.0,240
EB pairwise,209.90150978371233,0.30515461832345636,364.6472495474088,6.267071404871727e-13,6.54052797641558e-13,0.041037294386121026,0.0,240
EB-offset hybrid: main,209.6754364053004,0.07908123991151683,356.8105057327084,1.1589011272149653e-10,0.07923729061610435,0.08135097541039592,15.0,240
EB-offset hybrid: pairwise,209.90150978371233,0.30515461832345636,364.6472495474088,6.267071404871727e-13,6.54052797641558e-13,0.041037294386121026,0.0,240
Naive respondents,196.9683654183812,-11.833836756000608,475.99999999999983,0.45261681366501333,0.24312461874042143,0.5239397070492806,0.0,241
OLS prediction,207.83104721775535,-0.9711549566264637,,,,,,241
EB main,205.8815384143321,-2.920663760049706,337.7162057687474,5.218874053747313e-11,0.36913781108858373,0.1868192503633598,0.0,241
EB pairwise,207.78900323449173,-1.0131989398900885,291.5283206844209,3.969493117663103e-10,8.541409150045639e-10,0.04352637749321503,0.0,241
EB-offset hybrid: main,206.98386945339385,-1.8183327209879678,343.33456987448415,4.478985853480767e-09,0.2835393254921924,0.1587635556231366,12.0,241
EB-offset hybrid: pairwise,208.18421653525652,-0.617985639125294,300.4014875359312,2.527742908955874e-14,2.1169685736418868e-14,0.03953989973655622,9.0,241
Naive respondents,199.21571520447625,-11.302399709827512,489.99999999999994,0.4211249968833138,0.1539271132305821,0.47943720001627554,0.0,242
OLS prediction,207.03980610508768,-3.478308809216088,,,,,,242
EB main,206.33022394894695,-4.187890965356814,391.0628396815483,8.112900419237415e-09,0.32291467668403995,0.21754480179982344,0.0,242
EB pairwise,207.98091004960946,-2.537204864694303,348.1629929624046,8.275880014369113e-15,2.195354510426104e-14,0.10174110204590053,0.0,242
EB-offset hybrid: main,207.8366562971654,-2.681458617138361,382.53723968582835,9.798580883153886e-12,0.20094097654993268,0.15876072502557517,11.0,242
EB-offset hybrid: pairwise,208.5205868506963,-1.9975280636074615,354.8213876063619,1.024736410418731e-14,1.2345663673288118e-14,0.09825454741426932,8.0,242
Naive respondents,198.14089731305856,-9.686714655729475,505.00000000000034,0.44769379751140675,0.16681927937074095,0.46510284387033046,0.0,243
OLS prediction,208.88125218246734,1.0536402136793015,,,,,,243
EB main,207.3572197536861,-0.4703922151019242,344.28968492815494,9.219549534501456e-15,0.22220923074276094,0.15860229155510716,0.0,243
EB pairwise,208.5846477840466,0.7570358152585754,313.94274213441474,4.1395526914485604e-10,4.2226620725016756e-10,0.045283002519203995,0.0,243
EB-offset hybrid: main,207.27132332988222,-0.5562886389058121,333.3280978412961,1.244603468140013e-09,0.20033179466857526,0.13137756252101737,7.0,243
EB-offset hybrid: pairwise,208.30134942187158,0.47373745308354387,303.09581951177955,4.5794236912736545e-15,3.696654617957613e-15,0.043166177359591794,26.0,243
Naive respondents,204.21229478726235,-6.227798036112944,489.00000000000006,0.468119674855371,0.16556606417634484,0.43994609126088496,0.0,244
OLS prediction,211.013811785659,0.5737189622836922,,,,,,244
EB main,210.11730913727322,-0.32278368610207053,370.9225242160774,1.7081315879668062e-09,0.13074164466883986,0.08789076306980129,0.0,244
EB pairwise,210.74968298653638,0.30959016316109,353.19914039883855,5.710910796511435e-13,5.282300593354182e-13,0.015329444062692505,0.0,244
EB-offset hybrid: main,210.07634690305892,-0.36374592031637576,370.7344696367739,1.6271914527281267e-10,0.13393155684480954,0.08958407832381707,1.0,244
EB-offset hybrid: pairwise,210.8078918785446,0.3677990551693142,351.992133496816,5.449167951858497e-12,1.7204679250378934e-11,0.018531682344003996,5.0,244
Naive respondents,198.63587666883677,-11.360334631112494,500.99999999999994,0.3814928417198703,0.14663718461759517,0.42984108991442543,0.0,245
OLS prediction,209.29860528462044,-0.6976060153288302,,,,,,245
EB main,208.2492384535394,-1.746972846409875,382.100732788671,1.409246458534359e-14,0.1942342405851769,0.1396449052180129,0.0,245
EB pairwise,208.9813540264761,-1.0148572734731545,360.28391152819626,1.4515782495025779e-11,3.176669883776416e-11,0.06345113736341297,0.0,245
EB-offset hybrid: main,208.75741690301297,-1.2387943969362993,372.29257917529367,1.5330638770542955e-09,0.14812043496043145,0.11637506433819372,11.0,245
EB-offset hybrid: pairwise,209.15903174800425,-0.8371795519450131,363.57660780496127,2.567908956074554e-12,3.691705823335563e-12,0.05741199660768897,2.0,245
Naive respondents,200.19680083707476,-8.861186100901392,514.0,0.4450859021905219,0.20380746740587072,0.45846977905515035,0.0,246
OLS prediction,208.50083644802052,-0.5571504899556317,,,,,,246
EB main,207.27007046849272,-1.7879164694834344,366.7826987089374,1.1873358806390448e-12,0.18861414774890561,0.1393994083698264,0.0,246
EB pairwise,207.8031924830937,-1.2547944548824432,326.1982167476225,7.182742065382382e-16,1.0043929082463557e-15,0.05027767582323323,0.0,246
EB-offset hybrid: main,207.37628748454577,-1.681699453430383,367.33833719134276,2.6293074906538355e-09,0.18084029316051278,0.13536967306664782,1.0,246
EB-offset hybrid: pairwise,207.8064899956329,-1.251496942343266,324.179958977435,5.276274343950171e-13,8.81920622588131e-13,0.04950205479482866,4.0,246
Naive respondents,200.19356339751738,-9.257763207688981,549.0000000000002,0.4067963600796288,0.14385448535581968,0.3999155296528449,0.0,247
OLS prediction,209.80745689213566,0.35613028692930015,,,,,,247
EB main,208.83521784779282,-0.6161087574135422,431.5013094155317,4.497805970514743e-09,0.11297471688715283,0.06043514578615558,0.0,247
EB pairwise,208.29311061434504,-1.158215990861322,424.4165997133741,1.237156339031588e-14,1.0797084810269266e-14,0.09821803094778887,0.0,247
EB-offset hybrid: main,208.9474569452206,-0.5038696599857531,431.26299295264084,1.642559325386585e-09,0.10550658018695451,0.06167184233144031,4.0,247
EB-offset hybrid: pairwise,208.29455369750778,-1.1567729076985813,423.9702816306423,1.1109619402971606e-15,1.4425256448478975e-15,0.09894343751375084,1.0,247
Naive respondents,197.26868844699197,-12.124841251548531,484.0,0.42668222324408245,0.20295413799654063,0.49606032739428935,0.0,248
OLS prediction,207.37759297248394,-2.015936726056566,,,,,,248
EB main,204.3746465734346,-5.018883125105901,323.68563078677687,8.020377724609598e-11,0.5230705247288555,0.21496809556842914,0.0,248
EB pairwise,208.5401367403165,-0.8533929582239921,312.6060402904899,8.265715460123469e-14,1.7718584441041123e-13,0.047513998543730514,0.0,248
EB-offset hybrid: main,206.94646918889248,-2.4470605096480256,351.27796471443827,1.6202142817511207e-15,0.26299823078354556,0.13743188675088294,10.0,248
EB-offset hybrid: pairwise,208.76129867549093,-0.6322310230495702,317.66764680783064,2.4032772621537616e-13,4.767568276702953e-13,0.04502495137530735,5.0,248
Naive respondents,202.83262198298465,-8.337858922154737,482.9999999999999,0.41958781757903774,0.17296545398714347,0.4198652480114294,0.0,249
OLS prediction,212.25233267195227,1.081851766812889,,,,,,249
EB main,210.9480667749582,-0.2224141301811926,357.053341289571,2.189536198477708e-15,0.24229128030277203,0.11551676684818213,0.0,249
EB pairwise,212.25567190106162,1.0851909959222326,337.869172509238,1.9306692084762997e-12,1.1162947203980136e-12,0.04434420495955059,0.0,249
EB-offset hybrid: main,210.9480667749582,-0.2224141301811926,357.053341289571,2.189536198477708e-15,0.24229128030277203,0.11551676684818213,0.0,249
EB-offset hybrid: pairwise,212.5537640355603,1.3832831304209208,325.79671546078725,1.5346869977923202e-13,3.005556412089018e-13,0.045436278322832674,13.0,249
Naive respondents,199.53442245074967,-9.433286400364295,498.0000000000003,0.39755818496319995,0.15341765001614466,0.4263554925487482,0.0,250
OLS prediction,208.53261785913963,-0.43509099197433443,,,,,,250
EB main,207.62218945587412,-1.3455193952398474,382.8874840480411,2.972645991043905e-15,0.28256432471790977,0.1620983607284928,0.0,250
EB pairwise,209.2687490290745,0.3010401779605445,349.66217635971395,2.6287110151682866e-13,4.3376135042756254e-13,0.042182984002164386,0.0,250
EB-offset hybrid: main,208.10833708509224,-0.8593717660217237,366.67977130354114,2.7244741697355346e-09,0.21252005568683677,0.1172393078465332,12.0,250
EB-offset hybrid: pairwise,209.4283475526515,0.4606387015375333,348.15105435192595,1.0907325826955279e-15,1.9350410771043206e-15,0.04095114961263181,7.0,250
Naive respondents,201.2226910415852,-9.518111752869373,492.0000000000003,0.41512604751866844,0.18178599458518846,0.42307590482898044,0.0,251
OLS prediction,209.39213409692846,-1.348668697526108,,,,,,251
EB main,208.48298771302476,-2.2578150814298112,387.2264179439909,3.247291100481343e-15,0.1894011268430317,0.13269366876918612,0.0,251
EB pairwise,209.67257083196202,-1.068231962492547,373.04783818079017,8.131183156543381e-14,2.2630109284377588e-13,0.10160067006159643,0.0,251
EB-offset hybrid: main,208.86486262292516,-1.8759401715294075,387.46315160332034,2.295552779223684e-10,0.1410118484264157,0.12351366600341582,5.0,251
EB-offset hybrid: pairwise,209.68166432251957,-1.0591384719350003,361.97306615162853,9.32034606166394e-12,2.564967000972391e-11,0.10081401919651019,20.0,251
Naive respondents,200.18144372480987,-11.249499391476462,479.99999999999983,0.4623494286624597,0.21880292093334316,0.5104124547675657,0.0,252
OLS prediction,209.67310162291437,-1.7578414933719557,,,,,,252
EB main,208.51738200694035,-2.9135611093459772,329.5787954124317,9.81619751804573e-12,0.26254656221868367,0.1722711710194124,0.0,252
EB pairwise,210.84407320702465,-0.5868699092616794,288.2335247910389,2.4919630619899776e-14,6.905016096515968e-14,0.05152602893497833,0.0,252
EB-offset hybrid: main,209.12061322168228,-2.3103298946040525,336.3533144956045,1.335460613858989e-10,0.24166460723929598,0.1665964793568044,13.0,252
EB-offset hybrid: pairwise,211.06372626854085,-0.3672168477454818,287.6504462774897,2.2826322313557203e-15,1.8490508587327208e-15,0.03609847038954766,9.0,252
Naive respondents,201.41682926604557,-9.565659097309663,500.99999999999994,0.3958705858481767,0.2053788749117379,0.41194259573321795,0.0,253
OLS prediction,209.5467455962207,-1.435742767134542,,,,,,253
EB main,208.8494300959802,-2.13305826737502,398.8953051257805,1.2884958231252422e-15,0.13459166769359926,0.15125987996710247,0.0,253
EB pairwise,209.23917153037272,-1.743316832982515,382.6761420996569,4.174141428047835e-15,5.908363239561935e-15,0.10919617845792387,0.0,253
EB-offset hybrid: main,208.90601076316912,-2.0764776001861094,400.24236108389897,2.2038065728794694e-09,0.13454416655413404,0.1528501360336367,2.0,253
EB-offset hybrid: pairwise,209.34862713958074,-1.6338612237744883,383.26125537887503,4.463336717561264e-16,9.64443850499406e-16,0.10637301325444248,3.0,253
Naive respondents,199.01368809191345,-11.45934477761159,510.0,0.3698586059131598,0.17750727713476058,0.44449526652090104,0.0,254
OLS prediction,209.70410625903338,-0.7689266104916612,,,,,,254
EB main,208.89716625451283,-1.5758666150122167,404.1388856647284,1.5232638165681016e-12,0.15625857263182769,0.15659446334946658,0.0,254
EB pairwise,208.84450981974862,-1.628523049776419,387.49524653771914,1.4122620478979338e-09,3.751053185003919e-09,0.1309782660946504,0.0,254
EB-offset hybrid: main,209.84185107666963,-0.6311817928554149,396.2314257048917,1.5171732645264982e-15,0.1618109412206309,0.12003878010569774,10.0,254
EB-offset hybrid: pairwise,209.66493603232487,-0.8080968372001678,381.8534958743933,9.270932906604922e-10,1.4679989700070714e-09,0.11495749979580776,13.0,254
Naive respondents,199.07788093640977,-11.962827837936231,462.9999999999999,0.5328164913963486,0.2437170666007423,0.5714555226348654,0.0,255
OLS prediction,211.2611320645446,0.22042329019859608,,,,,,255
EB main,209.15124483620536,-1.8894639381406364,253.8601755700673,1.2229346586301697e-14,0.4414539359502764,0.2320083534832381,0.0,255
EB pairwise,213.08888779714079,2.048179022794784,181.9912758026037,1.0742329330556453e-13,2.0800581459080136e-13,0.08289708078783382,0.0,255
EB-offset hybrid: main,209.8445126213205,-1.196196153025511,235.5945992560524,9.907455886587634e-11,0.38689625549236056,0.19039611913970708,21.0,255
EB-offset hybrid: pairwise,212.29607327022816,1.2553644958821621,170.28505952198884,3.513848317907198e-09,4.268114119570006e-09,0.05655001455483542,61.0,255
Naive respondents,197.67675934502861,-10.120977000894896,503.00000000000017,0.43867257781737756,0.1798578682952969,0.46813584273309905,0.0,256
OLS prediction,205.82980462271965,-1.9679317232038613,,,,,,256
EB main,205.26771835787733,-2.5300179880461826,386.3238828606326,7.1906456960069734e-09,0.1995466171834722,0.17780341041109138,0.0,256
EB pairwise,205.2829984279055,-2.5147379180179996,362.5150565197891,1.1553038153583779e-15,2.4385967429231162e-15,0.16780574465671635,0.0,256
EB-offset hybrid: main,206.07156631809062,-1.726170027832893,356.3217305622143,4.6650550283383615e-11,0.10349271309620224,0.15939078307184007,22.0,256
EB-offset hybrid: pairwise,205.83160647964706,-1.9661298662764466,351.5046325869038,6.106724496980062e-16,1.188036109218208e-15,0.16459833394121356,15.0,256
Naive respondents,201.31621398368887,-9.628670176936566,498.99999999999994,0.44177822734846744,0.2496238298018225,0.47195398584240766,0.0,257
OLS prediction,210.09679380573874,-0.8480903548866934,,,,,,257
EB main,209.2474182868463,-1.697465873779123,393.75437847315965,2.3103284178655465e-10,0.17826540501909813,0.1734668599120359,0.0,257
EB pairwise,209.82079242484866,-1.1240917357767728,360.0662129445582,1.0909972461700119e-11,1.1369580136438188e-11,0.07697461497117768,0.0,257
EB-offset hybrid: main,209.68630841127586,-1.2585757493495748,371.595909766264,7.268226957515107e-10,0.12942368700301538,0.1350613327648726,15.0,257
EB-offset hybrid: pairwise,209.96712840025876,-0.9777557603666764,357.83945331306506,1.7168565612797855e-15,2.3317529374144334e-15,0.07483961804114787,5.0,257
Naive respondents,202.55266032863165,-8.844310717027213,473.9999999999998,0.4407537526245545,0.22707468348084386,0.4515393948715099,0.0,258
OLS prediction,211.33285988262722,-0.06411116303164022,,,,,,258
EB main,210.4625932794038,-0.9343777662550679,344.2732179149679,4.0647996210801737e-10,0.28976253505833954,0.17305128434838532,0.0,258
EB pairwise,212.69557139074072,1.2986003450818657,294.8175030185451,1.3128515982831615e-10,1.070171792942909e-10,0.057455949576125674,0.0,258
EB-offset hybrid: main,210.83388797978813,-0.5630830658707282,325.7231810679627,5.17784769942337e-10,0.2629607364903274,0.13711161216596862,15.0,258
EB-offset hybrid: pairwise,212.5215089195603,1.1245378739014313,255.51696380988562,1.2952098152920969e-15,1.7853195539488906e-15,0.053628898519497537,79.0,258
Naive respondents,198.83740418954432,-11.588982050340292,484.0,0.4252875025042478,0.26563728541507525,0.4990213774219753,0.0,259
OLS prediction,209.34750099411323,-1.0788852457713745,,,,,,259
EB main,208.3202439315579,-2.106142308326696,358.2414064834203,1.3822801079536302e-15,0.3683689876693784,0.21097952686828153,0.0,259
EB pairwise,209.8140187152543,-0.6123675246303151,306.623038425097,3.7343335711643905e-12,9.115950578042694e-12,0.0850281606180967,0.0,259
EB-offset hybrid: main,209.07528924245076,-1.3510969974338423,332.7276940730852,9.979444259026304e-10,0.3021871737085585,0.14948940836618715,15.0,259
EB-offset hybrid: pairwise,210.7742431117456,0.3478568718609836,297.49057742203263,1.420836611537795e-12,3.5111556167683643e-12,0.04401735985423305,31.0,259
Naive respondents,202.22074754743107,-9.186847562328012,501.99999999999955,0.4480023270119216,0.1735417640984765,0.4494685010442593,0.0,260
OLS prediction,210.79136721523003,-0.6162278945290609,,,,,,260
EB main,210.32413534879365,-1.0834597609654395,374.6704546733996,1.9648743367964137e-10,0.31099159208152344,0.1269023746371022,0.0,260
EB pairwise,212.78653638183982,1.3789412720807377,332.11748255692135,1.757153354365822e-15,7.177196742613796e-15,0.05173945335864254,0.0,260
EB-offset hybrid: main,210.67076095918804,-0.7368341505710418,372.9422919099927,5.193662122221079e-10,0.2693214236372024,0.1136848733161669,3.0,260
EB-offset hybrid: pairwise,212.72461967038205,1.3170245606229685,307.44014199952306,6.0559928748856415e-15,5.3982688126689305e-15,0.04595285559448555,30.0,260
Naive respondents,198.90924289832583,-11.597618035128875,477.9999999999997,0.418412208670445,0.17954250748470651,0.46562039922509213,0.0,261
OLS prediction,208.70172276794116,-1.8051381655135401,,,,,,261
EB main,208.23135285058478,-2.2755080828699192,339.30739499073013,6.46931559740255e-15,0.16232490969112234,0.2095034603526909,0.0,261
EB pairwise,208.938109323855,-1.5687516095997012,303.48918489139584,1.6412881921936815e-13,1.890021727937923e-13,0.13820921868560984,0.0,261
EB-offset hybrid: main,209.19471311153706,-1.3121478219176481,330.2926746089693,2.4391496218849285e-10,0.11602646414571985,0.16314280857752553,11.0,261
EB-offset hybrid: pairwise,209.18405289459525,-1.3228080388594492,306.32355532012434,4.571401752928658e-16,1.6353134330393352e-15,0.13417866343955212,4.0,261
Naive respondents,199.45279987569592,-11.135094008849961,479.00000000000017,0.42920161634266657,0.20896975858118735,0.4557853576346779,0.0,262
OLS prediction,209.18658693418413,-1.401306950361743,,,,,,262
EB main,208.01471891730995,-2.5731749672359285,353.60475124106944,1.0680620281785358e-14,0.3857897320565758,0.17298406339221803,0.0,262
EB pairwise,209.6852936683254,-0.9026002162204918,317.07682127711684,4.679578075725859e-13,1.2465608055694157e-12,0.06430112448279475,0.0,262
EB-offset hybrid: main,208.20376339109163,-2.3841304934542507,353.60328161303545,4.788525297030744e-10,0.3534551190895689,0.16735701288983343,2.0,262
EB-offset hybrid: pairwise,210.16229957623545,-0.4255943083104228,322.08534115152895,2.0692013581023205e-14,6.366558768271973e-14,0.05637878444575891,16.0,262
Naive respondents,201.7596076372643,-9.976272905048262,469.9999999999999,0.49780680346035644,0.20997035296780472,0.5214658990406851,0.0,263
OLS prediction,211.31796993802226,-0.4179106042903129,,,,,,263
EB main,210.11623158718882,-1.6196489551237505,319.78066998073183,2.8958342172427714e-09,0.23879187711885394,0.20289107287106614,0.0,263
EB pairwise,210.81646156273655,-0.9194189795760224,289.58826287200054,7.376974777012096e-12,1.1844041077650408e-11,0.12274585011013563,0.0,263
EB-offset hybrid: main,210.14714829295963,-1.5887322493529439,299.1576347839084,3.2611616940777657e-09,0.17951358606773915,0.17980244388417846,11.0,263
EB-offset hybrid: pairwise,211.30286074154358,-0.4330198007689887,283.41741791773296,2.4037774703888363e-11,4.22939120457379e-11,0.09218793562153778,14.0,263
Naive respondents,200.0438563845738,-8.784481468390396,510.0,0.4414324878662065,0.22748049201955467,0.45372558568944654,0.0,264
OLS prediction,209.37457534936763,0.5462374964034495,,,,,,264
EB main,207.09770892968388,-1.7306289232803067,324.6400442734974,1.6119188984197635e-14,0.26937344474524827,0.12545671460122654,0.0,264
EB pairwise,209.78514648575324,0.9568086327890626,308.30622305965494,8.29550242763613e-12,1.3770644979884065e-11,0.07836614828994137,0.0,264
EB-offset hybrid: main,207.3708604242328,-1.45747742873138,331.00766168401464,8.653478748304256e-09,0.24233756691039723,0.11502962214121408,7.0,264
EB-offset hybrid: pairwise,209.71450481543576,0.8861669624715773,306.1074401993932,8.304124006046081e-15,1.0478767023473302e-14,0.07926834541380616,2.0,264
Naive respondents,201.16190390743805,-8.455247430578567,538.9999999999999,0.44472913057628694,0.12945737810324895,0.4565404030498267,0.0,265
OLS prediction,209.3081755451351,-0.3089757928815118,,,,,,265
EB main,208.5214363138302,-1.0957150241864042,397.02944257935917,8.161326967886581e-11,0.19912786138511268,0.160295734099794,0.0,265
EB pairwise,209.8049060249118,0.18775468689517538,353.9838186691031,4.6758981227376914e-14,6.057915182731678e-14,0.04848896343916949,0.0,265
EB-offset hybrid: main,209.01849596158047,-0.5986553764361418,379.81807709109137,3.2991158492511196e-10,0.15192477863362008,0.1301183640315403,12.0,265
EB-offset hybrid: pairwise,209.8025132933357,0.18536195531908106,337.77475833242846,3.355062185846371e-15,2.7364057297876743e-15,0.046074224174944785,9.0,265
Naive respondents,199.41083687484894,-12.630229077114421,482.0000000000001,0.43210289106744926,0.28932834132448226,0.4929272586244982,0.0,266
OLS prediction,210.56061044844776,-1.4804555035156,,,,,,266
EB main,209.4386647788044,-2.6024011731589667,333.23591721309987,1.2739377141116017e-14,0.3218603067451657,0.22024767273360543,0.0,266
EB pairwise,211.30774451879668,-0.7333214331666795,251.85833982078682,8.341736824128298e-12,1.1631328546483879e-11,0.04443974035536432,0.0,266
EB-offset hybrid: main,209.57092468609412,-2.4701412658692448,316.528112717154,1.7840430894654536e-10,0.31173525507679284,0.2082103491579817,11.0,266
EB-offset hybrid: pairwise,212.98675346771856,0.9456875157551963,253.42955859740874,8.252128020290455e-15,1.1718284102415449e-14,0.04637328519238591,65.0,266
Naive respondents,202.1013452531975,-9.502118897049257,519.0,0.390318537110939,0.2398601735767206,0.41667744846206967,0.0,267
OLS prediction,210.18643129958605,-1.4170328506607177,,,,,,267
EB main,209.42717376223348,-2.1762903880132853,415.13211656586407,2.239117336590169e-09,0.22966070263948776,0.16593583308476423,0.0,267
EB pairwise,210.56997125055415,-1.033492899692618,379.28301456600957,8.25449641466687e-16,2.7571148605016913e-15,0.06002404711594661,0.0,267
EB-offset hybrid: main,209.59368355331344,-2.009780596933325,416.23570858719063,8.438935044759983e-10,0.2167705681475496,0.15899761577395732,2.0,267
EB-offset hybrid: pairwise,210.56997125055415,-1.033492899692618,379.28301456600957,8.25449641466687e-16,2.7571148605016913e-15,0.06002404711594661,0.0,267
Naive respondents,199.01913361695946,-10.810423832255566,505.9999999999996,0.4078058325098398,0.2417848239095465,0.45236427457701955,0.0,268
OLS prediction,208.9008392629777,-0.9287181862373188,,,,,,268
EB main,208.04543048518457,-1.7841269640304631,386.5902042647962,2.0303526748519683e-09,0.19641893661633855,0.15145185587931656,0.0,268
EB pairwise,208.73494814178758,-1.0946093074274472,363.57040599768334,2.548056878538848e-14,3.057140129141836e-14,0.08753761622965898,0.0,268
EB-offset hybrid: main,208.22337613535692,-1.6061813138581158,387.6200755900503,1.9652863190149825e-10,0.19971437992997185,0.15198441806813087,6.0,268
EB-offset hybrid: pairwise,209.5756744280003,-0.25388302121473316,354.74008586454903,1.1127069800357844e-12,1.809722262280054e-12,0.057941913521435226,18.0,268
Naive respondents,199.16796934654684,-9.543345165720524,482.9999999999999,0.4240296069243991,0.15791909700846102,0.45031884595468524,0.0,269
OLS prediction,207.43599768995736,-1.2753168223100033,,,,,,269
EB main,206.43702190345016,-2.2742926088172055,356.52738052455135,5.862924880142667e-13,0.23568606076480972,0.13573564042337716,0.0,269
EB pairwise,207.6184427489046,-1.0928717633627514,321.54793099467975,2.709430393711388e-13,3.567210699894531e-13,0.0479395071559632,0.0,269
EB-offset hybrid: main,207.16543423385423,-1.5458802784131365,360.5766381481781,3.65498042286829e-10,0.17858321957202714,0.11924956501985468,10.0,269
EB-offset hybrid: pairwise,208.0109161727958,-0.700398339471576,327.3861528897042,6.388144047125678e-15,1.2233486668108214e-14,0.03854506460163748,9.0,269
Naive respondents,200.48252814975734,-10.145075553043,490.99999999999994,0.3993189731546622,0.2479914850949764,0.42879802030310105,0.0,270
OLS prediction,208.3010640635814,-2.326539639218936,,,,,,270
EB main,206.93483526774222,-3.6927684350581274,384.7297491826923,3.281781985712706e-11,0.31927200935602673,0.18708315395233813,0.0,270
EB pairwise,209.6412099440635,-0.9863937587368525,356.09426455797046,3.408001003359219e-15,1.253953456003304e-14,0.03976477458328757,0.0,270
EB-offset hybrid: main,207.9015433907726,-2.726060312027755,392.9465111155313,4.462229624133853e-09,0.23028012924286156,0.1613274111547088,10.0,270
EB-offset hybrid: pairwise,209.970865187963,-0.6567385148373432,352.685255796088,5.488592955352732e-14,6.895705672210553e-14,0.025998311920130933,20.0,270
Naive respondents,200.46005053939484,-10.954063016549185,493.99999999999955,0.3929834863074507,0.25196737602792535,0.4406171441791744,0.0,271
OLS prediction,210.1600961621311,-1.2540173938129158,,,,,,271
EB main,209.54010422797802,-1.8740093279660073,381.3193445566379,1.072482338201346e-10,0.2354361342269186,0.1675135988872194,0.0,271
EB pairwise,211.04358266284993,-0.3705308930940987,351.00937610236946,1.8070403731554564e-14,3.262062973257364e-14,0.05164224429140994,0.0,271
EB-offset hybrid: main,209.80606945739032,-1.6080440985537052,377.2988823848267,5.237778968574577e-09,0.22268038583257282,0.15515671274312545,6.0,271
EB-offset hybrid: pairwise,211.38976785747704,-0.024345698466987642,353.92407054738356,8.355410609613095e-15,1.0132018490246145e-14,0.04098831722783381,5.0,271
Naive respondents,199.0406408810438,-11.465340136209903,473.9999999999998,0.43154995315455424,0.18181968551265373,0.48127372148929587,0.0,272
OLS prediction,210.97518490442113,0.4692038871674242,,,,,,272
EB main,209.63576478112054,-0.8702162361331602,340.13747593757364,2.138677091908291e-14,0.10930268573105824,0.12456714375197737,0.0,272
EB pairwise,209.8473474578526,-0.6586335594010961,314.7364547718372,6.327295070881578e-15,5.577099284259403e-15,0.0570596062478857,0.0,272
EB-offset hybrid: main,209.63221731239773,-0.8737637048559748,335.277236888053,6.661976949162964e-10,0.12386256295951369,0.12760215323479726,13.0,272
EB-offset hybrid: pairwise,210.2301631431784,-0.275817874075301,306.5555201152615,7.898964739749001e-16,1.6243469330631761e-15,0.05617279433282013,16.0,272
Naive respondents,200.30252643835712,-11.270392248499064,486.00000000000034,0.4392158184816219,0.15810312667512552,0.48746514731946267,0.0,273
OLS prediction,211.64407004737888,0.07115136052269122,,,,,,273
EB main,209.98813531152885,-1.5847833753273335,345.4207972263052,4.1938825331574135e-14,0.17634010199555403,0.13660057224879543,0.0,273
EB pairwise,210.4705443684007,-1.1023743184554746,335.478886110421,5.79234604752987e-10,1.010845944523645e-09,0.09181134428433951,0.0,273
EB-offset hybrid: main,210.40737660302,-1.1655420838361863,343.5177110798206,2.7972618476464074e-09,0.14218089413566654,0.13630724047017942,5.0,273
EB-offset hybrid: pairwise,210.75754509483792,-0.8153735920182612,333.81341322334407,8.731193827493653e-14,1.4182836341997221e-13,0.09025622973608542,6.0,273
Naive respondents,198.18358576978122,-10.13002044498623,498.0000000000003,0.4065888418177575,0.1559413642598797,0.43718692821742067,0.0,274
OLS prediction,207.6832790701718,-0.6303271445956398,,,,,,274
EB main,206.61962089511584,-1.6939853196516026,387.166343747027,5.735257658804882e-09,0.24675882626403772,0.11517132890432648,0.0,274
EB pairwise,207.601919627894,-0.7116865868734408,354.55430896013473,3.6779031538169495e-15,6.133731518673329e-15,0.03722762387481643,0.0,274
EB-offset hybrid: main,207.6181077047191,-0.6954985100483384,385.46673897812946,2.725986232418308e-10,0.1765025804852019,0.08157128197626101,8.0,274
EB-offset hybrid: pairwise,208.0289457016061,-0.28466051316135577,362.736595621751,1.7203680076825047e-15,1.3312593493882453e-15,0.03437930258688243,7.0,274
Naive respondents,200.07038705428766,-9.922756708552782,466.00000000000045,0.422993941661677,0.23595221279834908,0.4573639605527641,0.0,275
OLS prediction,207.36109405328062,-2.6320497095598228,,,,,,275
EB main,206.41366317093903,-3.579480591901415,365.4625010249466,1.503955543836758e-14,0.318547040205921,0.2219098003081561,0.0,275
EB pairwise,209.0260489742847,-0.9670947885557553,310.72679914273965,1.787486548601846e-15,1.7497307065262094e-15,0.058730625209699114,0.0,275
EB-offset hybrid: main,207.89044237785228,-2.1027013849881655,364.005902247603,1.7830338182755016e-09,0.221916832767977,0.1614439388084249,9.0,275
EB-offset hybrid: pairwise,209.24388282892468,-0.7492609339157639,306.5900526456355,8.276562308295136e-16,1.5244817592647098e-15,0.05955339073900504,20.0,275
Naive respondents,199.90771891713564,-9.40197828962576,496.9999999999997,0.38306350064268047,0.2749499797744163,0.415019306836838,0.0,276
OLS prediction,207.84542165813846,-1.4642755486229362,,,,,,276
EB main,206.71951850555348,-2.5901787012079183,400.08160326317795,6.597727645586645e-14,0.2692375384862194,0.12167743475068976,0.0,276
EB pairwise,207.93721564479176,-1.3724815619696358,368.68159075912484,4.154520196742476e-14,5.3910475234556756e-14,0.04961946831248674,0.0,276
EB-offset hybrid: main,207.52249568079083,-1.7872015259705734,398.6771994192463,1.8146274388512415e-09,0.21319577774526183,0.10609359550025738,6.0,276
EB-offset hybrid: pairwise,208.85291179863722,-0.45678540812417623,373.1426629660457,9.703662144249383e-16,1.5428744110668166e-15,0.017935769354012396,10.0,276
Naive respondents,201.9304061567632,-8.7574227124216,500.0000000000005,0.3652771943236835,0.17634654244625944,0.4077989427980487,0.0,277
OLS prediction,208.42727133900434,-2.2605575301804777,,,,,,277
EB main,207.74329524693255,-2.9445336222522656,420.29889086157294,1.5681751248725748e-09,0.27543469394810827,0.20715147860094058,0.0,277
EB pairwise,209.7124044109193,-0.9754244582655076,373.6403651769928,4.570486168178783e-12,5.008729615962455e-12,0.06164251866713983,0.0,277
EB-offset hybrid: main,208.2518735951842,-2.435955274000605,411.84332071778283,1.858326203753391e-09,0.23170089856565387,0.1746069973064258,7.0,277
EB-offset hybrid: pairwise,209.7124044109193,-0.9754244582655076,373.6403651769928,4.570486168178783e-12,5.008729615962455e-12,0.06164251866713983,0.0,277
Naive respondents,201.55608860152745,-9.06076526106358,498.99999999999994,0.4108473447916942,0.21369457324827465,0.43171562062151986,0.0,278
OLS prediction,209.17048628114537,-1.4463675814456565,,,,,,278
EB main,208.66364487307663,-1.953208989514394,399.79453843994725,1.3391537111771427e-11,0.2649951161356408,0.16508475443943502,0.0,278
EB pairwise,209.9873618144108,-0.6294920481802251,359.4509071448677,1.0899959491146777e-14,1.0575137958056165e-14,0.05389383888565679,0.0,278
EB-offset hybrid: main,209.36010097183137,-1.2567528907596568,382.2607840782847,2.2565683913162297e-11,0.2015628184812105,0.1233284550731245,8.0,278
EB-offset hybrid: pairwise,210.45895093295002,-0.15790292964101127,357.71172349257466,5.476325293029478e-13,1.014287067667432e-12,0.03460517535206077,10.0,278
Naive respondents,201.21741957608216,-9.678403188589584,479.00000000000017,0.49059341206695045,0.2148972560519712,0.5041765977003784,0.0,279
OLS prediction,212.4102972022364,1.514474437564644,,,,,,279
EB main,211.22679840040266,0.3309756357309084,308.5510966793517,3.583181894225805e-10,0.2635970408271051,0.19722589587323217,0.0,279
EB pairwise,212.9988863913273,2.1030636266555405,270.38939598169253,1.7705850384828336e-13,3.5241004374204847e-13,0.08012059617693765,0.0,279
EB-offset hybrid: main,211.45416475754436,0.558341992872613,254.6036277096607,5.736219692558481e-10,0.18930670004050532,0.1543641052988951,27.0,279
EB-offset hybrid: pairwise,212.3044180475503,1.408595282878565,206.55150807546548,2.6673863352099668e-15,3.2076765722730947e-15,0.0670100956814923,29.0,279
Naive respondents,199.12746270574516,-10.27630379808312,503.00000000000017,0.42830013503237485,0.1517812930828735,0.46872125578259644,0.0,280
OLS prediction,208.41648146859688,-0.9872850352313947,,,,,,280
EB main,207.56108268003004,-1.8426838237982395,377.5256464162919,8.452984219430292e-10,0.28988194415392776,0.19150976466552386,0.0,280
EB pairwise,209.2172840226506,-0.18648248117767707,331.9723903386004,4.336471223446656e-14,5.931085472903665e-14,0.04443279852177575,0.0,280
EB-offset hybrid: main,208.21495642287834,-1.188810080949935,356.31189530710884,1.6741889377092453e-10,0.2200061062989705,0.13352584017328215,12.0,280
EB-offset hybrid: pairwise,209.7966522950178,0.3928857911895136,335.3036624412609,1.6047699617673072e-15,1.1672959461180675e-15,0.03375636801248465,13.0,280
Naive respondents,200.77001525177926,-9.289616256076584,519.0,0.42074271777703176,0.19558927681643754,0.4346628251904149,0.0,281
OLS prediction,209.39331927057475,-0.6663122372810903,,,,,,281
EB main,208.47463285622987,-1.5849986516259662,398.14141593705085,3.998822655327797e-10,0.22262597438105408,0.14416092482614018,0.0,281
EB pairwise,210.02664556585705,-0.03298594199878835,372.4132888116052,6.911124084825331e-10,7.761377820623563e-10,0.059170934518127924,0.0,281
EB-offset hybrid: main,208.46243057911175,-1.597200928744087,396.238622506717,5.0967092560187805e-11,0.22562542604516322,0.14184040126323627,1.0,281
EB-offset hybrid: pairwise,210.31995131494278,0.2603198070869439,371.36994011585824,4.479567626857262e-15,8.480420822387108e-15,0.049345556693776216,7.0,281
Naive respondents,199.27136181654228,-8.827113698483089,530.0,0.34745845529791347,0.11745201364294186,0.38551076860386535,0.0,282
OLS prediction,205.8544174675133,-2.244058047512084,,,,,,282
EB main,205.45860803351667,-2.639867481508702,446.1010177031471,6.853065624884108e-11,0.23469663894236392,0.20812639316628492,0.0,282
EB pairwise,206.513001018446,-1.5854744965793657,401.5388628426487,4.810120481285212e-10,2.2100818541754527e-09,0.11550915019444875,0.0,282
EB-offset hybrid: main,205.89885209539815,-2.1996234196272155,443.89947986384493,7.376492416361837e-11,0.1949460891773546,0.1837833940288405,4.0,282
EB-offset hybrid: pairwise,206.50652642356073,-1.5919490914646417,401.5696612975443,5.734773044858169e-09,7.0846448674375235e-09,0.1178590050131825,1.0,282
Naive respondents,201.4612098618514,-9.85512080750226,490.99999999999994,0.44797520188516693,0.2065169820339866,0.4704351975639019,0.0,283
OLS prediction,211.1464435895254,-0.1698870798282428,,,,,,283
EB main,210.09633005010156,-1.2200006192520902,347.2786057112283,1.758568105629529e-15,0.28733914813942135,0.1609513236838064,0.0,283
EB pairwise,212.60410132646678,1.2877706571131284,305.7562863299585,7.910628126894424e-12,6.964990355473175e-12,0.05654232623101895,0.0,283
EB-offset hybrid: main,210.1622930796949,-1.154037589658742,345.5667907604906,1.5913762593585477e-09,0.28035942384960016,0.15676106126170442,4.0,283
EB-offset hybrid: pairwise,212.18265248400914,0.8663218146554925,296.01316599933676,3.2158062935142298e-15,4.203616387803745e-15,0.050703754121716564,15.0,283
Naive respondents,201.87570048928075,-9.282145136949566,524.0,0.4365057931181056,0.09283712622814262,0.4467041197358062,0.0,284
OLS prediction,210.1141772898313,-1.0436683363990085,,,,,,284
EB main,208.89031959893768,-2.2675260272926323,387.14066354039295,8.405393104805728e-13,0.22484771885528337,0.13971487938543772,0.0,284
EB pairwise,209.95322199827626,-1.2046236279540494,349.6753248997726,2.7510265861659794e-13,3.7412008547895757e-13,0.04336725362094516,0.0,284
EB-offset hybrid: main,209.39372323872965,-1.764122387500663,385.4077743111321,2.469635016537887e-10,0.20313502925446408,0.1201849033143456,5.0,284
EB-offset hybrid: pairwise,210.25895443921155,-0.8988911870187621,352.1611262947826,1.6035268109851864e-12,2.656255534481262e-12,0.036793061190359,3.0,284
Naive respondents,201.2778793832422,-9.22526924444125,487.99999999999955,0.39804875081518093,0.18966187825542336,0.44754572891353,0.0,285
OLS prediction,208.43354342872132,-2.0696051989621367,,,,,,285
EB main,207.4495002090499,-3.0536484186335713,394.405578220472,3.242358712335947e-09,0.22151081688572746,0.2296238638278719,0.0,285
EB pairwise,208.29524213787977,-2.2079064898036904,366.9036584144428,1.0433879234117226e-11,1.2686792739292853e-11,0.15131924804576605,0.0,285
EB-offset hybrid: main,207.94582637434658,-2.557322253336878,386.90343724674074,9.751045329125633e-10,0.1537365359796454,0.20111593124264526,7.0,285
EB-offset hybrid: pairwise,208.30193006836825,-2.2012185593152083,366.9188447576993,1.512965274659431e-15,1.943395264815625e-15,0.1512029747735088,1.0,285
Naive respondents,200.85989325433823,-10.921946377577541,511.0,0.41697247814851046,0.15931664302048018,0.45655444762808134,0.0,286
OLS prediction,210.96276783282417,-0.8190717990916028,,,,,,286
EB main,209.50378720855966,-2.2780524233561152,372.7227283532939,3.863062258994303e-12,0.17474967836959654,0.17776040305860086,0.0,286
EB pairwise,210.14406234574585,-1.6377772861699214,341.97421173743004,2.2555024633999386e-12,4.308837827287925e-12,0.09653063498343062,0.0,286
EB-offset hybrid: main,210.45559487006904,-1.3262447618467377,369.50919912222184,1.2313790523385823e-10,0.10890704636880146,0.130248118153776,12.0,286
EB-offset hybrid: pairwise,210.61455389835638,-1.167285733559396,350.22557810886246,1.9854489868970457e-15,3.0274754225700095e-15,0.08752698608579801,6.0,286
Naive respondents,200.08753065397113,-8.247527486673135,493.99999999999955,0.41278393002837693,0.15562482694373414,0.41981034451897054,0.0,287
OLS prediction,208.28604936386978,-0.04900877677448534,,,,,,287
EB main,207.47611147145116,-0.8589466691931023,395.67561873352554,5.577566345530436e-09,0.18479960813354576,0.11516478529875801,0.0,287
EB pairwise,207.30971187155038,-1.0253462690938875,378.8422656101443,4.116443108242977e-14,8.34840069966512e-14,0.09610616096760478,0.0,287
EB-offset hybrid: main,207.56547273254392,-0.7695854081003404,394.8678564071479,6.115978360504569e-10,0.177981662314043,0.11722075477093032,3.0,287
EB-offset hybrid: pairwise,207.6245784531291,-0.7104796875151749,374.06726963104535,3.3718080267584224e-14,6.778994574092735e-14,0.0761433702995335,7.0,287
Naive respondents,201.40203190015254,-10.295854583834512,487.99999999999955,0.41720242145493075,0.17854747702238802,0.45483050595016244,0.0,288
OLS prediction,211.90502312005563,0.2071366360685829,,,,,,288
EB main,210.8178329765221,-0.880053507464936,352.25294939966483,1.5096188073282871e-09,0.23412005006573322,0.18601146757025497,0.0,288
EB pairwise,212.04484572901916,0.3469592450321102,312.6774692200923,4.230720837129084e-13,8.205662108030975e-13,0.05523482884505421,0.0,288
EB-offset hybrid: main,210.93174223970294,-0.7661442442841064,336.07072695615426,3.571708044503182e-15,0.20435237945867793,0.15755442708041006,10.0,288
EB-offset hybrid: pairwise,212.46890741205485,0.7710209280677986,283.0208992956577,8.667263237322165e-14,1.5956639846340747e-13,0.0518611052981679,35.0,288
Naive respondents,200.39432302317,-8.548466882408093,506.9999999999999,0.3674350788924012,0.12100785837361334,0.38172648937572995,0.0,289
OLS prediction,207.18894203226682,-1.7538478733112584,,,,,,289
EB main,206.5277543825275,-2.415035523050591,404.66524080017933,4.014765699067892e-09,0.1689998255003426,0.18454249223114466,0.0,289
EB pairwise,207.11267197492867,-1.8301179306494078,378.8132024420671,5.067829977253e-14,6.609693935890695e-14,0.13435576015960832,0.0,289
EB-offset hybrid: main,206.63826310156549,-2.304526804012596,401.6288564883816,1.1496306513814832e-11,0.14619757191866425,0.17381443547845563,2.0,289
EB-offset hybrid: pairwise,207.11267197492867,-1.8301179306494078,378.8132024420671,5.067829977253e-14,6.609693935890695e-14,0.13435576015960832,0.0,289
Naive respondents,200.90087220934967,-11.559240905661682,467.9999999999998,0.4583360038013111,0.2305758071335057,0.4986044948627163,0.0,290
OLS prediction,211.17769602967957,-1.2824170853317867,,,,,,290
EB main,209.85555576698238,-2.604557348028976,316.0485940371568,4.739159069872792e-12,0.2771953238243211,0.18180156257524646,0.0,290
EB pairwise,210.9497862733915,-1.5103268416198432,256.8302200206538,8.832031913229307e-10,2.185855680701334e-09,0.06695537839336306,0.0,290
EB-offset hybrid: main,210.80076453213792,-1.6593485828734345,320.51121961887185,2.136811996063573e-09,0.24973196107425866,0.16188372842088075,21.0,290
EB-offset hybrid: pairwise,211.75119686680145,-0.7089162482099027,271.91206289169907,5.155271459583716e-13,1.2548413376588697e-12,0.04432986522512141,24.0,290
Naive respondents,198.41161533775778,-9.482139400498113,523.0000000000001,0.40458974750135057,0.17889730872855997,0.44268052858161483,0.0,291
OLS prediction,206.43047340377535,-1.4632813344805413,,,,,,291
EB main,205.43867667604195,-2.4550780622139428,397.09768405056315,1.066559490980547e-12,0.1534495166876389,0.14614404038474266,0.0,291
EB pairwise,206.0699254305721,-1.8238293076837806,375.9166714443103,3.362761203420087e-13,4.751685709616772e-13,0.09221564787194224,0.0,291
EB-offset hybrid: main,205.87322569469163,-2.0205290435642667,400.0269910887695,7.949381891843491e-11,0.13079151823716226,0.12762813180426358,3.0,291
EB-offset hybrid: pairwise,206.65133400045318,-1.2424207378027177,379.8850538764118,5.332715854690136e-15,8.450466068557602e-15,0.07604469196316138,5.0,291
Naive respondents,201.71994793981938,-10.290475983852247,500.0000000000005,0.4102271763429199,0.16354634531704998,0.437631846661139,0.0,292
OLS prediction,211.30966002433135,-0.7007638993402736,,,,,,292
EB main,210.2890702675625,-1.7213536561091303,375.78097429797106,1.2966068859614013e-14,0.19516494039872984,0.1575633110171374,0.0,292
EB pairwise,211.7458925795256,-0.26453134414603596,350.85006481348853,2.4491143060009706e-11,2.055485373129861e-11,0.04483233921419625,0.0,292
EB-offset hybrid: main,210.79669070938473,-1.21373321428689,373.623332342789,8.302717228695595e-10,0.16739697063728837,0.12983056025036013,7.0,292
EB-offset hybrid: pairwise,212.15924855779008,0.14882463411845492,346.12576793462097,1.3810477714560521e-14,1.2636973462998152e-14,0.03241722298063517,15.0,292
Naive respondents,197.10988608163083,-12.165968051297341,498.99999999999994,0.4609779555307155,0.24655368801113392,0.5149256809168331,0.0,293
OLS prediction,209.20458103735825,-0.07127309556992145,,,,,,293
EB main,206.30842857157282,-2.9674255613553555,304.09059868717577,8.542100468177346e-15,0.706972313334313,0.2285266640073356,0.0,293
EB pairwise,210.5537818607827,1.277927727854518,284.372020629404,5.341702366134661e-15,1.3697272527615631e-14,0.04875670617713449,0.0,293
EB-offset hybrid: main,206.99593396903356,-2.279920163894616,302.9657076764184,2.7782177903135967e-15,0.5781865970411921,0.19015332902086995,19.0,293
EB-offset hybrid: pairwise,211.01925904120455,1.743404908276375,255.48255058218686,7.940506305453631e-12,2.3803572467481874e-11,0.0820063215785367,100.0,293
Naive respondents,200.52318671113295,-9.718173993149122,492.0000000000003,0.3844024782080342,0.16291047863822383,0.4059675346206508,0.0,294
OLS prediction,209.25887966440726,-0.9824810398748127,,,,,,294
EB main,208.8357535886334,-1.405607115648678,386.0848944775509,1.88686492198496e-14,0.1758142562212304,0.15264460732174867,0.0,294
EB pairwise,209.08035161843037,-1.1610090858517026,372.1125046141851,6.551356319749369e-16,3.130574189239255e-15,0.11490904235479932,0.0,294
EB-offset hybrid: main,209.11249518329203,-1.128865520990047,382.59093507295756,7.190059198490368e-09,0.1237342310887718,0.1307876609796175,7.0,294
EB-offset hybrid: pairwise,209.14099121347886,-1.1003694908032173,371.92258074799616,7.489564231576812e-15,1.8120900339683283e-14,0.11388642067619224,1.0,294
Naive respondents,199.79190874861598,-8.539172518644989,495.9999999999997,0.40532751512151044,0.15350327532687652,0.43317399337817236,0.0,295
OLS prediction,207.90484342476626,-0.4262378424947144,,,,,,295
EB main,206.41450161423438,-1.916579653026588,374.20456577014255,7.090333259409456e-11,0.18671026135825425,0.14638114917631584,0.0,295
EB pairwise,206.3196105090363,-2.011470758224675,354.8955815138173,1.4472892469278252e-13,2.648186145033052e-13,0.11058198797627664,0.0,295
EB-offset hybrid: main,207.18372439101842,-1.1473568762425543,383.43366574169016,1.1833787072015482e-10,0.14423350206782284,0.12297812431257625,13.0,295
EB-offset hybrid: pairwise,206.4715894360549,-1.8594918312060713,357.01143629240033,9.658843631359078e-13,1.4987749806792657e-12,0.10433169609750355,2.0,295
Naive respondents,198.58608046605246,-11.491619505484266,511.0,0.41431830780391493,0.2696174213606449,0.46551618086474866,0.0,296
OLS prediction,209.82023687556935,-0.25746309596738115,,,,,,296
EB main,208.92680332580306,-1.150896645733667,357.04891845466653,2.211831893211526e-14,0.2782202057040344,0.18592590704907602,0.0,296
EB pairwise,210.49342691763692,0.4157269461001931,315.25935789072497,2.4806074025518212e-14,2.265318983820151e-14,0.057020432418690266,0.0,296
EB-offset hybrid: main,208.99013614190935,-1.0875638296273848,338.9008901182595,3.0358993056606244e-09,0.23909496360484309,0.16157889012751295,6.0,296
EB-offset hybrid: pairwise,210.34013305249016,0.26243308095342854,305.65612963544925,1.2454381737772243e-15,1.2452269963145147e-15,0.05418068998191937,3.0,296
Naive respondents,200.96009203595327,-7.38932432594126,506.9999999999999,0.4082922553532609,0.12004069498992345,0.4152148975296799,0.0,297
OLS prediction,207.9503380045903,-0.3990783573042336,,,,,,297
EB main,206.66953058845883,-1.6798857734357,411.7503246967286,2.0756054307456225e-15,0.4937035035663336,0.09734761476390748,0.0,297
EB pairwise,206.41775309211025,-1.9316632697842806,372.87507302166114,4.749111601639795e-12,2.1297192854095087e-11,0.07794416249108697,0.0,297
EB-offset hybrid: main,207.1704645471314,-1.1789518147631384,410.25948464975284,8.574718474523782e-09,0.4157734998866426,0.06991542617305115,10.0,297
EB-offset hybrid: pairwise,206.82375429333985,-1.5256620685546807,379.57337377937864,3.3560837589675883e-16,5.911520453533494e-16,0.06747867078731379,5.0,297
Naive respondents,197.57968200042913,-11.372579119459743,505.9999999999996,0.42781595125021465,0.20495923022335355,0.47083355617057787,0.0,298
OLS prediction,208.205174091349,-0.7470870285398803,,,,,,298
EB main,207.14826618677438,-1.8039949331144953,364.7750672102736,6.283079425816703e-15,0.3602072812274191,0.1521747778229235,0.0,298
EB pairwise,207.03937682516178,-1.9128842947270925,355.6009321086964,3.4633642254295822e-09,6.37831431899981e-09,0.18368717450102193,0.0,298
EB-offset hybrid: main,207.14321980475734,-1.8090413151315374,363.88397546464284,9.110443084875465e-09,0.2820340457987936,0.16014506482094887,9.0,298
EB-offset hybrid: pairwise,207.00351877752522,-1.9487423423636585,352.3495223975099,9.604680615981305e-10,1.709354171790452e-09,0.18370414183049352,5.0,298
Naive respondents,201.26759357807933,-8.900904172379342,505.9999999999996,0.428558753399123,0.12222362265773781,0.46593092954098425,0.0,299
OLS prediction,209.8138054788544,-0.35469227160427863,,,,,,299
EB main,208.7660445292105,-1.4024532212481802,369.8651311443675,4.073925937752241e-09,0.21590420221800624,0.19548788255590274,0.0,299
EB pairwise,209.40184755236209,-0.7666501980965847,317.97032777826837,2.227855048677873e-12,5.024324311923878e-12,0.0957200133606122,0.0,299
EB-offset hybrid: main,209.05886672121719,-1.1096310292414842,356.7977141672478,1.168905001930849e-09,0.18759282989571624,0.1644946370103715,11.0,299
EB-offset hybrid: pairwise,209.7413126537507,-0.4271850967079729,317.73809805552065,3.5688262126600235e-13,7.434434229100493e-13,0.08660596332600098,8.0,299
Naive respondents,199.84204122140216,-8.653662533401388,490.99999999999994,0.46297333833699544,0.20720459152181375,0.49623453850212956,0.0,300
OLS prediction,208.5559933135618,0.06028955875825659,,,,,,300
EB main,207.01409648598462,-1.4816072688189195,321.8077059995522,1.0158448471759728e-13,0.4555380892350695,0.17423831854462643,0.0,300
EB pairwise,210.965465942935,2.4697621881314546,246.05069517166783,1.0335600192190001e-10,2.879585296921055e-10,0.09164077370642183,0.0,300
EB-offset hybrid: main,207.68962250353243,-0.8060812512711095,291.8858963432396,1.164440647930504e-10,0.39933996740689975,0.11248036559192992,24.0,300
EB-offset hybrid: pairwise,210.60409910873108,2.108395353927534,213.10941239206306,8.730891762752102e-14,7.451288848027969e-14,0.09171714660308966,100.0,300
Naive respondents,199.85194231233666,-10.852636796875686,489.99999999999994,0.4031955403820841,0.150285764805594,0.4422082249030261,0.0,301
OLS prediction,210.08268213003183,-0.6218969791805193,,,,,,301
EB main,209.3713234527465,-1.3332556564658375,366.5163893859569,1.1574282008363775e-11,0.20235389094664757,0.13049343627320995,0.0,301
EB pairwise,208.8876456261098,-1.8169334831025594,358.18147059640614,1.1798824975664167e-09,2.7112862360454917e-09,0.18209603324612952,0.0,301
EB-offset hybrid: main,209.8215987964601,-0.8829803127522382,362.2659369524343,3.634433929153426e-09,0.1823655270758516,0.11093482333681023,6.0,301
EB-offset hybrid: pairwise,210.0032583902778,-0.7013207189345394,347.693201751814,2.345888519826628e-13,5.051420821784324e-13,0.13971645674819264,25.0,301
Naive respondents,202.87955029516982,-9.099339662377844,517.0000000000002,0.4045795440611926,0.1907372316378814,0.42880597218418853,0.0,302
OLS prediction,210.57851554820422,-1.400374409343442,,,,,,302
EB main,209.52510815487094,-2.4537818026767297,399.84906515289117,1.9554406652233596e-13,0.31072198160344267,0.1566546092092893,0.0,302
EB pairwise,211.40556970482186,-0.5733202527258072,347.49046194736337,1.9270258079867185e-14,5.345691815898946e-14,0.027323810504147047,0.0,302
EB-offset hybrid: main,210.00875814902795,-1.9701318085197101,397.1237422637435,4.13008463692455e-09,0.30013352006560917,0.13385587537894916,8.0,302
EB-offset hybrid: pairwise,212.1502351873226,0.1713452297749427,348.4917620362969,1.4141400792566261e-15,1.4061857247296501e-15,0.01962778231677823,19.0,302
Naive respondents,199.61001434141804,-10.253295574269146,492.0000000000003,0.40882761532586853,0.2209428763483557,0.425324302124788,0.0,303
OLS prediction,208.84983559040273,-1.0134743252844487,,,,,,303
EB main,207.471640727232,-2.3916691884551824,367.85940027289354,3.76681838801693e-12,0.28971083003067905,0.15654227802612344,0.0,303
EB pairwise,208.60002881065967,-1.2632811050275166,353.8673760580919,5.485473094474292e-16,1.0353102350272124e-15,0.07927970447773049,0.0,303
EB-offset hybrid: main,207.72989787268978,-2.1334120429974064,373.3544549210086,1.4705708489400435e-10,0.22541897173894673,0.1506418109714309,2.0,303
EB-offset hybrid: pairwise,209.18291059434844,-0.68039932133874,358.47616846373927,1.0211727925904222e-12,1.595495244046298e-12,0.0561146755691753,8.0,303
Naive respondents,201.85282577718834,-9.31324615273951,519.9999999999998,0.38835811535982395,0.15490069797932243,0.4198448718446532,0.0,304
OLS prediction,210.47508807456407,-0.6909838553637826,,,,,,304
EB main,209.19360050008336,-1.9724714298444894,399.8158058516158,3.6019427422807326e-12,0.1277402988870615,0.1230798607718578,0.0,304
EB pairwise,209.32319110668894,-1.8428808232389144,374.2080402915541,4.563505267736493e-14,1.7865637373210635e-13,0.07701462446923897,0.0,304
EB-offset hybrid: main,209.72511504630435,-1.4409568836234996,401.2544833097362,1.4344507804503571e-10,0.09270442481696053,0.09761159072741832,7.0,304
EB-offset hybrid: pairwise,209.60617741179144,-1.5598945181364172,386.77028082012595,5.882692542988506e-11,2.3153325625682838e-10,0.07419560086414906,5.0,304
Naive respondents,200.831178611684,-7.823844617072382,512.0,0.4215514496286802,0.1505955151905728,0.4384869564302798,0.0,305
OLS prediction,207.54440676168778,-1.1106164670686098,,,,,,305
EB main,206.76141467804234,-1.893608550714049,420.2760099664779,1.706779600499556e-11,0.28519758102094306,0.1618752375030863,0.0,305
EB pairwise,208.31176240921369,-0.3432608195427065,380.2663429939827,2.7876819684446605e-15,7.979379528734584e-15,0.03023208601446968,0.0,305
EB-offset hybrid: main,207.47805129973528,-1.1769719290211071,406.535461945764,2.045446602449873e-11,0.20045162971964556,0.1221911284882281,8.0,305
EB-offset hybrid: pairwise,208.56576884313375,-0.08925438562263821,377.84721047866157,7.001617213074095e-16,1.8587989042815772e-15,0.026010825136951896,8.0,305
Naive respondents,203.22706243452967,-9.134578576705024,486.99999999999966,0.4682662376284751,0.20012217157608223,0.4987509194249465,0.0,306
OLS prediction,213.3374778794682,0.9758368682335004,,,,,,306
EB main,212.08252446152358,-0.27911654971111943,330.3121982797305,1.208325447572139e-09,0.16078847743327349,0.16841849931153366,0.0,306
EB pairwise,212.16413555784655,-0.19750545338814618,293.00547784769344,1.018835562440937e-09,1.0925799716430628e-09,0.09267465916014062,0.0,306
EB-offset hybrid: main,212.55022767992946,0.18858666869476792,297.96229043991997,2.1525848096111058e-10,0.09534458640880261,0.13081150351304408,20.0,306
EB-offset hybrid: pairwise,212.42632592054943,0.06468490931473525,291.9231785990879,9.928974700362531e-10,1.6591848082690553e-09,0.08979597986497441,8.0,306
Naive respondents,201.47019588690523,-10.00701280924929,489.00000000000006,0.4270147740152401,0.17263812451716246,0.45118430426145506,0.0,307
OLS prediction,212.587229703806,1.1100210076514827,,,,,,307
EB main,211.1362417722434,-0.34096692391111105,341.75099975208553,7.530578228151009e-14,0.14470810857974978,0.08121889376634264,0.0,307
EB pairwise,211.0409178448264,-0.43629085132812406,325.7773516974435,3.7665270608539916e-09,2.7016923867012266e-09,0.05501680033593774,0.0,307
EB-offset hybrid: main,211.39258342147605,-0.0846252746784728,340.89426978356624,7.108398781461417e-09,0.10447191440028007,0.06990301832860811,5.0,307
EB-offset hybrid: pairwise,211.38869606493003,-0.08851263122448927,333.77389961220797,4.021327385766578e-09,5.597072272043477e-09,0.052311330553795665,5.0,307
Naive respondents,199.93407177068335,-9.438319094657231,520.9999999999999,0.37698660111519805,0.2896357509212714,0.4062095572423303,0.0,308
OLS prediction,208.70141016374663,-0.6709807015939475,,,,,,308
EB main,207.94601719353062,-1.4263736718099551,406.42140802803874,2.40018707858341e-09,0.2651565660124982,0.1642168759279098,0.0,308
EB pairwise,209.02874131689958,-0.34364954844099316,356.4673213046915,2.478780723099927e-14,8.625338104355363e-14,0.03999313840006149,0.0,308
EB-offset hybrid: main,208.32742225810836,-1.0449686072322208,397.35269388293784,3.898878765678543e-15,0.1981468826060208,0.13146947155544253,5.0,308
EB-offset hybrid: pairwise,209.1848841229559,-0.18750674238467013,361.271943356277,2.597152052832145e-13,9.245442011447814e-13,0.04379523828243837,10.0,308
Naive respondents,199.17390611869058,-9.755674229523692,511.0,0.4347434467577857,0.1632382582284456,0.47482785533474486,0.0,309
OLS prediction,208.53666125814073,-0.39291909007354775,,,,,,309
EB main,207.04544543079336,-1.8841349174209086,377.00844289104555,1.7042733704040404e-12,0.2229359282899644,0.1478540555540966,0.0,309
EB pairwise,208.03442625197968,-0.8951540962345916,347.6789901388885,5.858411270299728e-10,4.977313427103473e-10,0.03709285099871493,0.0,309
EB-offset hybrid: main,207.40032589017312,-1.5292544580411516,381.9816482709316,1.4305357019977142e-09,0.2343051076574091,0.14803168488601706,5.0,309
EB-offset hybrid: pairwise,208.56230209186265,-0.36727825635162503,350.3101771050246,4.565347280516653e-15,4.262240997593017e-15,0.024234287783286342,5.0,309
Naive respondents,198.82584029306202,-11.494223744569496,504.0000000000002,0.4084798086803293,0.18312248636342113,0.464102853166659,0.0,310
OLS prediction,208.54849041485429,-1.7715736227772254,,,,,,310
EB main,207.3523541196428,-2.9677099179887136,380.7799636851091,3.3957117215526098e-12,0.31151436070305755,0.1820632663228423,0.0,310
EB pairwise,208.9222687414243,-1.3977952962072209,351.82122525485414,5.282259811143247e-12,1.4414448003173524e-11,0.08272340839772924,0.0,310
EB-offset hybrid: main,208.2338647135629,-2.086199324068616,380.23145422943423,3.2779548545745085e-12,0.2254004067730533,0.14459114452742444,7.0,310
EB-offset hybrid: pairwise,209.03544679262453,-1.2846172450069844,353.4875027542255,3.5414281885720224e-10,3.3988092395016083e-10,0.08059014740703589,3.0,310
Naive respondents,200.94974771561843,-9.081820291184641,510.0,0.4199035349315475,0.19806205133407534,0.4356240131868699,0.0,311
OLS prediction,208.72019322604174,-1.3113747807613265,,,,,,311
EB main,207.94764981254838,-2.083918194254693,410.8578251827851,3.7429659038922353e-10,0.16458393351159206,0.139145447816092,0.0,311
EB pairwise,208.3769065747977,-1.6546614320053834,390.3051069056852,5.220848597115363e-12,6.4103726780041195e-12,0.08481450654587676,0.0,311
EB-offset hybrid: main,207.97321327884876,-2.0583547279543097,410.8170762222714,3.882886809549731e-10,0.1610653283592337,0.13799939931977356,1.0,311
EB-offset hybrid: pairwise,208.4362574680294,-1.5953105387736741,390.0398628372306,3.2371620245832394e-10,6.017874958498941e-10,0.08502578272678955,2.0,311
Naive respondents,198.89076418059076,-9.822152766807903,496.9999999999997,0.4264342602992268,0.14776766448713077,0.4690434621207539,0.0,312
OLS prediction,208.25390231284135,-0.4590146345573203,,,,,,312
EB main,206.60238100027516,-2.110535947123509,361.17185521194784,4.030385133517167e-15,0.29796637937962345,0.16035935086375497,0.0,312
EB pairwise,208.60432147671045,-0.10859547068821485,310.8679001758439,2.634056781502138e-11,5.3853385967694135e-11,0.044036490319736325,0.0,312
EB-offset hybrid: main,207.35479444545143,-1.3581225019472356,347.43651989009237,8.605283043023622e-09,0.25376694916765424,0.14269030383291673,16.0,312
EB-offset hybrid: pairwise,208.60355354043926,-0.10936340695940316,306.0729479380978,2.158557709568948e-09,2.9798758853808716e-09,0.04673670011870729,9.0,312
Naive respondents,201.90216153716005,-9.094781145366085,482.0000000000001,0.4002703375944692,0.11740153803384745,0.4379879357729897,0.0,313
OLS prediction,209.15609109259103,-1.840851589935113,,,,,,313
EB main,208.48429474471067,-2.5126479378154727,389.28737492238383,1.41757443424918e-10,0.2217549278121911,0.19325098219035913,0.0,313
EB pairwise,209.66350788827634,-1.333434794249797,357.45861773561205,1.5282983717288804e-10,2.0282668096548085e-10,0.0934696643219078,0.0,313
EB-offset hybrid: main,208.94771255535267,-2.049230127173473,383.88072143256755,3.90046475267462e-11,0.18088718572131396,0.17247372537034528,10.0,313
EB-offset hybrid: pairwise,209.7808536660575,-1.2160890164686293,349.1101147826481,1.293662293116867e-14,1.0985457738251999e-14,0.09848287844434725,12.0,313
Naive respondents,201.56299855568312,-9.110168047800727,498.99999999999994,0.4082276208976721,0.18634967182149362,0.4218460603975185,0.0,314
OLS prediction,210.35196399838503,-0.3212026050988186,,,,,,314
EB main,208.45071778986215,-2.222448813621696,360.1660140348543,2.068861407488803e-15,0.1135324330410718,0.08655537013917874,0.0,314
EB pairwise,208.8969952629719,-1.7761713405119508,350.26723877596305,6.232091360155604e-14,2.0782619077568105e-13,0.0667025563889771,0.0,314
EB-offset hybrid: main,208.9664430472014,-1.7067235562824408,373.3762704359746,2.832719165858685e-15,0.14292088706454317,0.09383007061829274,9.0,314
EB-offset hybrid: pairwise,209.4975498520185,-1.1756167514653555,355.20206258083005,3.5299113946675054e-13,2.6701545554690704e-13,0.0450776207452027,8.0,314
Naive respondents,199.57835318386452,-9.676802123175747,501.99999999999955,0.4215539256584511,0.19995639076013264,0.45397720604050124,0.0,315
OLS prediction,208.65993927197124,-0.5952160350690292,,,,,,315
EB main,207.3008197683029,-1.9543355387373822,384.55601544089456,2.5056721012892565e-12,0.2784014399752704,0.13998626146196894,0.0,315
EB pairwise,209.54627724892245,0.29112194188218155,346.78233208975894,6.2622855534327e-13,5.374841263314948e-13,0.01913083656438559,0.0,315
EB-offset hybrid: main,207.49184371538024,-1.7633115916600275,385.2148215963561,1.9959089126555905e-09,0.26673349539099817,0.12781698576433473,3.0,315
EB-offset hybrid: pairwise,209.582522665267,0.3273673582267236,342.95765758645155,4.103352947635472e-14,5.014475007175933e-14,0.034786134821029255,8.0,315
Naive respondents,201.1191498941122,-10.431110440550128,493.99999999999955,0.4242265882206849,0.2114706895662832,0.46712455759154387,0.0,316
OLS prediction,209.40506431127795,-2.1451960233843863,,,,,,316
EB main,208.45352630763352,-3.096734027028816,393.10987469292724,3.0182723082455694e-15,0.27378706425431265,0.16893084387969554,0.0,316
EB pairwise,209.88235575070357,-1.667904583958773,346.64410358423504,1.1921977240909293e-14,1.1312196064006091e-14,0.055323606276546956,0.0,316
EB-offset hybrid: main,209.75524658187467,-1.7950137527876677,382.7346687906394,5.494539606360457e-11,0.20823451536931492,0.14004652189555597,9.0,316
EB-offset hybrid: pairwise,210.91637223924278,-0.6338880954195645,347.83879788918284,1.0420957137801904e-13,1.827926258055997e-13,0.03385185008657039,13.0,316
Naive respondents,200.73266383795695,-8.763007645938842,505.9999999999996,0.46058999542647217,0.23844512226853715,0.44137053114852737,0.0,317
OLS prediction,209.94484821755572,0.4491767336599253,,,,,,317
EB main,208.93911724317303,-0.556554240722761,362.5958736637962,1.1140420628776229e-09,0.27447136287182705,0.0966943359448701,0.0,317
EB pairwise,210.36782382282385,0.8721523389280605,323.4926313530751,6.289829640452358e-15,6.371831841821632e-15,0.031694161878690404,0.0,317
EB-offset hybrid: main,208.85973415036383,-0.635937333531956,345.6681285046325,7.775317659871375e-10,0.3160156060132763,0.11745859893627641,10.0,317
EB-offset hybrid: pairwise,211.21075809659004,1.7150866126942503,288.8244073387225,4.1415454448510485e-15,5.977901397432635e-15,0.08449195250294882,48.0,317
Naive respondents,199.50093230426094,-9.29971921829673,505.00000000000034,0.4343636809062024,0.1838807880410379,0.45960291477450593,0.0,318
OLS prediction,209.0732306009605,0.2725790784028277,,,,,,318
EB main,208.07318852297126,-0.7274629995864075,359.2215499437996,1.1323373561963258e-12,0.18565924960608288,0.17500734493326173,0.0,318
EB pairwise,208.20363918519308,-0.597012337364589,334.25879603310136,1.8620576793417307e-14,1.4974607840284765e-14,0.10508990864817648,0.0,318
EB-offset hybrid: main,207.74307236832286,-1.0575791542348156,344.35161449336863,3.758108370072767e-12,0.12102911389282313,0.1547268277040443,13.0,318
EB-offset hybrid: pairwise,208.13297819509526,-0.6676733274624098,334.36262053698874,3.945317562770737e-10,1.011026066843977e-09,0.10805968337470011,3.0,318
Naive respondents,197.3122400736652,-10.313768283246162,493.99999999999955,0.4312907768597301,0.21138849096878817,0.4575973883380168,0.0,319
OLS prediction,206.87786439155803,-0.7481439653533357,,,,,,319
EB main,205.7986942321679,-1.8273141247434808,353.9125042657221,9.840302394960553e-15,0.24092964474819312,0.17064129877387674,0.0,319
EB pairwise,207.1438025116097,-0.482205845301678,333.62881130297836,5.876459263894164e-14,1.0293622207143218e-13,0.09194307666253178,0.0,319
EB-offset hybrid: main,205.73729417761515,-1.8887141792962154,349.6854621080109,2.129410301870178e-09,0.2438872494742452,0.16967852954331034,7.0,319
EB-offset hybrid: pairwise,207.08632796246025,-0.5396803944511248,332.6641728581567,2.1951813367160512e-09,1.7678546084980517e-09,0.09664788715425744,2.0,319
Naive respondents,198.5188082982047,-10.911261601618577,505.9999999999996,0.3944168228172141,0.15173383027788323,0.4651862859373503,0.0,320
OLS prediction,208.34719803202316,-1.0828718678001223,,,,,,320
EB main,206.35529308081271,-3.074776819010566,377.06841188794886,1.912480934954387e-15,0.6065098816522806,0.16389915989240572,0.0,320
EB pairwise,207.1867392487228,-2.2433306511004787,363.43766014184007,3.7986025502160745e-12,1.3169546536591074e-11,0.16871673385411806,0.0,320
EB-offset hybrid: main,206.6561139335509,-2.773955966272382,386.2296589968494,1.5037863400161853e-14,0.48883639546589147,0.15109783759243267,5.0,320
EB-offset hybrid: pairwise,207.2489274043159,-2.1811424955073733,351.7746068886597,2.1966789918025843e-11,7.677566040944717e-11,0.1825890361969976,20.0,320
Naive respondents,201.1079033178378,-9.950063270391922,500.0000000000005,0.4323795276897067,0.12218868031937079,0.46139047169630665,0.0,321
OLS prediction,210.79649033147598,-0.2614762567537525,,,,,,321
EB main,209.20242467367208,-1.855541914557648,356.9147427096781,3.198248097890335e-15,0.19224550513051503,0.1286765115379517,0.0,321
EB pairwise,209.4439907584017,-1.6139758298280356,333.1088627120772,5.215866809499842e-15,5.451339266108048e-15,0.07555417152923634,0.0,321
EB-offset hybrid: main,209.73656877331885,-1.3213978149108812,370.7304674546104,4.8313122627981e-15,0.14576326438004378,0.11992648579377382,4.0,321
EB-offset hybrid: pairwise,210.07535543322894,-0.9826111550007965,340.36535115073497,8.45839404555338e-09,3.2380027533952603e-09,0.08303971618494416,16.0,321
Naive respondents,198.4954612842244,-12.00450753542188,506.9999999999999,0.42084728690765977,0.17432151419986106,0.48174914745168423,0.0,322
OLS prediction,209.48920676136183,-1.010762058284456,,,,,,322
EB main,207.90200221360183,-2.5979666060444515,365.1492537269098,2.8166364306083184e-12,0.3071181328926068,0.16848821266744124,0.0,322
EB pairwise,209.71237783580088,-0.7875909838454049,321.7318530332988,9.98087788698765e-14,1.2967425020852216e-13,0.05214935787334245,0.0,322
EB-offset hybrid: main,208.94591311841342,-1.554055701232869,362.2076091122666,6.35442898661268e-11,0.20987303250028122,0.12963181917345185,14.0,322
EB-offset hybrid: pairwise,210.10297192610523,-0.3969968935410577,323.0000688871115,2.4278276535601675e-09,2.9363813097320936e-09,0.04904322231601386,10.0,322
Naive respondents,201.41017482994738,-10.667765642115882,479.00000000000017,0.4115689431583604,0.20027517409140355,0.4670349961421127,0.0,323
OLS prediction,210.76528386371862,-1.3126566083446392,,,,,,323
EB main,207.93533681129216,-4.142603660771101,316.5304179441702,4.060788151839627e-10,0.8737188614975422,0.21147729686852132,0.0,323
EB pairwise,213.364168010571,1.2862275385077453,250.87214756291246,1.2018540609022122e-13,3.78293157428995e-13,0.04659331009524692,0.0,323
EB-offset hybrid: main,208.81894299832047,-3.258997473742795,327.30732232369434,4.028056592077175e-10,0.7529494882669077,0.18049098111638429,4.0,323
EB-offset hybrid: pairwise,213.36416801057106,1.2862275385078021,250.87214756291246,1.201881383214262e-13,3.7830916688426995e-13,0.04659331009524695,0.0,323
Naive respondents,197.29764143056568,-11.759074985249782,503.00000000000017,0.44271172283553323,0.1639872204489949,0.5019802221093164,0.0,324
OLS prediction,209.08563363565332,0.028917219837865105,,,,,,324
EB main,207.90953632197053,-1.1471800938449235,361.0307866138874,3.895640007360674e-12,0.16183081096322094,0.14760603143255324,0.0,324
EB pairwise,207.78557244154484,-1.2711439742706148,342.1451362661387,8.962129197371013e-15,1.0056585350080394e-14,0.12151325533093484,0.0,324
EB-offset hybrid: main,208.96729463849627,-0.08942177731918832,345.2770580894465,3.508120667219292e-10,0.1546517910724422,0.09601361440695523,15.0,324
EB-offset hybrid: pairwise,208.73019631542167,-0.3265201003937932,323.89895161948044,3.6134883810272644e-13,8.155520244787403e-13,0.07406696352821045,32.0,324
Naive respondents,199.97563735850738,-9.013838876610947,486.00000000000034,0.4200323529718502,0.15721016831402881,0.45997369657356746,0.0,325
OLS prediction,206.18534362018406,-2.804132614934275,,,,,,325
EB main,205.34866694972078,-3.6408092853975518,405.3669603434528,2.981325733385654e-15,0.12879772932318134,0.17762346116034305,0.0,325
EB pairwise,205.73166511686728,-3.2578111182510554,386.8370878452706,1.8681946365956503e-11,4.516783439407948e-11,0.14301851699235976,0.0,325
EB-offset hybrid: main,206.46185081293547,-2.527625422182865,399.18971448024615,2.915249272189715e-09,0.08851369329088041,0.14910652677389774,8.0,325
EB-offset hybrid: pairwise,206.40459672039395,-2.5848795147243777,384.20132934834066,4.203535552156493e-09,8.542185072638588e-09,0.12898856848588117,5.0,325
Naive respondents,202.96576557841135,-9.046110970090552,504.0000000000002,0.39123030555213323,0.19393537072146616,0.4267889291653761,0.0,326
OLS prediction,209.97922786718456,-2.0326486813173403,,,,,,326
EB main,207.7454350846022,-4.266441463899696,396.0274715610018,2.7159707438328288e-11,0.7205112126024279,0.1744293023882728,0.0,326
EB pairwise,211.18479859695918,-0.8270779515427193,351.4165636415237,8.705979502267002e-11,3.0343750765325454e-10,0.05108902654545241,0.0,326
EB-offset hybrid: main,209.91174715009993,-2.1001293984019753,401.1574101362085,8.402840345865475e-10,0.3660542778853484,0.11195619461106444,10.0,326
EB-offset hybrid: pairwise,211.34172147856992,-0.6701550699319796,354.65047240740324,1.3382669996664883e-09,2.6517578468782126e-09,0.039545484540976915,4.0,326
Naive respondents,201.77563834883122,-10.189570880843547,492.0000000000003,0.4420944911898339,0.21696224254597285,0.45736153631243714,0.0,327
OLS prediction,212.4635647922257,0.49835556255092683,,,,,,327
EB main,211.58255631530412,-0.3826529143706523,360.2244082368072,9.909026457389971e-11,0.17073711351123794,0.13192835968462538,0.0,327
EB pairwise,212.01471435893296,0.04950512925819339,333.7545595065991,1.8332214734861317e-15,2.541968390239845e-15,0.06882617404470294,0.0,327
EB-offset hybrid: main,211.96026416885488,-0.004945060819892433,346.3646199021144,3.27277225927015e-10,0.15583460937670912,0.1163814802247489,10.0,327
EB-offset hybrid: pairwise,212.06361737708355,0.0984081474087759,326.2765534371767,1.9159963908847985e-15,1.87968475534479e-15,0.0925700736803307,12.0,327
Naive respondents,197.84894504705176,-11.11570256063979,495.9999999999997,0.4826273333776659,0.1720547298125746,0.5249002912534813,0.0,328
OLS prediction,207.88179760367538,-1.0828500040161657,,,,,,328
EB main,206.7744013141245,-2.190246293567043,359.12685938780015,1.1299811338936187e-09,0.20916810942495495,0.1703665170163135,0.0,328
EB pairwise,207.49897954713123,-1.4656680605603185,321.0379380056453,9.873962196037892e-16,1.3070908289536886e-15,0.07228735415222677,0.0,328
EB-offset hybrid: main,206.92293127654244,-2.041716331149104,339.8775322529615,7.096335272691939e-10,0.17625920724981564,0.1543084398386914,13.0,328
EB-offset hybrid: pairwise,208.25433776399797,-0.7103098436935795,311.20172700110083,3.610335399863521e-14,4.225259675409183e-14,0.06180449900555719,23.0,328
Naive respondents,200.98866287609064,-6.601045045183781,505.9999999999996,0.4396945386695651,0.17845644742450986,0.44439250442672906,0.0,329
OLS prediction,206.36220227041568,-1.2275056508587454,,,,,,329
EB main,205.2766197169762,-2.313088204298225,408.9800365321673,2.0522206495556556e-13,0.34035718856671615,0.157651270810753,0.0,329
EB pairwise,207.20584107953792,-0.38386684173650565,362.3402155417544,1.7742101153234365e-13,8.84795566076383e-14,0.03252563734839439,0.0,329
EB-offset hybrid: main,205.579842139452,-2.0098657818224126,408.5556470622967,3.793704795555222e-15,0.3123447351396659,0.1489198358418193,3.0,329
EB-offset hybrid: pairwise,207.63757963623334,0.047871714958915845,344.8295716312091,6.38546107178137e-15,7.463903726030928e-15,0.026227997794533116,18.0,329
Naive respondents,201.64975381009768,-9.076783069087952,501.99999999999955,0.39147740592749697,0.19267630001102024,0.4194830686232148,0.0,330
OLS prediction,209.98721017597617,-0.739326703209457,,,,,,330
EB main,209.03666507081977,-1.689871808365865,399.0102261324012,2.7003916755087993e-13,0.2579509655117833,0.16646425186434202,0.0,330
EB pairwise,209.3424942343408,-1.3840426448448397,366.8713015354416,9.581928900618539e-11,1.5560166393091748e-10,0.08969258256407135,0.0,330
EB-offset hybrid: main,209.5529187223411,-1.173618156844526,389.2182368994668,1.337432223860163e-09,0.15083454660100581,0.1267313331446113,10.0,330
EB-offset hybrid: pairwise,209.60078778050283,-1.1257490986828032,372.4809094056658,8.13703098584232e-09,4.596280427397441e-09,0.09273179784146102,9.0,330
Naive respondents,200.27233528179906,-8.910324995870923,500.99999999999994,0.4296072394259797,0.1663958947386027,0.4414104969298086,0.0,331
OLS prediction,208.65430192669666,-0.5283583509733205,,,,,,331
EB main,207.30970734136812,-1.872952936301857,385.65340940947874,1.9428403838980453e-14,0.1273216401527328,0.14200007471859527,0.0,331
EB pairwise,207.52645436019012,-1.6562059174798662,372.7933652701203,1.6569516956178677e-14,2.2509731718117034e-14,0.0973793064389772,0.0,331
EB-offset hybrid: main,207.54198665566526,-1.6406736220047264,389.80583426883453,3.644618774318004e-09,0.12749595449627546,0.13569509859546877,4.0,331
EB-offset hybrid: pairwise,207.73139552298318,-1.4512647546868038,372.3204308555677,4.423234114209664e-09,5.879984421917365e-09,0.08681555365941127,5.0,331
Naive respondents,199.6751543201823,-9.749341256957422,514.0,0.42209428482008693,0.16511121224755868,0.45206828802717236,0.0,332
OLS prediction,207.6404491129093,-1.7840464642304141,,,,,,332
EB main,206.92984648449138,-2.4946490926483307,392.7337006382882,6.197588448634944e-11,0.2299281015837335,0.15582106844687096,0.0,332
EB pairwise,207.5936295385733,-1.8308660385663984,376.11374123285816,2.280310452639037e-14,5.1274063163609474e-14,0.130229650397473,0.0,332
EB-offset hybrid: main,207.17611285999678,-2.248382717142931,396.64716578775295,8.42196351732571e-09,0.2228339267105601,0.15064190244366046,4.0,332
EB-offset hybrid: pairwise,208.00796624888733,-1.4165293282523805,375.8557391749874,3.959076853729965e-09,8.08397568550615e-09,0.11637958662291895,10.0,332
Naive respondents,197.96316882167775,-12.632811039200845,479.00000000000017,0.478600868450225,0.20599202395861244,0.5296722777558962,0.0,333
OLS prediction,212.17004983425772,1.5740699733791246,,,,,,333
EB main,210.27548920448885,-0.32049065638975094,292.423558115785,3.3155080936288784e-12,0.19610659989074788,0.15489454385215504,0.0,333
EB pairwise,210.55019041983658,-0.0457894410420181,273.5543474999941,8.130125171851837e-16,1.3040009947186318e-15,0.06291512292769748,0.0,333
EB-offset hybrid: main,209.94319292720596,-0.652786933672644,264.48581990839733,1.2061928274090556e-09,0.12852398054000597,0.12217304802854685,12.0,333
EB-offset hybrid: pairwise,210.4988406210206,-0.09713923985799511,270.67853702538815,3.858430231503407e-14,6.931619834744411e-14,0.07326577638995277,9.0,333
Naive respondents,199.09738541163222,-10.583751741333543,498.99999999999994,0.455362856875222,0.2027981260865548,0.4817621858308975,0.0,334
OLS prediction,209.22390874121845,-0.4572284117473089,,,,,,334
EB main,207.9656834896193,-1.7154536633464659,351.10296394798075,1.1773635217398138e-12,0.19445243890569752,0.16905995901042695,0.0,334
EB pairwise,207.84852555471247,-1.832611598253294,316.51436648125156,1.7902707761289664e-14,1.920631521843689e-14,0.13255068702831568,0.0,334
EB-offset hybrid: main,208.85526371256182,-0.8258734404039387,327.7342965063471,1.1945006559089256e-15,0.16118977164487888,0.10712627433810178,13.0,334
EB-offset hybrid: pairwise,208.02025703538024,-1.6608801175855206,309.31637477256896,1.545941947991808e-14,3.252322537765491e-14,0.14647230879007408,11.0,334
Naive respondents,199.88583315712413,-10.128620585029182,503.00000000000017,0.40461335686977024,0.15701620351114912,0.4716628912313539,0.0,335
OLS prediction,208.83973275889588,-1.17472098325743,,,,,,335
EB main,207.6877532270832,-2.326700515070115,406.7886370024616,3.629709242112013e-09,0.2301804372675343,0.15289139854378628,0.0,335
EB pairwise,208.78832342630247,-1.2261303158508383,376.6920852828268,3.388783132649768e-13,2.8874086345521204e-13,0.053254439073250164,0.0,335
EB-offset hybrid: main,208.89731333925863,-1.1171404028946768,405.0473234404348,2.9697368245680005e-10,0.15636770147986293,0.11822192185235178,9.0,335
EB-offset hybrid: pairwise,208.8980973481793,-1.1163563939740015,377.55045954129884,3.710309172850141e-14,6.585056344684522e-14,0.05154479491299538,2.0,335
Naive respondents,199.3097071771427,-11.627996106676505,500.99999999999994,0.40860025078822276,0.2004432060190203,0.47003899795800913,0.0,336
OLS prediction,209.37354208899598,-1.5641611948232423,,,,,,336
EB main,207.72889255450582,-3.2088107293133987,363.9473728136016,8.010623361998055e-15,0.2776151107017697,0.19119859145074083,0.0,336
EB pairwise,209.97932539940157,-0.9583778844176436,355.51576780965576,2.5219201124583804e-13,7.044525113568714e-13,0.0744518317844677,0.0,336
EB-offset hybrid: main,207.8753704357432,-3.062332848076011,365.5518717213446,3.9893539796918324e-10,0.26532458846493956,0.18368347875256577,1.0,336
EB-offset hybrid: pairwise,210.12256991880767,-0.8151333650115475,356.2216488768263,9.990956119581872e-15,1.5716020365844435e-14,0.06839635606213554,7.0,336
Naive respondents,198.5750924158475,-10.73431246409632,514.0,0.4284784549205716,0.19694352123108536,0.484687243415505,0.0,337
OLS prediction,208.78956994776323,-0.5198349321806006,,,,,,337
EB main,207.1750152679417,-2.1343896120021384,368.470464520369,5.934491248329313e-09,0.21795003644494995,0.1728875398248967,0.0,337
EB pairwise,208.15421874264445,-1.1551861372993812,346.79070766561995,7.808024897546347e-16,1.842539298105153e-15,0.08702264438245506,0.0,337
EB-offset hybrid: main,207.84601070603784,-1.4633941739059821,367.62058392077734,1.622208395324753e-15,0.1648133240317544,0.13915513034334712,9.0,337
EB-offset hybrid: pairwise,208.12194934809668,-1.1874555318471494,347.0204735162658,1.440919937427849e-14,3.599518486840233e-14,0.08664022896576344,3.0,337
Naive respondents,201.4057920455689,-9.444365468385229,500.99999999999994,0.37619348215246334,0.13010717062142305,0.39897600691426427,0.0,338
OLS prediction,210.13836527536674,-0.7117922385873783,,,,,,338
EB main,209.52459090634483,-1.3255666076092893,398.6718157962538,1.147460547983111e-15,0.10218842685286902,0.10583214786687131,0.0,338
EB pairwise,209.39799989151558,-1.4521576224385342,390.1170688296041,1.2273657602555476e-10,2.7087973234735353e-10,0.10769867656733395,0.0,338
EB-offset hybrid: main,209.88289848439936,-0.9672590295547536,391.4231026210777,7.538007974502651e-09,0.09053944503780213,0.0948906027805092,11.0,338
EB-offset hybrid: pairwise,210.21886871959825,-0.6312887943558678,383.44492139839,1.6499351921164017e-12,3.5158870317656473e-12,0.0693525780580695,13.0,338
Naive respondents,200.86256981316075,-8.590518930151802,505.9999999999996,0.3963932743846253,0.15191065557245872,0.4220280690798836,0.0,339
OLS prediction,208.37109110518514,-1.0819976381274046,,,,,,339
EB main,207.44443576006887,-2.008652983243678,414.78211550036644,1.1944950555805217e-09,0.3285543526945813,0.14830734775753032,0.0,339
EB pairwise,209.0668766695584,-0.38621207375413746,378.1792654989618,1.4249894737197135e-10,1.9191724532081332e-10,0.022445544300249514,0.0,339
EB-offset hybrid: main,207.5599391465192,-1.8931495967933358,416.1621061432633,3.3357576884248577e-11,0.31721607491944653,0.14621740825933288,2.0,339
EB-offset hybrid: pairwise,209.16718792110257,-0.2859008222099817,379.99899332263135,2.9603479720318923e-15,2.9567820973180188e-15,0.019839235191476963,1.0,339
Naive respondents,202.9660977141189,-8.33870439323988,477.9999999999997,0.43836165934354965,0.11834777436056333,0.46483496123736423,0.0,340
OLS prediction,210.37844948652997,-0.9263526208287942,,,,,,340
EB main,208.32660170641614,-2.978200400942626,358.80684799496765,3.2204485799458113e-09,0.3033811420155282,0.1570336859430748,0.0,340
EB pairwise,209.02975865428107,-2.2750434530777,325.8842313826671,3.016949271424686e-14,8.771600074861851e-14,0.0860389492483213,0.0,340
EB-offset hybrid: main,209.47262019226528,-1.8321819150934857,365.01068214384725,7.768357751660752e-11,0.22299607400403965,0.1274537481703538,9.0,340
EB-offset hybrid: pairwise,209.8006831430553,-1.5041189643034727,329.57365949362736,1.0557476963794266e-14,2.0473321773318514e-14,0.08231017455291642,9.0,340
Naive respondents,201.09681070710548,-8.770342895209069,498.0000000000003,0.43610911865617014,0.14089407435977325,0.45583986399848125,0.0,341
OLS prediction,208.80371928347716,-1.0634343188373805,,,,,,341
EB main,207.7790639918746,-2.088089610439937,377.27043713104763,8.055483622834447e-11,0.29604195378617815,0.20155664449228441,0.0,341
EB pairwise,209.36212081198138,-0.5050327903331606,321.99835186299384,6.528803369666163e-13,3.6437053020357754e-13,0.06544041588528951,0.0,341
EB-offset hybrid: main,208.02562075734332,-1.8415328449712263,373.46300633594524,2.930099417632873e-10,0.26186715679183975,0.17988204179308387,5.0,341
EB-offset hybrid: pairwise,209.2867011706542,-0.5804524316603477,319.75157851498193,7.561120046147706e-13,2.625147750780567e-12,0.07026917654077593,7.0,341
Naive respondents,200.46268487075508,-8.766947349701468,493.99999999999955,0.40813405687406124,0.2572456857899061,0.4319639469948952,0.0,342
OLS prediction,207.28231219871302,-1.9473200217435362,,,,,,342
EB main,205.83875481851584,-3.3908774019407133,376.5828627632158,5.37092871166139e-11,0.6946668961459816,0.20533710061813393,0.0,342
EB pairwise,209.69412077360082,0.46448855314426396,284.0795786150242,1.1998332765297588e-10,2.6732919203833733e-10,0.040417031734105636,0.0,342
EB-offset hybrid: main,206.4023967274702,-2.827235492986347,377.43294775172353,9.76698490182391e-10,0.6027926005503993,0.18163259112157168,4.0,342
EB-offset hybrid: pairwise,210.01218600438432,0.7825537839277672,294.08993868782596,5.033761584382054e-13,1.7537125023141561e-12,0.038125108419705546,10.0,342
Naive respondents,199.9674739470232,-8.987816403827651,498.99999999999994,0.37981995719538625,0.10990565374945764,0.40333614456885575,0.0,343
OLS prediction,207.42980313987798,-1.5254872109728694,,,,,,343
EB main,205.34419667139693,-3.6110936794539157,367.975988221227,4.227429650658433e-09,0.43713997676281663,0.17927830302061373,0.0,343
EB pairwise,208.3865529780383,-0.5687373728125351,357.2179320640733,1.0470404237020112e-09,1.49332931972956e-09,0.08917908107440609,0.0,343
EB-offset hybrid: main,206.04186433289453,-2.9134260179563114,372.5651864718086,3.1997237614431603e-15,0.3735855843118219,0.15088348457070533,6.0,343
EB-offset hybrid: pairwise,208.51640701370627,-0.43888333714457417,341.64962892993566,5.4582700276232204e-11,1.2061770227167638e-10,0.05789382506795747,21.0,343
Naive respondents,200.1089028633088,-9.046586782025202,506.9999999999999,0.4502170094850397,0.2308001735803638,0.452119480208596,0.0,344
OLS prediction,208.08901680662166,-1.0664728387123432,,,,,,344
EB main,207.38560561936092,-1.7698840259730844,352.01178177481347,1.1541217567512621e-14,0.2920239288909648,0.17470046155703745,0.0,344
EB pairwise,208.8811346187514,-0.27435502658261157,290.39600280542635,2.5733971584206092e-14,2.2642365201895152e-14,0.06815741590425307,0.0,344
EB-offset hybrid: main,207.66274966626764,-1.4927399790663571,346.378944866158,2.0677057190890846e-10,0.25914970548364913,0.1491281192199323,3.0,344
EB-offset hybrid: pairwise,208.84449867679396,-0.3109909685400396,292.9427234544318,1.4792324604804286e-14,4.361189340690094e-14,0.06875220503033587,3.0,344
Naive respondents,198.21230552633526,-10.554309931967879,517.0000000000002,0.3863646349226811,0.2334428934086069,0.41331949793351846,0.0,345
OLS prediction,208.04968542782302,-0.7169300304801141,,,,,,345
EB main,207.1967362765474,-1.5698791817557378,406.0602773805008,7.623943776663963e-11,0.1839256947064654,0.17228841792656804,0.0,345
EB pairwise,208.18523664522937,-0.5813788130737692,376.26085482190615,2.2002268809180585e-09,2.784291011542311e-09,0.09604706011267021,0.0,345
EB-offset hybrid: main,207.6719605263448,-1.0946549319583312,400.38452689524075,1.1728942279366724e-10,0.14157441785287259,0.13907751038430052,6.0,345
EB-offset hybrid: pairwise,208.30272469278066,-0.46389076552247843,372.2781923501326,2.6432968624710977e-15,2.403240138800658e-15,0.08526355474476502,4.0,345
Naive respondents,200.00497040652448,-10.076193068790076,503.00000000000017,0.4219748077746078,0.12124515729210614,0.4772736512990656,0.0,346
OLS prediction,208.2520269773124,-1.829136498002157,,,,,,346
EB main,206.82644261576468,-3.2547208595498773,400.8890263813217,1.836853543659575e-12,0.3329139298736569,0.18954999477030537,0.0,346
EB pairwise,208.97027655552753,-1.1108869197870206,355.7978719682247,1.6754606519211235e-12,9.597523959477433e-12,0.05521754104959602,0.0,346
EB-offset hybrid: main,207.7957744086667,-2.2853890666478662,390.5293600820804,3.2641034691712083e-09,0.2133633462876088,0.15807499318693313,9.0,346
EB-offset hybrid: pairwise,209.01413759077974,-1.0670258845348144,340.76165995136427,3.954734248469204e-09,3.882162413786857e-09,0.059104743168445016,6.0,346
Naive respondents,199.56724412315586,-10.171351066932687,508.0,0.42344244329580655,0.19364523739665035,0.45265118926522924,0.0,347
OLS prediction,208.0411868134638,-1.697408376624736,,,,,,347
EB main,206.55367218492668,-3.1849230051618633,371.09359586831914,3.526102321327327e-11,0.36539318551336814,0.18361671635118718,0.0,347
EB pairwise,209.5151010894046,-0.2234941006839506,322.6252323687986,8.922733091852348e-15,1.3784932010141826e-14,0.011589565871401976,0.0,347
EB-offset hybrid: main,207.3147725492614,-2.4238226408271544,384.6541167787269,1.2780720063766798e-09,0.3137156223981174,0.16387879752582862,4.0,347
EB-offset hybrid: pairwise,210.1059141150859,0.3673189249973632,317.4613818293431,3.279601480723866e-15,3.0630217858572377e-15,0.02177504632796386,15.0,347
Naive respondents,200.08522433609093,-11.2817162010858,498.99999999999994,0.47354431671412067,0.2962610260386092,0.5165240497291318,0.0,348
OLS prediction,210.93170656278798,-0.4352339743887512,,,,,,348
EB main,209.38843210614576,-1.9785084310309742,318.2716032221493,3.137368959303114e-12,0.38041589951804045,0.22910525942256088,0.0,348
EB pairwise,212.974611083229,1.607670546052276,246.2110326486525,2.3199789916631547e-15,7.64107678229498e-15,0.0792896820146175,0.0,348
EB-offset hybrid: main,210.11350884830497,-1.253431688871757,302.6582790520323,3.359836556635079e-12,0.3177943877415698,0.17033812518905617,24.0,348
EB-offset hybrid: pairwise,212.61053681844854,1.243596281271806,220.9442240647294,1.5275822073008732e-13,2.495203902771811e-13,0.06933496013796245,100.0,348
Naive respondents,200.33836705155989,-9.427762264241608,492.0000000000003,0.3863175713877838,0.2288150591550348,0.4181678186743818,0.0,349
OLS prediction,207.6549939024426,-2.1111354133588804,,,,,,349
EB main,206.82526995277175,-2.9408593630297446,395.47039208884604,4.8159288905577043e-14,0.3633975440680602,0.16682460545719405,0.0,349
EB pairwise,209.5744472461126,-0.19168206968888057,350.37008405371984,1.1656012258583162e-15,7.919826834499887e-15,0.026595939801051856,0.0,349
EB-offset hybrid: main,207.60493012440097,-2.1611991914005273,396.20406190946517,6.644575273397919e-15,0.2786763769901526,0.13736963915824274,5.0,349
EB-offset hybrid: pairwise,210.36420562117485,0.598076305373354,346.55105286417233,6.5471813483068716e-15,4.731130345409073e-15,0.02288905355023853,16.0,349
Naive respondents,197.50639734279517,-11.752528973330385,477.9999999999997,0.4384429725974094,0.2077683173767844,0.502138613243957,0.0,350
OLS prediction,207.6196215605957,-1.6393047555298494,,,,,,350
EB main,206.5856872977752,-2.6732390183503583,345.2937131932625,1.3284318315436198e-14,0.3194611492296854,0.2230735870531299,0.0,350
EB pairwise,208.46502225997625,-0.7939040561493016,299.1420740147965,2.3878006712256826e-14,2.5363822163911748e-14,0.051815282711860776,0.0,350
EB-offset hybrid: main,208.05824331586308,-1.2006830002624724,328.63683593652695,7.018589628619596e-09,0.1826190145062201,0.15201605480564226,22.0,350
EB-offset hybrid: pairwise,208.83380966514844,-0.4251166509771167,296.88541906135487,2.0021560197304854e-15,1.587160357091524e-15,0.04322198960311455,13.0,350
Naive respondents,200.72549676816746,-8.267666475099588,474.9999999999996,0.4713574932856452,0.2761702670390986,0.48167212666545445,0.0,351
OLS prediction,206.4857090385629,-2.507454204704146,,,,,,351
EB main,206.0852504715397,-2.9079127717273536,355.0838029775007,2.334424817003105e-15,0.3680478750860109,0.23599945597438227,0.0,351
EB pairwise,207.92141090870552,-1.0717523345615234,307.8921759763418,8.476705059391343e-16,1.995438502968894e-15,0.11458090569163702,0.0,351
EB-offset hybrid: main,206.36491295710888,-2.6282502861581634,354.8457642371922,3.6446880745454274e-09,0.327168595914564,0.2265238240551379,8.0,351
EB-offset hybrid: pairwise,208.61817233219747,-0.37499091106957394,300.43825224161355,4.63686386770943e-13,5.888161061778252e-13,0.05998015760633884,23.0,351
Naive respondents,198.86336501219273,-12.104949221068495,482.0000000000001,0.461217716929572,0.17566248111413588,0.5129891007694031,0.0,352
OLS prediction,207.76564329890027,-3.2026709343609525,,,,,,352
EB main,205.54102250064497,-5.427291732616254,303.1844316265345,5.356379146038706e-09,0.4673357285838878,0.24873925678819608,0.0,352
EB pairwise,210.6234560487702,-0.3448581844910166,233.03349588068227,1.0118613030141086e-13,1.645820276377625e-13,0.02112593677012972,0.0,352
EB-offset hybrid: main,208.31208628385326,-2.6562279494079633,321.73207290336893,3.1987465098565324e-11,0.3235775339502964,0.14042151978979953,12.0,352
EB-offset hybrid: pairwise,211.138393468396,0.17007923513477863,241.03159910992267,6.230558028991421e-15,6.6642323388233e-15,0.03630914874222191,28.0,352
Naive respondents,199.3824974532289,-9.254279157116457,505.9999999999996,0.46369238281285413,0.16727616170989967,0.46509784835819046,0.0,353
OLS prediction,208.93896132807032,0.3021847177249697,,,,,,353
EB main,207.6786639576315,-0.9581126527138508,355.4617635390313,1.7234783387512544e-09,0.22245811107075597,0.14697199409376407,0.0,353
EB pairwise,208.9367911645413,0.3000145541959398,331.3225481687801,7.190303749603937e-11,6.493261232720715e-11,0.06731189031445847,0.0,353
EB-offset hybrid: main,207.83847157987375,-0.798305030471596,350.7495231596845,1.0066363862010313e-10,0.2037657471084191,0.13838040584086908,6.0,353
EB-offset hybrid: pairwise,209.26475724642782,0.6279806360824693,324.5148678896501,1.1063128352431721e-14,3.44550524498429e-14,0.05631869268435361,13.0,353
Naive respondents,198.0735650420281,-11.759190160930018,518.0,0.399474392210314,0.21480844573902033,0.44428351486723144,0.0,354
OLS prediction,209.81505217682107,-0.01770302613704189,,,,,,354
EB main,208.80289286916965,-1.0298623337884578,361.39366419014874,7.554860222232965e-13,0.11792238609594573,0.10821742578055371,0.0,354
EB pairwise,209.20874161461455,-0.6240135883435585,345.86644309466806,3.264689048720081e-09,2.7448802817624656e-09,0.07270105551468937,0.0,354
EB-offset hybrid: main,208.90474187840354,-0.9280133245545699,363.69681143762284,8.204287535316298e-09,0.11791021604154067,0.11534380043592539,5.0,354
EB-offset hybrid: pairwise,209.3394126689156,-0.4933425340425117,348.89248072922203,3.4086273564945246e-09,1.9310634931770036e-09,0.07102550432236561,3.0,354
Naive respondents,201.3290745397055,-8.998538568374272,520.9999999999999,0.4013050858316586,0.20264131044390624,0.42483928330637133,0.0,355
OLS prediction,209.32822355318606,-0.9993895548936962,,,,,,355
EB main,208.38443468059387,-1.9431784274858899,417.49334419526747,8.727958793764922e-09,0.18099910472472827,0.11923016865483281,0.0,355
EB pairwise,208.6234347273065,-1.7041783807732713,394.3128429085267,3.966179156757273e-14,1.6737880492167805e-13,0.09214600491435614,0.0,355
EB-offset hybrid: main,208.75816796995267,-1.5694451381270937,416.2487834309655,1.834724979555594e-09,0.14298781834257496,0.1060258896019921,6.0,355
EB-offset hybrid: pairwise,208.96320266456198,-1.3644104435177837,400.01531124505976,3.0013362912650704e-13,6.711815855725558e-13,0.08843811734794058,5.0,355
Naive respondents,199.524692559212,-11.002451238900278,473.9999999999998,0.498453082535936,0.15792301743962664,0.5330405910705301,0.0,356
OLS prediction,209.42708383190308,-1.1000599662092156,,,,,,356
EB main,208.09688250316216,-2.430261294950128,314.8171117983361,4.746009438769824e-12,0.187969214156712,0.19106745771709252,0.0,356
EB pairwise,208.97560511162234,-1.5515386864899483,295.58464133968204,4.640746098165131e-14,6.536232937483015e-14,0.10837412794092623,0.0,356
EB-offset hybrid: main,208.40490122781296,-2.122242570299335,323.12700368234766,1.6473280209458581e-10,0.171595758495687,0.1748220548576284,5.0,356
EB-offset hybrid: pairwise,209.20824613230235,-1.318897665809942,299.70874365567727,6.848701737698154e-15,2.1518232948480238e-14,0.10147696156945413,3.0,356
Naive respondents,203.65704284508055,-10.194918065542396,484.0,0.3983604946591636,0.16713605638634726,0.4287571511402132,0.0,357
OLS prediction,211.84186637324308,-2.010094537379871,,,,,,357
EB main,210.71358160620255,-3.138379304420397,381.8213796634932,1.1495380488910738e-13,0.28422402139351055,0.1781828809003961,0.0,357
EB pairwise,212.48022728768046,-1.371733622942486,351.5124042028015,4.367687233833393e-15,4.9974722630150034e-15,0.06357871668773918,0.0,357
EB-offset hybrid: main,211.44193334368552,-2.41002756693743,382.61140351449774,2.343370292396152e-11,0.22409593264645805,0.1661126610753145,10.0,357
EB-offset hybrid: pairwise,213.15299580653772,-0.6989651040852323,349.81853558991935,1.8026482760896943e-15,1.4769968367999423e-15,0.04657662994033999,10.0,357
Naive respondents,199.07202015549942,-9.957833518557862,525.9999999999999,0.4084556781107217,0.16946931117469477,0.43936173602886697,0.0,358
OLS prediction,207.36108665775367,-1.6687670163036046,,,,,,358
EB main,205.93329429485556,-3.0965593792017216,379.19922576665476,6.829540337721538e-11,0.4468669880207888,0.2409457496587017,0.0,358
EB pairwise,208.47611922611608,-0.5537344479411956,299.6194261594739,7.514154133293189e-15,2.2580777380533004e-14,0.07534319103781179,0.0,358
EB-offset hybrid: main,206.71643011178418,-2.313423562273101,373.86642355229543,4.056663169910167e-09,0.3628081319525118,0.20726817914802995,16.0,358
EB-offset hybrid: pairwise,209.2737987812374,0.2439451071801102,319.65513853238355,1.0551427812067746e-12,3.07893191115013e-12,0.06303170468561864,7.0,358
Naive respondents,198.14007521940894,-10.86258021027109,494.9999999999998,0.419755132969241,0.1975666697731715,0.4542189670823666,0.0,359
OLS prediction,207.01946585559082,-1.9831895740892094,,,,,,359
EB main,205.85493677523021,-3.147718654449818,381.26544776034297,2.5229317409979925e-15,0.35681570151802994,0.20437165553279438,0.0,359
EB pairwise,207.59008446301755,-1.4125709666624857,352.4777250501567,4.446368819105187e-13,1.0648096932864622e-12,0.10621350533994738,0.0,359
EB-offset hybrid: main,205.968213217048,-3.0344422126320296,379.64585954431334,4.4997093524474405e-13,0.3344803598409627,0.19816034614086306,2.0,359
EB-offset hybrid: pairwise,208.28667219206216,-0.715983237617877,356.4691249595103,2.9438891458277485e-13,7.010438668871426e-13,0.08179253621705697,17.0,359
Naive respondents,200.94646125992767,-9.150991610376792,516.0,0.44168948446700895,0.10557936961557837,0.44013140733508976,0.0,360
OLS prediction,210.06245593498178,-0.03499693532268111,,,,,,360
EB main,209.19197318554086,-0.9054796847636055,381.4290842161731,7.670408492755375e-11,0.22490316596732857,0.14856343855017576,0.0,360
EB pairwise,210.3820471712424,0.2845943009379255,351.8805953547598,1.7810189639874284e-11,2.2473497522389482e-11,0.05911701300819772,0.0,360
EB-offset hybrid: main,209.85489166673787,-0.24256120356659494,375.4736591202058,3.0734051770304846e-10,0.16425788201230512,0.11023325940917253,5.0,360
EB-offset hybrid: pairwise,210.3820471712424,0.2845943009379255,351.8805953547598,1.7810189639874284e-11,2.2473497522389482e-11,0.05911701300819772,0.0,360
Naive respondents,200.53548544264467,-10.09291068003833,487.99999999999955,0.41532718629012944,0.21011949451101142,0.4314011249421825,0.0,361
OLS prediction,210.04143161201208,-0.5869645106709243,,,,,,361
EB main,209.33056257425457,-1.2978335484284287,362.7014918000281,9.909150665807882e-10,0.2539753762574163,0.12893255269012197,0.0,361
EB pairwise,211.38778073896603,0.7593846162830289,335.07293169316625,8.208073868924394e-10,9.966138566005875e-10,0.030447475830671616,0.0,361
EB-offset hybrid: main,209.31994399342895,-1.30845212925405,355.5286121101594,1.229224846972613e-11,0.2612021222637754,0.12635348863803156,4.0,361
EB-offset hybrid: pairwise,211.5362283541437,0.9078322314607021,328.5169026559928,7.929324266449568e-15,9.843090348915874e-15,0.03194826578157266,6.0,361
Naive respondents,201.9434125889721,-10.285862435749749,493.0,0.4797945383070815,0.23267139483472432,0.5157952396519718,0.0,362
OLS prediction,212.88664716941148,0.6573721446896172,,,,,,362
EB main,211.76791662222678,-0.46135840249507964,337.23396570235144,3.3047062569998173e-09,0.16306762307391046,0.16364936686481293,0.0,362
EB pairwise,212.20306043926124,-0.02621458546062172,311.4276613964299,1.6321392414025201e-12,2.0966024217950903e-12,0.07522736115243264,0.0,362
EB-offset hybrid: main,211.67867870808325,-0.5505963166386039,327.1440616193185,1.04835352893213e-10,0.13183277363449566,0.14550201755881226,10.0,362
EB-offset hybrid: pairwise,212.20232739500395,-0.02694762971790965,307.8511425669431,6.672462853871761e-15,7.714378296701337e-15,0.07610782843138454,5.0,362
Naive respondents,198.25345064799646,-12.001836742225919,490.99999999999994,0.4752729376183146,0.17654923930710892,0.5167652171607813,0.0,363
OLS prediction,209.6786221382261,-0.5766652519962747,,,,,,363
EB main,207.94553274200675,-2.3097546482156304,300.3816958645867,4.348715416451256e-12,0.3423563186036939,0.2413127973264383,0.0,363
EB pairwise,210.13615686610703,-0.11913052411534863,265.0207953918926,9.171234211766117e-12,7.997929241501924e-12,0.12193739497406182,0.0,363
EB-offset hybrid: main,208.75759410336101,-1.497693286861363,299.3676421014698,2.336380149014442e-09,0.26402695259891834,0.19584907624460718,8.0,363
EB-offset hybrid: pairwise,210.08115905762872,-0.17412833259365357,260.76117439317994,5.091423952899614e-15,1.0261417095757257e-14,0.1144769805453547,3.0,363
Naive respondents,201.48922748916505,-7.67726839329768,526.9999999999998,0.3948222697033726,0.11509269444179379,0.39741448328184875,0.0,364
OLS prediction,207.4647745155057,-1.701721366957031,,,,,,364
EB main,206.45677879555106,-2.7097170869116667,426.58988801232175,7.174750191590401e-13,0.1664670411114433,0.13258710399891638,0.0,364
EB pairwise,207.4033611911268,-1.763134691335921,407.39589802554514,7.073148138750764e-09,2.8152075423588648e-09,0.06097420371344705,0.0,364
EB-offset hybrid: main,206.6042058196632,-2.5622900627995193,427.9721035850613,1.2487354250042051e-09,0.15679298934231597,0.12689488631803966,1.0,364
EB-offset hybrid: pairwise,207.45128557050492,-1.7152103119578044,406.0878698085186,5.81322670381774e-10,7.747659931970408e-10,0.06620122526501265,5.0,364
Naive respondents,201.8645780113622,-9.827951464254909,485.0000000000001,0.421650506249865,0.18049973960964183,0.4428661623878999,0.0,365
OLS prediction,211.82330371418578,0.13077423856867654,,,,,,365
EB main,210.47808187464958,-1.2144476009675316,377.96595883089793,2.1100328415788593e-15,0.1527711283821428,0.09216925815690304,0.0,365
EB pairwise,210.762211983865,-0.9303174917521062,362.28049780963164,2.5427925325962013e-12,3.2691670590825597e-12,0.03549505794049369,0.0,365
EB-offset hybrid: main,210.7524598210827,-0.9400696545343976,379.92534203952147,8.5586447879303e-10,0.14252701799186315,0.07964257313032407,2.0,365
EB-offset hybrid: pairwise,210.90035399593307,-0.7921754796840332,364.16104536644286,1.5097638491958995e-14,1.6457212544600568e-14,0.0308570306166642,2.0,365
Naive respondents,199.58892607910158,-10.419810152705935,490.99999999999994,0.4287603802742595,0.2071636456977098,0.45530994948627496,0.0,366
OLS prediction,210.00258060637913,-0.006155625428391431,,,,,,366
EB main,208.25072620843397,-1.7580100233735436,350.21157290953056,1.9033194683641508e-13,0.3300868348031313,0.15749181381915242,0.0,366
EB pairwise,211.034257673012,1.0255214412044893,307.7355767431883,6.603294903740093e-16,1.3776107458927511e-15,0.034034583444535846,0.0,366
EB-offset hybrid: main,208.89078131000738,-1.1179549218001341,354.61470946823,1.9249649066242287e-10,0.2738790914276532,0.1351366506024558,4.0,366
EB-offset hybrid: pairwise,211.3187850391824,1.3100488073748693,312.04033060511995,8.51383180465133e-10,3.0604370922340216e-09,0.04516110376936785,8.0,366
Naive respondents,200.53826327088134,-9.242889685951525,510.0,0.36137958530683156,0.16275761146986434,0.3974114970619781,0.0,367
OLS prediction,208.12287495264528,-1.6582780041875935,,,,,,367
EB main,207.27936956631117,-2.5017833905216946,422.2306540977762,1.4766585811642266e-15,0.2520997925285232,0.13918979144618,0.0,367
EB pairwise,209.18432023951758,-0.5968327173152943,391.0251698340786,1.3146070641747359e-14,2.742687721219424e-14,0.028767541951743827,0.0,367
EB-offset hybrid: main,207.75559779232916,-2.0255551645037144,424.0535265717373,3.479293694521258e-11,0.2158306087383084,0.11973401640955215,4.0,367
EB-offset hybrid: pairwise,209.31854934191747,-0.4626036149153947,391.6702022980635,1.0535529710106703e-09,9.638807254881553e-10,0.028203585574917638,4.0,367
Naive respondents,198.00749005103646,-11.833656888868632,474.9999999999996,0.4739784253750469,0.18335660095206757,0.49149764309604377,0.0,368
OLS prediction,209.02276002787377,-0.8183869120313148,,,,,,368
EB main,208.0304766493875,-1.810670290517578,307.18490299084226,1.210184747296393e-10,0.3255156147082169,0.24918034131188108,0.0,368
EB pairwise,210.2492048936412,0.40805795373611886,268.98578997617665,7.264250698235363e-13,1.373801230976563e-12,0.11659091716444314,0.0,368
EB-offset hybrid: main,208.01584927525664,-1.8252976646484456,242.8420134456058,1.696378266119581e-09,0.38363599811212434,0.21525028377646596,15.0,368
EB-offset hybrid: pairwise,210.41450834104495,0.5733614011398629,180.45542977801662,4.9838065668159245e-15,4.923526275812661e-15,0.05568784595217883,35.0,368
Naive respondents,196.94777607152662,-10.536390480051352,520.9999999999999,0.4391813958015496,0.16176200476747804,0.45680664321037057,0.0,369
OLS prediction,208.02022826565621,0.5360617140782438,,,,,,369
EB main,207.15066190627442,-0.33350464530354884,364.47642985599816,4.5177688005509756e-11,0.24064392721630135,0.15569283070459075,0.0,369
EB pairwise,208.50212672921296,1.0179601776349898,332.0698416735765,8.744166207846225e-14,3.1011388608253913e-13,0.05785028928037131,0.0,369
EB-offset hybrid: main,207.27121759129358,-0.21294896028439325,353.61914081882173,8.144548454709063e-11,0.2397823815277249,0.1370617982801668,8.0,369
EB-offset hybrid: pairwise,208.80540415959382,1.3212376080158492,301.30344292969465,9.262337836159316e-15,6.9098515348342325e-15,0.05026148528946625,45.0,369
Naive respondents,199.653643606022,-9.700101152232719,489.99999999999994,0.41305038388187787,0.1736617642155149,0.4448962120153043,0.0,370
OLS prediction,209.8516805441277,0.4979357858729827,,,,,,370
EB main,208.40027578726406,-0.9534689709906559,345.87709603394734,4.581935914415724e-15,0.22354308207736723,0.13015369515088543,0.0,370
EB pairwise,210.0430622338965,0.6893174756417864,313.5798767234599,9.509386122480523e-11,6.928819831425095e-11,0.04240567305875659,0.0,370
EB-offset hybrid: main,208.6607005052468,-0.693044253007912,342.98363567044845,2.8048203007615715e-09,0.22084889641226657,0.11230708177644914,4.0,370
EB-offset hybrid: pairwise,209.96818682838133,0.6144420701266142,295.2376173896274,1.1599710939850721e-14,9.505950082999537e-15,0.029329861820185835,21.0,370
Naive respondents,199.51800146112075,-9.91738584988957,496.9999999999997,0.4185154151831468,0.16365668210820683,0.46341020943197975,0.0,371
OLS prediction,208.9454069927355,-0.48998031827480304,,,,,,371
EB main,207.95019348992815,-1.485193821082163,391.3021884228222,5.968055974187096e-13,0.2909937364329515,0.13852640841364414,0.0,371
EB pairwise,207.57581833109552,-1.8595689799147976,362.8894929363918,7.49964092627649e-14,6.219142535682418e-14,0.1192306297755293,0.0,371
EB-offset hybrid: main,208.54653576101273,-0.8888515499975824,388.7170701012981,9.862198172972931e-12,0.24947533553569373,0.10481718373798354,8.0,371
EB-offset hybrid: pairwise,207.7546094984655,-1.680777812544818,363.0171158465159,1.235726241586376e-13,3.339519353734084e-13,0.12637181472816705,6.0,371
Naive respondents,201.1787275678912,-10.64503895349776,490.99999999999994,0.4268229631075633,0.21115501036419113,0.48428595266766644,0.0,372
OLS prediction,209.63137694742974,-2.1923895739592183,,,,,,372
EB main,208.47444255005018,-3.3493239713387766,358.4778944014326,1.6901299086785652e-11,0.29346196337822356,0.23331342857737467,0.0,372
EB pairwise,209.71671517344663,-2.107051347942331,318.8678317089183,4.887244414739885e-10,1.1039213912262635e-09,0.10995521008702006,0.0,372
EB-offset hybrid: main,209.395246605346,-2.4285199160429727,364.1793064688683,7.272431948416604e-10,0.24376619797159124,0.1930553716996588,12.0,372
EB-offset hybrid: pairwise,211.09247347103673,-0.7312930503522352,319.0763633093043,1.493478942000997e-14,1.3162504701180501e-14,0.0618070618213694,32.0,372
Naive respondents,200.04358550404936,-10.324457389500623,508.0,0.4099911197694441,0.20303766597828832,0.43374286273548923,0.0,373
OLS prediction,209.0869804792583,-1.2810624142916822,,,,,,373
EB main,207.74013544010603,-2.627907453443953,376.3221202813263,2.6145207029630486e-10,0.19440189381550713,0.13495836078981835,0.0,373
EB pairwise,208.21930928152298,-2.1487336120270015,343.66825442189486,1.9226865492587113e-15,1.82988578513043e-15,0.08120092633081587,0.0,373
EB-offset hybrid: main,208.30631977925884,-2.0617231142911407,382.58333037669246,2.0557440196436356e-09,0.20433444989243987,0.13028531431739884,7.0,373
EB-offset hybrid: pairwise,209.32930231701255,-1.0387405765374353,341.7847522936787,5.654527019799104e-11,8.488418854898434e-11,0.0475582940485807,11.0,373
Naive respondents,198.77025132539217,-9.6980319436002,520.9999999999999,0.3653420879664795,0.19255076843752297,0.39979716613185484,0.0,374
OLS prediction,207.6664431976464,-0.8018400713459641,,,,,,374
EB main,206.8948099677134,-1.5734733012789661,414.20760786007895,5.991211864583701e-14,0.15958425041776095,0.1288760049687699,0.0,374
EB pairwise,207.18824439045042,-1.2800388785419443,402.27252239264556,7.518328723259064e-15,9.603995688935451e-15,0.09769265446139352,0.0,374
EB-offset hybrid: main,207.11290001687343,-1.3553832521189406,416.25510690567563,4.640521609652432e-15,0.15336031752466034,0.12308137726730708,4.0,374
EB-offset hybrid: pairwise,207.35283346851347,-1.115449800478899,402.86939771147684,5.589278483792313e-09,7.401472140323728e-09,0.09051296374906112,2.0,374
Naive respondents,199.19795703759232,-10.043291833718229,509.00000000000017,0.4684569829772111,0.0995384783150843,0.4944306862414805,0.0,375
OLS prediction,211.62093271279133,2.3796838414807837,,,,,,375
EB main,210.2514966222237,1.0102477509131518,328.6812096800488,1.1200973088486595e-14,0.2568515226463342,0.1409834077667019,0.0,375
EB pairwise,209.52621570851318,0.2849668372026315,295.30248330046555,1.248568279495317e-13,1.202032340775675e-13,0.09939402476706541,0.0,375
EB-offset hybrid: main,210.1160224102615,0.8747735389509614,282.74849197995815,3.70727668452212e-12,0.1606060700809129,0.08629784196329553,65.0,375
EB-offset hybrid: pairwise,209.5112390793961,0.2699902080855452,288.4239386608378,8.534641469207141e-15,7.66656796119365e-15,0.09973305843588784,14.0,375
Naive respondents,200.23294771946442,-10.449196157367481,489.00000000000006,0.43753558960355543,0.18994150857053144,0.4725743421398636,0.0,376
OLS prediction,209.94917244855407,-0.7329714282778355,,,,,,376
EB main,209.27751788896015,-1.4046259878717535,363.22692510539844,2.064215714583704e-10,0.1891274273010444,0.1802394707955845,0.0,376
EB pairwise,210.03175140943915,-0.6503924673927486,331.7736314766865,1.200007144405989e-14,1.0548778288649215e-14,0.07807103563042085,0.0,376
EB-offset hybrid: main,209.64506063326218,-1.0370832435697253,349.7010917011231,3.504915478763802e-10,0.14696400431331957,0.14282978837279356,10.0,376
EB-offset hybrid: pairwise,210.35215032385648,-0.32999355297542365,327.8888057470224,1.2364248410816725e-15,1.4886163896699096e-15,0.07434946576632713,8.0,376
Naive respondents,198.25156384318595,-9.970189805928499,532.0,0.3587616926428568,0.09902559066407018,0.42880977067839354,0.0,377
OLS prediction,206.69390365416794,-1.5278499949465072,,,,,,377
EB main,205.8790138437517,-2.342739805362754,430.9660000437079,1.2846109897677907e-15,0.2569781188423769,0.20881960844472952,0.0,377
EB pairwise,206.95960708372849,-1.2621465653859616,388.99878194153433,3.01852831163824e-11,3.8428961083265685e-11,0.12019258687630835,0.0,377
EB-offset hybrid: main,206.19296635193902,-2.028787297175427,430.54780019418433,7.896200418013092e-10,0.21055244063415968,0.1936761798770207,5.0,377
EB-offset hybrid: pairwise,206.919687895477,-1.3020657536374358,388.46065858474014,1.479751443604338e-10,2.7756011541687454e-10,0.12066513942611014,1.0,377
Naive respondents,198.14541788247485,-10.17062059571947,473.9999999999998,0.39487099643803175,0.1856700149262564,0.43847692749164524,0.0,378
OLS prediction,206.8827950061591,-1.4332434720352012,,,,,,378
EB main,205.72516820486874,-2.590870273325578,378.4157211900145,1.6170404577528872e-15,0.20879374543093798,0.1521643914464676,0.0,378
EB pairwise,206.73077141414936,-1.585267064044956,362.74073411878334,9.144031130127122e-12,1.5797673486537756e-11,0.07626005099592398,0.0,378
EB-offset hybrid: main,206.53958637872137,-1.776452099472948,382.66784667911907,2.3571752619712147e-09,0.16870375675115995,0.1291178468571784,6.0,378
EB-offset hybrid: pairwise,207.1021221366448,-1.2139163415495204,366.1493809152924,3.4898042536534717e-15,3.6743720077582745e-15,0.07217817898224685,4.0,378
Naive respondents,198.10339406293645,-11.073252980817443,505.00000000000034,0.40108955349148245,0.1803780583727074,0.4310583265592192,0.0,379
OLS prediction,207.60383330270741,-1.572813741046474,,,,,,379
EB main,206.79786662764988,-2.378780416104007,376.01241578402784,1.079501130726872e-11,0.06195960615232138,0.1431224213872334,0.0,379
EB pairwise,206.6495489222989,-2.5270981214549977,368.9388849182297,1.808386391680249e-14,2.289515287728917e-14,0.1448303036405481,0.0,379
EB-offset hybrid: main,206.92382355827797,-2.252823485475915,380.67893087761513,3.408245491072821e-09,0.05362909491415539,0.14334359512457107,3.0,379
EB-offset hybrid: pairwise,206.6495489222989,-2.5270981214549977,368.93888491822975,1.8139490397713035e-14,2.289295166516923e-14,0.14483030364054805,0.0,379
Naive respondents,200.4910270296264,-8.59382588806426,518.0,0.41966555857544113,0.15731665211017196,0.42386176094794414,0.0,380
OLS prediction,210.953916954831,1.8690640371403333,,,,,,380
EB main,209.472281052505,0.3874281348143427,379.19231591802026,4.609566406437829e-09,0.14669298445334242,0.11096663670796365,0.0,380
EB pairwise,208.99296576655084,-0.09188715113981516,360.50514979478,9.32435292376518e-14,1.7412165624962904e-13,0.06857034893522697,0.0,380
EB-offset hybrid: main,209.48474569018913,0.3998927724984753,368.990526462547,3.4876500086181397e-09,0.12221564901565657,0.09902782621397759,5.0,380
EB-offset hybrid: pairwise,208.99858542697763,-0.08626749071302697,357.10343779214236,4.96702917894494e-09,7.61314769890792e-09,0.07268209871681276,4.0,380
Naive respondents,200.6400836193664,-9.94562984864632,500.0000000000005,0.48979974862275943,0.17158744990158287,0.49561713618618514,0.0,381
OLS prediction,211.05107794711546,0.4653644791027318,,,,,,381
EB main,209.31087561906259,-1.274837848950142,350.5173932294612,2.0733178324043713e-13,0.24914122772503616,0.06747468335972112,0.0,381
EB pairwise,210.98779408271196,0.40208061469922995,340.5384368371847,6.542239905296457e-14,1.073827067332891e-13,0.033345312616158196,0.0,381
EB-offset hybrid: main,210.38815084977574,-0.1975626182369865,353.7645184481917,1.6438499469916705e-15,0.17722219570906922,0.04730702834673819,12.0,381
EB-offset hybrid: pairwise,211.41472869902904,0.8290152310163137,338.2723167572132,7.28387709554671e-16,1.438838882175587e-15,0.035972096192786206,9.0,381
Naive respondents,200.71927553510415,-9.675806947695321,486.00000000000034,0.4184497899965414,0.08968598740269298,0.46126122103759376,0.0,382
OLS prediction,209.97089949371664,-0.4241829890828228,,,,,,382
EB main,208.16462217680956,-2.230460305989908,360.6464046124158,1.6970905967879892e-11,0.15504630477115572,0.13789077944219122,0.0,382
EB pairwise,208.57827008613407,-1.816812396665398,333.35672687032286,4.794463611758512e-13,1.049599659582196e-12,0.07898208833508057,0.0,382
EB-offset hybrid: main,208.94335241502125,-1.4517300677782146,364.38482536415063,6.583797189177868e-09,0.11848027470335995,0.11005153744565904,6.0,382
EB-offset hybrid: pairwise,208.57827008613407,-1.816812396665398,333.35672687032286,4.794463611758512e-13,1.049599659582196e-12,0.07898208833508057,0.0,382
Naive respondents,200.28202049567525,-10.496126329615436,477.9999999999997,0.3902618445671198,0.1582303878889817,0.437107003259974,0.0,383
OLS prediction,209.8873903313974,-0.8907564938932921,,,,,,383
EB main,208.6282718767984,-2.1498749484922826,363.0647731719105,1.1998817654831861e-10,0.18053065509873722,0.14773696622105964,0.0,383
EB pairwise,208.7463191987226,-2.031827626568088,346.68957817513405,7.126599678335166e-15,7.999842924689378e-15,0.14397487329188452,0.0,383
EB-offset hybrid: main,208.98366169401638,-1.794485131274314,360.6636665759826,1.8571930492467408e-10,0.14467554655025675,0.13299309994614203,11.0,383
EB-offset hybrid: pairwise,208.7972520585393,-1.9808947667513905,344.98841720592816,1.899030860344025e-10,7.007954508469463e-10,0.15440307309729953,8.0,383
Naive respondents,200.04163439973965,-10.43210751175394,496.9999999999997,0.445772990243122,0.21565787096343614,0.4828161323902763,0.0,384
OLS prediction,210.0486497326179,-0.42509217887570117,,,,,,384
EB main,208.98617457357986,-1.487567337913731,362.0973750179446,7.239235089724742e-10,0.2878903671675514,0.1586640689302158,0.0,384
EB pairwise,210.55835305680486,0.08461114531127123,313.05082131697395,1.4340280367486872e-13,2.050754282730315e-13,0.03485542024258142,0.0,384
EB-offset hybrid: main,208.9861745735799,-1.4875673379137027,362.0973750179446,7.239235120594663e-10,0.2878903671675514,0.15866406893021584,0.0,384
EB-offset hybrid: pairwise,210.61964946482203,0.14590755332844196,311.4291023742834,3.9843541674112816e-09,3.8683768177115165e-09,0.03667305389162141,5.0,384
Naive respondents,200.6157310235268,-10.681333365264209,464.0000000000003,0.5099400373418242,0.19288314660748812,0.5195527245893676,0.0,385
OLS prediction,211.36602812077751,0.06896373198651418,,,,,,385
EB main,209.93304857267617,-1.3640158161148292,291.97411636596325,1.1142575559677603e-14,0.32261420301641525,0.20489784433574793,0.0,385
EB pairwise,211.94888994732918,0.651825558538178,239.55009982167167,3.625066991233028e-15,4.4282534075578e-15,0.04899796912414182,0.0,385
EB-offset hybrid: main,210.55077688348996,-0.7462875053010407,270.6360451342218,6.817673331765116e-11,0.24264658337492784,0.15414070306067235,22.0,385
EB-offset hybrid: pairwise,211.7665240490992,0.4694596603081891,215.92290201532848,9.676904231877957e-16,1.1906652774440452e-15,0.044784078678769414,33.0,385
Naive respondents,200.54045068992642,-9.638459850474419,508.0,0.4156845647202351,0.19962942546824256,0.4426751089555144,0.0,386
OLS prediction,209.46610852852027,-0.7128020118805694,,,,,,386
EB main,208.0613959632318,-2.1175145771690325,390.9299019965713,1.5962809063091604e-12,0.4679493884230412,0.15981144944570597,0.0,386
EB pairwise,210.8046310184842,0.6257204780833661,356.92532002693747,1.9364102685397984e-10,3.889162112365049e-10,0.03220848934538819,0.0,386
EB-offset hybrid: main,208.30213660877217,-1.8767739316286622,390.46796684455677,4.35285374713337e-10,0.4352596017416572,0.14637354763804733,2.0,386
EB-offset hybrid: pairwise,211.77366368331764,1.594753142916801,333.9048076426393,2.680623804946366e-11,7.975376633280208e-11,0.05943069074943311,100.0,386
Naive respondents,200.03061280252075,-9.856034708699667,496.9999999999997,0.4166614223039534,0.18084724615224756,0.45099649454047874,0.0,387
OLS prediction,209.72796526336884,-0.1586822478515728,,,,,,387
EB main,208.6322208856454,-1.2544266255750074,360.284628151279,3.448541978613072e-09,0.11576714031083642,0.16762489154104457,0.0,387
EB pairwise,208.84146209808932,-1.0451854131310938,333.3448138446565,2.9536972718347567e-15,1.468596283762428e-14,0.12065736844843852,0.0,387
EB-offset hybrid: main,208.6322208856454,-1.2544266255750074,360.284628151279,3.448541978613072e-09,0.11576714031083642,0.16762489154104457,0.0,387
EB-offset hybrid: pairwise,209.13924184345404,-0.7474056677663725,341.2104673774393,3.069442419731449e-16,1.77701592052212e-15,0.11200821697153268,6.0,387
Naive respondents,199.8958874773925,-9.688724333571685,504.0000000000002,0.37592486341779585,0.1913903952338492,0.4022668812981834,0.0,388
OLS prediction,207.74566485702437,-1.8389469539398249,,,,,,388
EB main,206.84523103984466,-2.739380771119528,401.9980034068183,8.256067946796737e-14,0.3399302741551685,0.16818326005936735,0.0,388
EB pairwise,208.44044893769586,-1.1441628732683284,383.6970091313841,1.1692361701961388e-13,2.797918961618791e-13,0.07832369831634607,0.0,388
EB-offset hybrid: main,207.7061230423623,-1.8784887686018976,401.32989821172293,2.5761804016744524e-09,0.19947856999437544,0.13216831761827874,5.0,388
EB-offset hybrid: pairwise,209.11735053304534,-0.4672612779188512,376.6293497684923,4.796303660346309e-15,7.237608122462656e-15,0.06957100780030835,16.0,388
Naive respondents,199.09485539250764,-10.156386073605717,520.9999999999999,0.4112709032079182,0.17421735607773498,0.4274721077406448,0.0,389
OLS prediction,208.5513957425012,-0.6998457236121567,,,,,,389
EB main,207.37534808565738,-1.8758933804559774,394.7608746883637,6.831343447782787e-15,0.20598890893675106,0.1433292093211503,0.0,389
EB pairwise,208.7453826521741,-0.5058588139392555,370.005972913133,1.1168196512763897e-09,9.400541992918628e-10,0.03766724211891426,0.0,389
EB-offset hybrid: main,207.8601045853304,-1.391136880782966,393.9671938118515,1.8128826316346691e-09,0.15741844272164424,0.10881651898724709,6.0,389
EB-offset hybrid: pairwise,209.36163027909933,0.11038881298597403,377.9503619879437,3.2248636743473295e-15,2.2378216916076242e-15,0.02435560079760285,10.0,389
Naive respondents,201.04637169592763,-9.901198188077188,509.00000000000017,0.43738138354151873,0.203181897159509,0.4568317681650065,0.0,390
OLS prediction,208.6676712246115,-2.279898659393325,,,,,,390
EB main,207.31489813088515,-3.6326717531196664,393.7171568125478,1.5320644515330618e-09,0.13973647356221577,0.14643894321678141,0.0,390
EB pairwise,207.55145440316568,-3.3961154808391427,373.5954113240928,4.368035460585497e-14,1.0628761111243068e-13,0.14446529944010789,0.0,390
EB-offset hybrid: main,208.61915957128787,-2.3284103127169544,402.0535672080949,6.445429671943356e-09,0.12823209158361765,0.10791636897280144,8.0,390
EB-offset hybrid: pairwise,208.63184364724984,-2.3157262367549833,383.3640857251236,5.1841133721409885e-14,7.429277839163657e-14,0.12211617478763521,11.0,390
Naive respondents,197.46658924884053,-10.080178681176733,531.0,0.4392259878002794,0.15153611120408053,0.45489932992261006,0.0,391
OLS prediction,208.2010810620712,0.654313132053943,,,,,,391
EB main,207.1801224658097,-0.36664546420757915,365.58184948158066,8.113382880741732e-11,0.20356461876467422,0.16642566974959208,0.0,391
EB pairwise,208.3928154240949,0.8460474940776237,325.51574359330857,1.585449592211544e-14,1.931852612495115e-14,0.08676404242655238,0.0,391
EB-offset hybrid: main,207.65652295733025,0.10975502731298548,325.97324734837724,4.509191632110222e-10,0.18319101435912782,0.1342430641209449,16.0,391
EB-offset hybrid: pairwise,208.31797241719386,0.7712044871765897,295.13541016725503,2.7457301178776555e-15,9.818065523949745e-15,0.0780104613852868,13.0,391
Naive respondents,200.09963318478472,-10.27558645349788,473.9999999999998,0.49793545152853835,0.214855799810478,0.5227389329815432,0.0,392
OLS prediction,208.83531630906955,-1.5399033292130468,,,,,,392
EB main,207.67863766974241,-2.696581968540187,349.8813278987028,5.573637478062812e-15,0.19938192689891132,0.14808690066760505,0.0,392
EB pairwise,208.3166206302139,-2.058599008068711,318.4265812833613,1.5288171465335857e-12,2.5293648733607433e-12,0.08864133364982847,0.0,392
EB-offset hybrid: main,208.40583229929348,-1.9693873389891223,345.1880782244492,3.0313226073360675e-11,0.19105535171137475,0.1563823526934783,13.0,392
EB-offset hybrid: pairwise,209.10245910412482,-1.2727605341577828,314.50196940778477,2.900061403597535e-15,3.4230854887746996e-15,0.0729315596395867,15.0,392
Naive respondents,201.09788439440936,-9.949424819099676,486.99999999999966,0.4175181585078568,0.1261907260814152,0.45339687161642855,0.0,393
OLS prediction,212.4110822394383,1.3637730259292482,,,,,,393
EB main,211.17479660021777,0.1274873867087365,347.02953409565725,9.103163702808733e-15,0.3952971972394065,0.13688523542703027,0.0,393
EB pairwise,210.7061348234491,-0.34117439005993333,320.78400418611346,2.524323889502588e-15,7.322230701553155e-15,0.15335407843277735,0.0,393
EB-offset hybrid: main,211.07892359204047,0.031614378531429566,334.2080100418244,2.59693710521847e-15,0.38700753947579714,0.11396185295470243,9.0,393
EB-offset hybrid: pairwise,210.62938012709884,-0.4179290864101972,284.0862914585359,1.8277302373019578e-12,6.132956298837876e-12,0.1120772115557546,17.0,393
Naive respondents,201.2103390771716,-9.115732733323142,500.0000000000005,0.4104848993368619,0.19560667967141812,0.4402819754537129,0.0,394
OLS prediction,209.32768427713938,-0.9983875333553556,,,,,,394
EB main,208.45844240584648,-1.8676294046482553,382.4472528793733,1.7624546928331762e-15,0.3106624859411302,0.1729686386006745,0.0,394
EB pairwise,209.78658060439977,-0.539491206094965,336.1245436584122,2.574761054737407e-14,6.832060599722946e-14,0.062347705998372326,0.0,394
EB-offset hybrid: main,208.6208155386254,-1.705256271869331,373.8532507232601,1.584253737209351e-09,0.25595689408592903,0.15445419629701243,8.0,394
EB-offset hybrid: pairwise,210.3130681525164,-0.013003657978345018,351.17675527848195,1.5254745778741927e-14,1.08677870120492e-14,0.0536082465625667,11.0,394
Naive respondents,199.9879669420031,-9.257005594491744,496.9999999999997,0.40374351850383355,0.2516286300672843,0.43742292761040175,0.0,395
OLS prediction,207.0231200913291,-2.2218524451657515,,,,,,395
EB main,205.60400277122574,-3.6409697652691193,378.55040830797213,4.2127452201971195e-15,0.535939937868129,0.22231919536941916,0.0,395
EB pairwise,210.2906256843066,1.0456531478117483,260.3662397339124,1.7148015375380578e-14,2.9568392179956275e-14,0.04600041947483896,0.0,395
EB-offset hybrid: main,206.29691696148817,-2.9480555750066912,379.10547256940714,1.52855093282878e-10,0.43188849735874557,0.18682646117859492,10.0,395
EB-offset hybrid: pairwise,210.1276950813459,0.882722544851049,264.4371907132473,2.267774139457542e-15,1.622666681894702e-15,0.036497704565305496,12.0,395
Naive respondents,202.4095348488388,-8.02511492213435,523.0000000000001,0.40454607489623046,0.20406510018865023,0.4224274600815954,0.0,396
OLS prediction,209.2868904994601,-1.1477592715130527,,,,,,396
EB main,208.25090525763613,-2.183744513337018,408.2830772222573,4.877988880851349e-14,0.21764044591342235,0.17668569660288863,0.0,396
EB pairwise,209.16977889458238,-1.2648708763907734,369.1531301471679,3.4203737165186745e-12,1.2585436589926402e-11,0.08123681783345134,0.0,396
EB-offset hybrid: main,208.62141894721705,-1.8132308237561006,393.45710409997565,2.3699866038246208e-11,0.19566875157407185,0.15185449162971795,8.0,396
EB-offset hybrid: pairwise,209.41662175766606,-1.018028013307088,371.5900696842871,1.4375680296444796e-14,1.7704438220754885e-14,0.07644884522710256,5.0,396
Naive respondents,201.205191633405,-9.964265759784183,486.00000000000034,0.47436111663983027,0.24013066746223688,0.49273446731180987,0.0,397
OLS prediction,209.9129052929519,-1.2565521002372861,,,,,,397
EB main,209.02617037137705,-2.1432870218121423,324.48139310449545,8.729451683920631e-09,0.44804244344398475,0.1987008091843985,0.0,397
EB pairwise,213.48867181882602,2.3192144256368294,235.2882985853778,2.506001615532898e-09,3.829606534318682e-09,0.09145283332729937,0.0,397
EB-offset hybrid: main,209.3442912318517,-1.8251661613374779,317.12292200777335,5.395002864741719e-10,0.43755480428550214,0.17827709887872328,9.0,397
EB-offset hybrid: pairwise,213.02833979999994,1.85888240681075,207.93055163205256,8.41631397099469e-15,9.714941512491834e-15,0.07802325120765854,91.0,397
Naive respondents,200.6080061253554,-11.180997051736313,498.99999999999994,0.49202750354961267,0.2137648578178006,0.5075162604089595,0.0,398
OLS prediction,211.78528155372433,-0.0037216233673689203,,,,,,398
EB main,210.9349603248154,-0.8540428522763079,332.8370877308473,3.284550022518926e-09,0.20834737275057846,0.17203302078895824,0.0,398
EB pairwise,212.12643593497725,0.3374327578855514,304.09087485785653,2.2284526879700548e-14,2.1304627383821076e-14,0.06906196991942912,0.0,398
EB-offset hybrid: main,211.2939314926433,-0.49507168444839067,285.45689616014954,7.086731294053996e-11,0.18848934303186196,0.12058582763582103,58.0,398
EB-offset hybrid: pairwise,212.58856305740778,0.7995598803160817,280.32633784626097,5.293609699894538e-13,6.136235580509727e-13,0.041774187828570265,29.0,398
Naive respondents,197.7712591507239,-11.451924577107292,505.9999999999996,0.44187275234034734,0.14863630576026088,0.5106981239285178,0.0,399
OLS prediction,208.67631919699545,-0.5468645308357338,,,,,,399
EB main,206.67301014062906,-2.5501735872021243,341.68210148005164,2.45115366422676e-10,0.279177856863959,0.20892633466361338,0.0,399
EB pairwise,208.4600102669808,-0.7631734608503962,308.80900424656477,8.355625065292199e-15,8.29170534557196e-15,0.06884740515452314,0.0,399
EB-offset hybrid: main,207.1545213033873,-2.068662424443886,348.7001590660889,1.4850489301319975e-15,0.25588194311377327,0.19305714417860917,6.0,399
EB-offset hybrid: pairwise,208.42919548776078,-0.793988240070405,308.1883909158252,2.804564118458493e-15,2.165258918170739e-15,0.06822643496343335,2.0,399
Naive respondents,199.0097306806744,-10.455241663831373,504.0000000000002,0.37995533966812295,0.1367698414335227,0.41711619062221045,0.0,400
OLS prediction,208.98199374705314,-0.48297859745264304,,,,,,400
EB main,208.20535489222786,-1.2596174522779222,392.13961550183797,9.616532454708904e-11,0.23898925349779754,0.13742033293177833,0.0,400
EB pairwise,210.03749633398027,0.5725239894744902,357.9879503203696,2.3146111501289427e-13,1.5064802664867235e-13,0.02609994524224306,0.0,400
EB-offset hybrid: main,208.7687536538057,-0.6962186907000785,386.00378577102657,2.8631146626612176e-10,0.21814980883984986,0.10865765354237449,7.0,400
EB-offset hybrid: pairwise,210.63297383485298,1.1680014903471942,335.47349852441914,5.35560645584542e-15,4.943019935180906e-15,0.040077736366252385,21.0,400
Naive respondents,198.15279971952776,-10.394753055338498,500.0000000000005,0.4246579950787925,0.2409149077746568,0.4733750983437897,0.0,401
OLS prediction,209.50234992105374,0.9547971461874738,,,,,,401
EB main,208.50072845817584,-0.046824316690418755,350.51389751504604,7.036990054034419e-09,0.2761849594846652,0.1594878426584697,0.0,401
EB pairwise,210.29188990783447,1.7443371329682122,299.58969570439905,1.4366334773450932e-13,1.7864441656816663e-13,0.061009162472074635,0.0,401
EB-offset hybrid: main,208.54547724762924,-0.0020755272370251987,349.65018797718415,2.8213502421318646e-10,0.26808509297649435,0.15306206498153527,1.0,401
EB-offset hybrid: pairwise,210.653329055125,2.1057762802587376,300.55078936320086,5.397984489321155e-13,7.177045328209881e-13,0.08725345229884626,17.0,401
Naive respondents,200.5134441502615,-9.546141761183463,506.9999999999999,0.4213454783190063,0.09886649280802846,0.45684323573828245,0.0,402
OLS prediction,210.26945621692906,0.20987030548408825,,,,,,402
EB main,208.6498884796386,-1.4096974318063644,347.4926902737096,1.1444258641585078e-13,0.3303119363559218,0.14770197740839236,0.0,402
EB pairwise,208.8040901043632,-1.2554958070817577,322.6389403314004,1.843256635834521e-14,1.6019462702795704e-14,0.11419341347794836,0.0,402
EB-offset hybrid: main,209.06840172856008,-0.9911841828848935,329.75989935574484,6.171643639488677e-09,0.16837547214160564,0.10142362371665013,11.0,402
EB-offset hybrid: pairwise,208.87404652854877,-1.185539382896195,325.10660529734764,5.258763226154588e-09,4.516649702081851e-09,0.11042709915917617,3.0,402
Naive respondents,200.30761646311313,-10.24935188550441,494.9999999999998,0.40085278467255986,0.18353791031931027,0.4378241729341986,0.0,403
OLS prediction,209.5882328858318,-0.9687354627857587,,,,,,403
EB main,208.42081341988387,-2.1361549287336743,374.3779750470012,4.1623974079132314e-15,0.22923370381878364,0.17704488725807388,0.0,403
EB pairwise,209.29660250266582,-1.2603658459517249,328.544667443736,4.6534266722492834e-10,4.128252322439824e-10,0.07937609673448877,0.0,403
EB-offset hybrid: main,209.00552935566813,-1.5514389929494143,368.92736797133074,8.380387790931386e-13,0.18169119442176057,0.15074755436897747,10.0,403
EB-offset hybrid: pairwise,209.6283833012589,-0.9285850473586379,338.04029534835047,1.2946996153843759e-14,1.2803465892295146e-14,0.07093431132851225,6.0,403
Naive respondents,200.34452389850077,-10.008277246432328,493.0,0.4133239001613287,0.19683323077852716,0.4382103254645288,0.0,404
OLS prediction,209.70115178404174,-0.651649360891355,,,,,,404
EB main,208.81886140271837,-1.5339397422147272,383.4968059253916,4.106995970427679e-15,0.13595614892249747,0.12678869722542985,0.0,404
EB pairwise,209.3747677508174,-0.9780333941156982,366.87043799511486,5.441579588861841e-15,6.7254549051932484e-15,0.06327224978428687,0.0,404
EB-offset hybrid: main,209.16066169244448,-1.1921394524886182,385.2334225555218,5.25737726965275e-09,0.1253474930624257,0.11803352587095799,6.0,404
EB-offset hybrid: pairwise,209.7843164297831,-0.5684847151499923,368.49714346053753,9.824556151208946e-13,1.6191416213848251e-12,0.050090491499053674,6.0,404
Naive respondents,198.41346016635197,-12.546125630615819,505.00000000000034,0.428038225134626,0.19708298034793978,0.46644826011189733,0.0,405
OLS prediction,211.10118854298085,0.14160274601306355,,,,,,405
EB main,209.60469837874842,-1.3548874182193629,358.4402099690341,4.2212106564349805e-13,0.10168124814025135,0.10596830541025533,0.0,405
EB pairwise,209.892604757056,-1.0669810399117807,348.9968779336109,7.50766946079549e-15,8.365942585142605e-15,0.06975394224748224,0.0,405
EB-offset hybrid: main,209.73515944687517,-1.2244263500926138,361.2050438560642,2.01028197086329e-10,0.09426719192428476,0.09874143221995124,1.0,405
EB-offset hybrid: pairwise,209.95282504032656,-1.0067607566412278,350.47295540677993,1.9103610980725145e-14,3.021145643661354e-14,0.06871493683550457,1.0,405
Naive respondents,199.69503111732905,-9.380327216739914,482.0000000000001,0.45758065875781484,0.2202280477037336,0.47092378484287517,0.0,406
OLS prediction,207.43011996163693,-1.6452383724320327,,,,,,406
EB main,206.00830599615458,-3.06705233791439,352.09725251403995,4.280225790013506e-12,0.5309654106793892,0.20567708152289207,0.0,406
EB pairwise,209.51914146502713,0.4437831309581668,295.82002654378186,8.080248624971738e-10,6.063606319299345e-10,0.033100075326587146,0.0,406
EB-offset hybrid: main,207.0566541040926,-2.018704229976379,354.56921555993404,5.762180128579829e-10,0.380287991932318,0.16543095261320648,7.0,406
EB-offset hybrid: pairwise,209.65302652043204,0.5776681863630699,296.1463243035395,3.8372782700860615e-14,6.090153444020678e-14,0.03430892714654837,12.0,406
Naive respondents,197.47063097789697,-9.731220791958975,486.00000000000034,0.4170552602836508,0.14528953699407127,0.4486350554497302,0.0,407
OLS prediction,206.0858450633046,-1.1160067065513601,,,,,,407
EB main,205.17868228398626,-2.023169485869687,390.18976507292865,4.486695367654198e-15,0.21978933485574573,0.19064267513020108,0.0,407
EB pairwise,205.27158337307725,-1.9302683967787004,359.2524231689757,1.2953112254581438e-14,1.5915813412271274e-14,0.15986195761523417,0.0,407
EB-offset hybrid: main,205.2443219892239,-1.9575297806320577,381.821207428668,3.78408872534839e-11,0.1747571088473054,0.17309958123770994,5.0,407
EB-offset hybrid: pairwise,205.4028858094873,-1.7989659603686619,361.1801045076957,1.5657104994381033e-15,5.0069033311068385e-15,0.16668767552523922,5.0,407
Naive respondents,198.69950165737885,-10.247100069368514,512.0,0.45582432035599574,0.17429044178671413,0.4820165185796286,0.0,408
OLS prediction,208.3747322476667,-0.5718694790806467,,,,,,408
EB main,207.20774108535386,-1.7388606413935008,379.321341020058,5.405939313806351e-09,0.22641373893970793,0.18454742202808283,0.0,408
EB pairwise,208.0470519764159,-0.8995497503314596,337.4955284186718,1.0613752062158173e-10,9.285402802704028e-11,0.11342035334134402,0.0,408
EB-offset hybrid: main,207.32882508674453,-1.6177766400028304,378.705148192438,3.898512375843607e-10,0.21029997528467823,0.1765684117949747,3.0,408
EB-offset hybrid: pairwise,208.0106819136746,-0.9359198130727577,333.55059640242223,5.33533140314846e-10,3.3876038361257615e-10,0.10941403731681668,6.0,408
Naive respondents,196.2181029098751,-10.738485811303008,494.9999999999998,0.41079460594425116,0.1582827118628608,0.45872199315643314,0.0,409
OLS prediction,206.3612107499846,-0.5953779711935283,,,,,,409
EB main,205.1711424523205,-1.785446268857612,371.9840509100963,8.074951752092621e-09,0.2718692847590477,0.1712573290315986,0.0,409
EB pairwise,206.84708403913487,-0.10950468204325148,335.57630006189464,2.851267521375997e-09,4.65876807110432e-09,0.04449398642568759,0.0,409
EB-offset hybrid: main,205.1506118047168,-1.8059769164613328,362.7946563321406,3.1048843424188296e-11,0.30351562643162994,0.16923405590118024,7.0,409
EB-offset hybrid: pairwise,207.56305663515954,0.6064679139814189,319.89342613394416,7.811294561345646e-14,1.214779253546424e-13,0.0326764046954059,25.0,409
Naive respondents,198.83896781948727,-10.618272074212939,492.0000000000003,0.4571106571883694,0.22500715103887425,0.4938616520555072,0.0,410
OLS prediction,209.1452675138334,-0.31197237986680193,,,,,,410
EB main,207.55513130463652,-1.9021085890636868,325.77772838029966,3.084053595210067e-13,0.3215764666733419,0.17513849054004715,0.0,410
EB pairwise,211.62874291441403,2.1715030207138284,273.057383834672,1.2568329396643758e-15,2.2296366487747975e-15,0.07503915515270991,0.0,410
EB-offset hybrid: main,207.75832385807647,-1.6989160356237392,316.65006338659396,5.534078961786634e-10,0.29568965121379936,0.16913576382310277,7.0,410
EB-offset hybrid: pairwise,211.18464669887777,1.7274068051775657,259.2904131886286,1.546122795450973e-16,9.172898871728363e-16,0.0617873686799767,24.0,410
Naive respondents,200.537609900689,-9.30690886274877,514.0,0.38351552803879874,0.21892221047055663,0.4019596624871352,0.0,411
OLS prediction,210.60850631575076,0.7639875523129831,,,,,,411
EB main,209.53495825352238,-0.30956050991539996,402.4042799654014,6.012260696045752e-10,0.15359625596041915,0.09343611909468207,0.0,411
EB pairwise,210.65845828695427,0.8139395235164955,384.2587599991181,7.330035811664993e-14,6.303623186629334e-14,0.029337169963387158,0.0,411
EB-offset hybrid: main,209.59755689340847,-0.2469618700293097,402.61137487074393,2.2218535191865747e-09,0.16798564655062037,0.09640658013064098,3.0,411
EB-offset hybrid: pairwise,211.0223455903842,1.177826826946415,383.543551466717,4.533289531312868e-09,6.009835328752954e-09,0.04102415351435704,5.0,411
Naive respondents,200.92760517703096,-8.620807347862325,517.0000000000002,0.38902397803333005,0.21065834038582623,0.4063661439333153,0.0,412
OLS prediction,207.19098874043615,-2.3574237844571257,,,,,,412
EB main,205.88574345698572,-3.662669067907558,419.6007631608839,6.183206826933515e-10,0.23791648547683084,0.17613078175094757,0.0,412
EB pairwise,207.33199317284414,-2.2164193520491438,408.1115369250343,8.155789763869642e-14,2.017372048438241e-13,0.08002136754455304,0.0,412
EB-offset hybrid: main,207.16773151056256,-2.380681014330719,427.49051491352105,3.315864990516371e-10,0.15841838362451924,0.1273980338395576,6.0,412
EB-offset hybrid: pairwise,207.79700333504277,-1.7514091898505058,407.0013166475946,4.026871627386233e-09,6.839341042126309e-09,0.06865997149843407,5.0,412
Naive respondents,203.82062811509857,-8.185830429324085,477.00000000000034,0.4256787998377989,0.18154250737727254,0.44921843485145874,0.0,413
OLS prediction,210.6502362858748,-1.3562222585478594,,,,,,413
EB main,209.68771530091362,-2.318743243509033,377.75443239977386,9.181333573527494e-09,0.3859597235755045,0.16746665321950946,0.0,413
EB pairwise,212.14400672949466,0.1375481850720064,311.35027049663546,2.36634404444121e-10,2.0289323322418656e-10,0.019824840652854024,0.0,413
EB-offset hybrid: main,210.8539515208664,-1.152507023556268,356.2285264208859,1.4169456194115674e-11,0.302882753953916,0.11614905416329638,16.0,413
EB-offset hybrid: pairwise,213.07242754545825,1.0659690010355973,305.12170084400105,2.213343679352997e-12,5.82440742323513e-12,0.043839310959678794,23.0,413
Naive respondents,200.8028006307949,-8.714304366658723,509.00000000000017,0.37846879744776685,0.22039916470502074,0.39491012853019697,0.0,414
OLS prediction,207.3860203262841,-2.131084671169532,,,,,,414
EB main,206.91151696841493,-2.6055880290386995,421.1532643378598,3.728823889960909e-10,0.3442387205294997,0.17019354006713222,0.0,414
EB pairwise,208.32621829392556,-1.190886703528065,362.11684822939907,3.085231790447819e-14,3.7181247512491194e-14,0.05930051958205496,0.0,414
EB-offset hybrid: main,207.07291589336475,-2.4441891040888777,421.24802668171384,1.0887769446747852e-10,0.3325283413109741,0.16201763777148281,1.0,414
EB-offset hybrid: pairwise,208.32621829392556,-1.190886703528065,362.11684822939907,3.085231790447819e-14,3.7181247512491194e-14,0.05930051958205496,0.0,414
Naive respondents,199.13370307914178,-11.726350521409785,473.9999999999998,0.5124665337581052,0.19622385774180784,0.5383453356000703,0.0,415
OLS prediction,210.31178294367334,-0.5482706568782305,,,,,,415
EB main,208.62569243833858,-2.2343611622129913,293.3070102568615,3.732843875971363e-12,0.3320650445223163,0.20565443715660212,0.0,415
EB pairwise,210.74125242837468,-0.11880117217688735,259.7270417004227,1.4439780418589529e-11,6.6614769016218934e-12,0.09398677774319641,0.0,415
EB-offset hybrid: main,208.88925096818662,-1.9708026323649506,288.72037471382816,7.215580387723987e-09,0.28875650193926433,0.18110370504575268,9.0,415
EB-offset hybrid: pairwise,211.1692595313105,0.3092059307589352,246.99275095215918,3.0084156543273554e-14,4.2411880341582693e-14,0.05280058174476636,14.0,415
Naive respondents,200.7190558410558,-9.989274273592315,481.0,0.4966549197403672,0.22745007670058026,0.5153421409639192,0.0,416
OLS prediction,209.2327210463896,-1.4756090682585068,,,,,,416
EB main,207.19167486639523,-3.5166552482528743,335.9248435670604,3.84280510826892e-10,0.27435228934128486,0.19865514316566446,0.0,416
EB pairwise,209.1261239645729,-1.5822061500751943,294.33181972988257,3.94551543378812e-15,6.364724073591317e-15,0.09052942031519395,0.0,416
EB-offset hybrid: main,207.57172443425276,-3.1366056803953484,342.1978158510344,3.417246498463698e-10,0.2349764346140603,0.1892661037779529,6.0,416
EB-offset hybrid: pairwise,209.1019188490224,-1.6064112656256953,296.3719003967685,1.800909339024991e-14,2.5526785562014288e-14,0.09535900729180752,4.0,416
Naive respondents,198.71954912747515,-9.496046213384744,492.0000000000003,0.4214163400097949,0.13589031378053024,0.4417303377791162,0.0,417
OLS prediction,207.8762280884477,-0.33936725241218824,,,,,,417
EB main,207.01588874085516,-1.1997066000047312,371.78200729594175,2.5088040620006738e-09,0.16358095688026394,0.1289695007900727,0.0,417
EB pairwise,207.97351653285102,-0.24207880800886983,347.4366773415403,2.4705654983118107e-12,3.985656434100581e-12,0.035945566211379655,0.0,417
EB-offset hybrid: main,207.29606796999886,-0.919527370861033,363.0629734177122,3.979420533387668e-10,0.12339290211932087,0.09780139785263632,5.0,417
EB-offset hybrid: pairwise,207.98050279401363,-0.23509254684626057,338.74314992708634,2.9318973250867115e-12,6.634156277089389e-12,0.04731797219387553,17.0,417
Naive respondents,198.68776639575233,-11.163357772906409,474.9999999999996,0.43895114247022465,0.23131003095239755,0.48338856735147484,0.0,418
OLS prediction,210.09873015397253,0.24760598531378264,,,,,,418
EB main,209.19519397744537,-0.6559301912133719,320.7595189780323,4.835335235735954e-09,0.2588467180045462,0.17192153950678168,0.0,418
EB pairwise,211.73195746672306,1.8808332980643172,276.2361911589372,1.0373080073719339e-14,2.5217892830174756e-14,0.07973676081129873,0.0,418
EB-offset hybrid: main,209.38211428897299,-0.4690098796857569,273.5000946558391,4.48070683478737e-09,0.252233350829404,0.13618431219873156,16.0,418
EB-offset hybrid: pairwise,211.72960303545455,1.8784788667958026,236.53413142099785,1.567321079693269e-14,1.546747089519867e-14,0.08975988766509772,67.0,418
Naive respondents,196.63400327743048,-10.545235303162855,498.99999999999994,0.42967535292229164,0.24961238105961908,0.4674316806581301,0.0,419
OLS prediction,205.48692373876892,-1.6923148418244125,,,,,,419
EB main,204.80545370210405,-2.373784878489289,376.9871577222513,1.3769041120729942e-09,0.34371392910193366,0.1747471461305713,0.0,419
EB pairwise,206.78891632219052,-0.39032225840281853,326.05497167167806,5.506106815662657e-13,8.755381836561659e-13,0.034063943902735545,0.0,419
EB-offset hybrid: main,205.15329062836489,-2.0259479522284494,378.3993806978785,7.050981969367289e-09,0.32382528223655743,0.16432567160229436,3.0,419
EB-offset hybrid: pairwise,207.42429652471623,0.24505794412289106,327.38122806002394,6.865176882406633e-15,7.119008317741683e-15,0.028292048461490728,29.0,419
Naive respondents,202.49703508667864,-8.665711502633513,514.0,0.41373887512650814,0.24185677248842152,0.41502183181407837,0.0,420
OLS prediction,210.22066891748636,-0.9420776718257855,,,,,,420
EB main,209.5064267427208,-1.6563198465913445,404.1803738597986,4.938836895412472e-11,0.28823946765198644,0.17443005007138448,0.0,420
EB pairwise,211.50581207832502,0.34306548901287215,354.22041755767987,3.246416248251076e-15,1.0996913343192281e-14,0.03739601078879614,0.0,420
EB-offset hybrid: main,209.60998411499827,-1.5527624743138801,403.0440594649835,1.415301391765742e-10,0.27386899271964726,0.16733902686574334,1.0,420
EB-offset hybrid: pairwise,212.1846623173152,1.0219157280030515,348.35565945913015,6.231133816297062e-14,1.1332839432775178e-13,0.03244428676319336,13.0,420
Naive respondents,199.79821687902134,-11.164170366628838,494.9999999999998,0.44944052928370587,0.14419002469669054,0.4748290608156337,0.0,421
OLS prediction,210.11498262971529,-0.8474046159348916,,,,,,421
EB main,208.34721092487024,-2.6151763207799377,333.9929720725116,1.6911190384064244e-15,0.35014785221725986,0.17322826723466792,0.0,421
EB pairwise,209.65993076896777,-1.3024564766824085,303.20016610175884,4.1321855723033474e-13,1.1179337824859858e-12,0.09297292478928697,0.0,421
EB-offset hybrid: main,209.16510420198418,-1.797283043665999,340.11986928226423,1.7709583769415865e-15,0.28965789411694776,0.14894148196088897,9.0,421
EB-offset hybrid: pairwise,210.14139818045314,-0.8209890651970397,306.5137767855973,8.076973300571422e-15,3.520692221276927e-14,0.09648248933892695,17.0,421
Naive respondents,198.98812531582163,-9.678972279281169,518.0,0.3704614532419038,0.15356646264079923,0.41465264498483717,0.0,422
OLS prediction,206.61155000435576,-2.0555475907470395,,,,,,422
EB main,205.96356624039532,-2.7035313547074793,432.2058749447007,1.1138789381015772e-10,0.34891610270487106,0.1306978892583705,0.0,422
EB pairwise,206.179666584058,-2.487431011044805,400.56524617488327,1.2627425250190546e-12,5.205079316948024e-12,0.12820113102227887,0.0,422
EB-offset hybrid: main,206.49675509508052,-2.1703425000222865,428.4722196817611,1.5542336906863387e-09,0.29910268521636085,0.11376069089451163,7.0,422
EB-offset hybrid: pairwise,206.6257233778499,-2.041374217252894,405.05236694107776,2.045709000571686e-13,8.653881376228716e-13,0.11283953249915536,3.0,422
Naive respondents,201.51167304407932,-8.672950870467446,504.0000000000002,0.3874523107042683,0.14743400437873494,0.4137434799635679,0.0,423
OLS prediction,210.048811082965,-0.1358128315817737,,,,,,423
EB main,208.89936096487452,-1.2852629496722443,389.50455654438457,9.879214730092084e-15,0.2610784949585404,0.14668288791164275,0.0,423
EB pairwise,210.52891029572658,0.34428638117981336,363.03025918354484,9.75649432685271e-12,1.0212450246343382e-11,0.041753326287937625,0.0,423
EB-offset hybrid: main,209.12898451683745,-1.0556393977093137,384.86426150176715,1.9381693094141243e-15,0.22737838210046205,0.12965310221112494,5.0,423
EB-offset hybrid: pairwise,210.45252181378655,0.26789789923978446,361.62962637859107,1.165618912579821e-15,1.888330546697304e-15,0.04262414700517071,2.0,423
Naive respondents,198.72466769473075,-10.855277100130309,506.9999999999999,0.4352344497111071,0.20219951284656,0.46470913254076734,0.0,424
OLS prediction,210.08624897111847,0.5063041762574017,,,,,,424
EB main,208.8313542474201,-0.7485905474409549,354.63666282859026,9.919431132959047e-15,0.13075538874842965,0.13019312453703688,0.0,424
EB pairwise,209.04931787136093,-0.5306269235001366,326.78305578564436,5.368418116752706e-10,5.953731045715087e-10,0.09001484654058568,0.0,424
EB-offset hybrid: main,208.94180932156704,-0.6381354732940281,343.89917903682647,6.961429472336129e-10,0.11855869196966415,0.11695700276369403,10.0,424
EB-offset hybrid: pairwise,209.0452237526,-0.5347210422610544,325.3302262579069,2.997845672112514e-09,1.4795635194670057e-09,0.10367415188120532,6.0,424
Naive respondents,200.48568970082414,-10.047934986867261,535.0000000000001,0.3953841739846329,0.2040840318128735,0.41934799086790875,0.0,425
OLS prediction,211.1131492212384,0.5795245335469872,,,,,,425
EB main,210.12173802610636,-0.4118866615850436,384.7184586838356,5.5620299741731945e-12,0.12901730883280788,0.0881596643242763,0.0,425
EB pairwise,210.2005896034432,-0.33303508424819483,362.73629593530234,8.378313660402395e-11,9.843489002942433e-11,0.044276942908326344,0.0,425
EB-offset hybrid: main,210.20123085283979,-0.3323938348516151,384.45811905382186,1.7129284125612196e-10,0.1214040401898008,0.08115651883708458,6.0,425
EB-offset hybrid: pairwise,210.28928924091528,-0.24433544677611962,364.2565767887186,1.1307285510991583e-14,2.3601910303710415e-14,0.042684155997200296,1.0,425
Naive respondents,200.07583823217522,-8.995598325673171,537.0000000000003,0.41627789598277,0.14057377663439014,0.4434788602006778,0.0,426
OLS prediction,208.4461866119131,-0.6252499459352805,,,,,,426
EB main,207.11822279876174,-1.9532137590866512,396.9477095190375,3.4651178891814454e-13,0.3447160408661631,0.18931625338162328,0.0,426
EB pairwise,209.41540804766456,0.34397148981616965,353.14266230076225,1.4888593631885866e-11,1.0224834126772179e-11,0.07609800599608556,0.0,426
EB-offset hybrid: main,207.37914418149455,-1.6922923763538336,386.3771319663349,4.903678070404436e-11,0.28740574272672925,0.15853457143500183,5.0,426
EB-offset hybrid: pairwise,209.93479240938285,0.8633558515344646,346.9587750543899,2.1145915673462614e-13,5.215898161611215e-13,0.06414733537337071,26.0,426
Naive respondents,203.75130333137218,-8.99347878017241,490.99999999999994,0.4391374663293107,0.17219687557658972,0.4575071106082418,0.0,427
OLS prediction,212.2655546834581,-0.47922742808648877,,,,,,427
EB main,211.19018677251327,-1.554595339031323,365.1143646040375,1.4860199103391583e-10,0.23123001589507028,0.17397279347875372,0.0,427
EB pairwise,212.15925557315728,-0.5855265383873132,326.7472335322054,2.846061298355772e-15,3.894456062889699e-15,0.0709409287182529,0.0,427
EB-offset hybrid: main,212.02986661242,-0.7149154991246007,331.17671857234257,6.077344924966383e-11,0.13516995206848623,0.12194738339013275,13.0,427
EB-offset hybrid: pairwise,212.55115914177094,-0.19362296977365645,313.4911031260053,3.3556774509079434e-10,1.6709781409704606e-09,0.07520312895009318,14.0,427
Naive respondents,202.47618644626814,-9.652842690811354,492.0000000000003,0.40388546992317526,0.16684971318553898,0.4209072370797441,0.0,428
OLS prediction,211.5087303168744,-0.6202988202051074,,,,,,428
EB main,210.48423480078134,-1.6447943362981619,382.8752328909408,4.801263410464769e-09,0.2340602008464809,0.13287850931250564,0.0,428
EB pairwise,212.11302305917553,-0.016006077903966798,357.9832810801113,1.2454228430622177e-11,1.3112007142032368e-11,0.029763542811366693,0.0,428
EB-offset hybrid: main,210.93315943347483,-1.1958697036046715,374.4841414630421,7.214854865245689e-11,0.17637449134096672,0.11787557613689553,17.0,428
EB-offset hybrid: pairwise,212.1304978221344,0.0014686850549026076,357.1885791708519,1.1282590634209185e-15,1.398251755272919e-15,0.028947686769443013,1.0,428
Naive respondents,199.07183297835596,-9.857283251072289,526.9999999999998,0.4138689309547443,0.19182948413993384,0.43192759679134796,0.0,429
OLS prediction,208.0218641183888,-0.9072521110394405,,,,,,429
EB main,206.95947209344462,-1.9696441359836285,403.5922407879613,1.4393614313467782e-15,0.1722056124231828,0.1515170748290775,0.0,429
EB pairwise,207.81883567890537,-1.110280550522873,387.2709672690944,3.426697890466015e-10,3.113816916535305e-10,0.09703935594216377,0.0,429
EB-offset hybrid: main,206.95947209344465,-1.9696441359836,403.5922407879613,1.4144854393671356e-15,0.17220561242318286,0.15151707482907753,0.0,429
EB-offset hybrid: pairwise,207.9127521084789,-1.0163641209493335,383.53036287204617,1.8677367924233785e-14,1.468624312294595e-14,0.1017758548850856,7.0,429
Naive respondents,198.9307981374834,-10.472047553516745,508.0,0.4178519496845484,0.22496829156211448,0.4583646169704246,0.0,430
OLS prediction,207.55789628131978,-1.8449494096803676,,,,,,430
EB main,206.17432422113183,-3.228521469868326,360.9492681748962,8.07901835475817e-14,0.486661533557739,0.251704622061107,0.0,430
EB pairwise,211.26522580409969,1.8623801130995332,256.00554452607975,7.710714390524727e-12,7.554323199488712e-12,0.06767311439599152,0.0,430
EB-offset hybrid: main,207.67127426311495,-1.7315714278852,329.5324727491106,1.8313477950209472e-10,0.3982540388997122,0.16778973301094136,16.0,430
EB-offset hybrid: pairwise,210.8305694584183,1.4277237674181436,232.773299955419,4.712421647798516e-15,3.920598729562238e-15,0.062107958768257476,54.0,430
Naive respondents,199.71339667230774,-10.487626319374527,524.0,0.3891494190831277,0.20500801102162602,0.4372138563057118,0.0,431
OLS prediction,209.38383192111675,-0.8171910705655137,,,,,,431
EB main,208.13950185640917,-2.0615211352730967,406.5476796493808,2.1925090520257094e-14,0.28384224799466395,0.14635958797996604,0.0,431
EB pairwise,210.2231260692821,0.022103077599837206,372.1079152916506,1.1120487899242023e-13,1.5785183450127563e-13,0.016228191616924025,0.0,431
EB-offset hybrid: main,208.87701175314564,-1.3240112385366274,403.98645154410013,5.557449141390134e-11,0.2250846882818919,0.12292510810419321,10.0,431
EB-offset hybrid: pairwise,210.28783570069658,0.08681270901431049,374.00383888377115,5.143859370165779e-09,3.6183118923800853e-09,0.018758098179357984,4.0,431
Naive respondents,201.7523854708392,-9.2267207155204,489.00000000000006,0.455795987777319,0.13556877006708776,0.4548094687557694,0.0,432
OLS prediction,210.11525084198803,-0.863855344371558,,,,,,432
EB main,208.42712802606042,-2.5519781602991713,330.3291993765059,3.9417042073035133e-11,0.24252434730639943,0.2019540771818376,0.0,432
EB pairwise,210.0273534091292,-0.9517527772303822,309.9600997631631,1.4925434485589388e-09,2.2074612766323757e-09,0.10254036726540917,0.0,432
EB-offset hybrid: main,208.97946863407697,-1.9996375522826213,333.85740147722737,1.6203036121422236e-10,0.20166623730676475,0.17258210947325478,4.0,432
EB-offset hybrid: pairwise,210.25055387248287,-0.7285523138767189,307.155988201281,1.1419814861723097e-12,1.6959156999481496e-12,0.0794389342755027,7.0,432
Naive respondents,201.29439534777555,-9.128209034259953,509.00000000000017,0.4432243755708381,0.20411859310385277,0.46280649747001434,0.0,433
OLS prediction,209.63757739382154,-0.7850269882139571,,,,,,433
EB main,208.7704845733081,-1.6521198087274058,364.9477890845449,3.5247864981134826e-15,0.2766558576168528,0.18475451271603097,0.0,433
EB pairwise,210.54189408051104,0.11928969847554072,310.6616561748318,2.1790911835055348e-14,4.2077873224395644e-14,0.04610528399493439,0.0,433
EB-offset hybrid: main,209.02268989526095,-1.3999144867745485,365.2813098137162,1.7082323570783715e-15,0.276397056501348,0.18151072115308414,9.0,433
EB-offset hybrid: pairwise,211.27372673758424,0.851122355548739,307.25612847616117,1.0564351962475683e-13,1.7953511753903015e-13,0.04483186362182378,21.0,433
Naive respondents,201.35065371324055,-9.916569872469154,498.0000000000003,0.4626005924276888,0.17808860637074625,0.4851771925990747,0.0,434
OLS prediction,210.04970296149853,-1.2175206242111756,,,,,,434
EB main,208.9810051575717,-2.2862184281379996,355.31063729842316,1.169147588029508e-15,0.3248672321586939,0.19386828135927178,0.0,434
EB pairwise,211.05320742008956,-0.21401616562013714,290.0533209482188,1.7342847430632136e-13,2.53738723925726e-13,0.021621195521326925,0.0,434
EB-offset hybrid: main,209.85877907829908,-1.4084445074106213,347.86195508706334,1.8859628118408115e-11,0.24512578083863387,0.14665249632004973,13.0,434
EB-offset hybrid: pairwise,211.07229917745528,-0.1949244082544226,289.7463062031456,1.7443416485409126e-15,2.351675912883845e-15,0.021360630676767346,1.0,434
Naive respondents,197.05404649546608,-11.632723955732388,513.0000000000001,0.4404292660960509,0.25368828709535807,0.47537938053797724,0.0,435
OLS prediction,206.03968693215486,-2.647083519043605,,,,,,435
EB main,205.2614765307913,-3.425293920407171,366.96648549736153,1.2776748526734333e-13,0.3907930780791062,0.2302665407049077,0.0,435
EB pairwise,207.98222381893046,-0.7045466322680056,320.896438130585,2.2863052126953483e-11,5.317472132045289e-11,0.07585267656942792,0.0,435
EB-offset hybrid: main,205.61738023293447,-3.0693902182640045,365.7209895610956,8.303215304745857e-09,0.3669288934644363,0.21232231942257204,5.0,435
EB-offset hybrid: pairwise,208.7255127790202,0.03874232782172271,323.2218095084941,2.063626879947286e-09,2.2159772792379254e-09,0.03931452210678999,14.0,435
Naive respondents,201.45824569898312,-11.943058429940265,457.99999999999966,0.48586946531873626,0.22083269953517606,0.5145499965610829,0.0,436
OLS prediction,211.63131020248795,-1.7699939264354327,,,,,,436
EB main,210.37781736022916,-3.0234867686942266,301.72237594456533,2.5972832076646638e-15,0.40797455253401105,0.24839123064513088,0.0,436
EB pairwise,215.0095790366666,1.6082749077432084,202.25892644667502,5.724954046386111e-14,1.621321713703644e-13,0.058542343680490494,0.0,436
EB-offset hybrid: main,211.64466565903888,-1.756638469884507,293.4421801706691,1.918565283406126e-09,0.32787773943754417,0.18200916598908012,11.0,436
EB-offset hybrid: pairwise,214.70525932853005,1.303955199606662,200.14137646391205,4.530913573749301e-15,2.99480917020209e-15,0.050547781800082514,11.0,436
Naive respondents,202.5336257258957,-7.279269797472523,493.99999999999955,0.39797808437377413,0.1217496978685574,0.3862891441786347,0.0,437
OLS prediction,209.9667813524017,0.15388582903349857,,,,,,437
EB main,209.0871477791793,-0.725747744188908,380.71493773548997,1.632887071178305e-09,0.2783175481085356,0.13330243027304445,0.0,437
EB pairwise,210.6479542763293,0.8350587529610891,345.6635082104455,3.76689619040586e-14,4.76038575298472e-14,0.03491866988983273,0.0,437
EB-offset hybrid: main,210.03444802954354,0.2215525061753283,356.42789825140795,3.386640899581411e-09,0.18638818781208263,0.07273860565193095,13.0,437
EB-offset hybrid: pairwise,210.72845389583014,0.9155583724619305,342.7775303532546,9.778961169024464e-16,1.0973620625719636e-15,0.04017275004640933,8.0,437
Naive respondents,202.23815621076002,-7.509416246779381,490.99999999999994,0.4138821832974951,0.26594136252464773,0.42811177166337855,0.0,438
OLS prediction,208.65652581507754,-1.091046642461862,,,,,,438
EB main,207.70793450977752,-2.0396379477618893,401.66031235291194,5.730079616364154e-10,0.27463102625712793,0.14446686459200303,0.0,438
EB pairwise,209.2908095601408,-0.45676289739861886,368.7071869160581,7.383803297492907e-11,1.3469439100105454e-10,0.027319275273347935,0.0,438
EB-offset hybrid: main,208.0753891735927,-1.6721832839467083,400.41950727811803,2.920882184842583e-10,0.22516753517555022,0.12878018469307476,4.0,438
EB-offset hybrid: pairwise,209.38668158162162,-0.36089087591778934,370.04389663887173,3.532889959875681e-14,5.136604746360052e-14,0.03136359875893626,4.0,438
Naive respondents,197.88092874979353,-11.905260292314892,465.0000000000003,0.49163281918910484,0.1869945640830337,0.5293301731394014,0.0,439
OLS prediction,209.23050743907376,-0.5556816030346567,,,,,,439
EB main,207.88633404482943,-1.899854997278993,319.8792894172107,2.4957144380724617e-12,0.23078940959537883,0.169204644689584,0.0,439
EB pairwise,208.51843015414266,-1.2677588879657549,296.22182709425203,1.0947629183445668e-10,1.005669007108831e-10,0.08014058569045297,0.0,439
EB-offset hybrid: main,208.3654795815196,-1.4207094605888244,312.62215963374376,2.3350521441490054e-11,0.15483826504029094,0.14708039101024267,13.0,439
EB-offset hybrid: pairwise,209.1875573537901,-0.5986316883183065,295.17544603684547,3.363176691352349e-10,1.0456479695670694e-09,0.07149861147479349,11.0,439
Naive respondents,199.36444291769047,-10.08398485009377,510.0,0.42260914362404495,0.2118607329611144,0.4649687593229331,0.0,440
OLS prediction,207.69433699438736,-1.7540907733968822,,,,,,440
EB main,206.45388033312412,-2.99454743466012,381.178827766261,3.013620377411953e-10,0.2276752351019634,0.19609730176587203,0.0,440
EB pairwise,207.95727041394156,-1.4911573538426808,355.7092019994725,3.0827051036046244e-12,8.294501360854626e-12,0.09884294879742286,0.0,440
EB-offset hybrid: main,207.48304039248083,-1.9653873753034077,370.7166690758043,1.4841231924802446e-09,0.17869057062505161,0.15598556435867386,14.0,440
EB-offset hybrid: pairwise,208.27212094035062,-1.1763068274336206,354.79116804623055,5.831065173403369e-15,9.748496472397218e-15,0.09190104266284015,8.0,440
Naive respondents,200.23085484791324,-9.41474173880107,506.9999999999999,0.43327781426928696,0.16297695979703297,0.45038078328062725,0.0,441
OLS prediction,208.72536948586568,-0.9202271008486207,,,,,,441
EB main,207.64531102383873,-2.0002855628755754,385.2911563733235,2.658759816361538e-14,0.3763411704357848,0.11980058354389832,0.0,441
EB pairwise,209.89190106275944,0.2463044760451396,329.82097790126284,5.975109224751306e-10,6.256163912165956e-10,0.01248958655649394,0.0,441
EB-offset hybrid: main,207.75707656704185,-1.8885200196724554,386.65959534512467,2.9935655489671047e-10,0.37011209249620763,0.11901342205589738,3.0,441
EB-offset hybrid: pairwise,209.99175439289044,0.34615780617613723,329.1638997149935,9.588690799426033e-15,9.666159905799628e-15,0.012931527349919807,9.0,441
Naive respondents,200.3431737614707,-9.404336884686558,487.99999999999955,0.41164588971278276,0.17033333469744433,0.4265416862487822,0.0,442
OLS prediction,208.2235947741529,-1.523915872004352,,,,,,442
EB main,207.60793593339284,-2.1395747127644142,372.96509818671905,1.3399981202563273e-14,0.18912854970486684,0.17083591137055906,0.0,442
EB pairwise,207.57952824242395,-2.167982403733305,340.05932722274525,1.833352801028163e-15,2.268684069180494e-15,0.16247145608612046,0.0,442
EB-offset hybrid: main,207.72662697848972,-2.0208836676675332,370.87967125350116,5.529529338610184e-09,0.1753357007147668,0.16671789919925747,4.0,442
EB-offset hybrid: pairwise,207.57289868016284,-2.1746119659944156,339.54587320295735,3.2396144991199675e-14,3.967951954685475e-14,0.16482879312177384,5.0,442
Naive respondents,200.474700798164,-9.461176547737495,495.9999999999997,0.40765519468101036,0.20327772582130454,0.4203630720175344,0.0,443
OLS prediction,209.39413997510243,-0.5417373707990691,,,,,,443
EB main,207.86280919167547,-2.0730681542260356,344.11604915566994,1.6561639686871056e-14,0.4115370439017572,0.15498556114355058,0.0,443
EB pairwise,211.91751269661768,1.981635350716175,286.8085224283527,1.5546772195719683e-14,1.5919025708397486e-14,0.07295744206537172,0.0,443
EB-offset hybrid: main,208.22271430088108,-1.7131630450204227,341.87855498263275,2.9474312460067538e-09,0.36699393711102574,0.15281917949240223,10.0,443
EB-offset hybrid: pairwise,211.15534132246609,1.2194639765645832,268.2493731792259,5.650287958812914e-15,4.074637243892893e-15,0.04476759760614122,68.0,443
Naive respondents,201.29004441123965,-10.384534775166799,489.00000000000006,0.420311421110052,0.2761886002977269,0.4732677077940138,0.0,444
OLS prediction,210.8995207837312,-0.7750584026752563,,,,,,444
EB main,209.8735124285532,-1.801066757853249,352.5659171809986,7.096544350895929e-13,0.2639883827232907,0.1800566829759052,0.0,444
EB pairwise,210.94907677851648,-0.7255024078899623,307.3168001996917,1.2841818086383467e-13,1.7225631928343174e-13,0.052986367328252376,0.0,444
EB-offset hybrid: main,210.09297308113025,-1.5816061052761938,351.0183438373773,1.935096258085559e-15,0.2514027801643643,0.1758430129546459,3.0,444
EB-offset hybrid: pairwise,211.4968803127089,-0.1776988736975511,298.7044571770071,2.005563586245859e-13,3.713012951315575e-13,0.029534369211093363,12.0,444
Naive respondents,197.3703109167383,-10.19407767487769,490.99999999999994,0.38589577995010854,0.16288851084776515,0.43157289337586097,0.0,445
OLS prediction,207.34245801520203,-0.22193057641396763,,,,,,445
EB main,206.66463335344673,-0.8997552381692628,390.53290461834996,9.212858342304773e-09,0.16625636176730152,0.11522560241334462,0.0,445
EB pairwise,206.78825095129218,-0.7761376403238103,377.2366295198627,5.502007095297861e-10,1.3610321217301028e-09,0.07681451852717819,0.0,445
EB-offset hybrid: main,206.87841486971192,-0.6859737219040767,373.70692485656804,1.4779328437101524e-10,0.19545218062287079,0.10437779148004013,9.0,445
EB-offset hybrid: pairwise,206.7223778138054,-0.8420107778106001,366.948828184374,3.2014601045321923e-09,5.360763080638002e-09,0.10295627662015583,18.0,445
Naive respondents,199.0374192078964,-9.571257780290495,512.0,0.41786504553129417,0.2037324644002479,0.43937726077607986,0.0,446
OLS prediction,207.05777366754936,-1.5509033206375307,,,,,,446
EB main,206.38830558457278,-2.2203714036141093,386.97126147200777,6.468178577404015e-09,0.3117821097140291,0.1649942098887539,0.0,446
EB pairwise,208.03146512105553,-0.5772118671313535,348.97730780679643,2.5308657028780795e-13,3.991171838451586e-13,0.03635876993370848,0.0,446
EB-offset hybrid: main,207.5820053934914,-1.0266715946955003,375.28006305986,3.3639487020185446e-09,0.19977123725805096,0.107780244489331,16.0,446
EB-offset hybrid: pairwise,208.42680339128856,-0.1818735968983276,354.39380497103195,5.872915349335456e-15,5.376074860563196e-15,0.03356487288334118,12.0,446
Naive respondents,202.16993767405216,-8.574423702638455,525.9999999999999,0.37345932845460633,0.12493565731632032,0.3907830296546277,0.0,447
OLS prediction,208.7896945385562,-1.9546668381344148,,,,,,447
EB main,207.98168792182852,-2.762673454862096,422.5087442322942,1.992894959113043e-14,0.28961863911809393,0.2128109791045865,0.0,447
EB pairwise,208.77314169740154,-1.971219679289078,387.5159820199041,6.691483695833345e-09,3.727469757613233e-09,0.11520052826364208,0.0,447
EB-offset hybrid: main,208.3479126191242,-2.396448757566418,423.28838885171467,8.711595929673759e-09,0.23659441629101644,0.19001678860374382,4.0,447
EB-offset hybrid: pairwise,208.7780121535111,-1.9663492231795203,387.3293997854873,1.2895470202496465e-09,3.742739143174454e-09,0.11515381465573896,1.0,447
Naive respondents,199.38301579272522,-11.950224435421319,510.0,0.4835340241220336,0.19600808216035,0.512785652530444,0.0,448
OLS prediction,209.6824519883376,-1.6507882398089464,,,,,,448
EB main,208.25722636770698,-3.0760138604395593,332.51194006458536,2.2975277108819e-15,0.1165508678089741,0.17199443677498194,0.0,448
EB pairwise,208.2903961896811,-3.0428440384654323,334.352097071794,5.118370746891072e-14,1.4131808261433764e-13,0.164117421094619,0.0,448
EB-offset hybrid: main,209.04050514542413,-2.292735082722402,350.7642462686401,3.6686329974037424e-09,0.09957268476289823,0.15096296672654214,6.0,448
EB-offset hybrid: pairwise,209.03817373067025,-2.2950664974762844,341.8828272849666,4.006268676679843e-14,4.501331607389804e-14,0.13690494875850256,5.0,448
Naive respondents,202.53683971313689,-9.63853919515762,493.99999999999955,0.42741498296490416,0.24466950154543,0.4474059533778556,0.0,449
OLS prediction,209.85498674729112,-2.320392161003383,,,,,,449
EB main,209.6357053638334,-2.5396735444610954,371.5719945581078,9.821827633599896e-10,0.30469319737840267,0.19587584501772187,0.0,449
EB pairwise,211.9434746885495,-0.23190421974501874,306.2606240153041,1.3935613587941078e-15,5.599556522305049e-15,0.05249263316631332,0.0,449
EB-offset hybrid: main,210.39127028656736,-1.7841086217271425,356.68083967500576,1.5946990087779097e-09,0.25806256511431386,0.16400921732168944,14.0,449
EB-offset hybrid: pairwise,212.55579281047164,0.3804139021771391,314.325656177991,2.6303836206073763e-13,3.979507739803856e-13,0.03370619710905912,14.0,449
Naive respondents,202.5667848727523,-9.225565393085134,473.9999999999998,0.4145168256266291,0.1489794145472862,0.4221346797036979,0.0,450
OLS prediction,211.3853280072706,-0.40702225856682617,,,,,,450
EB main,209.8776049714553,-1.9147452943821293,350.382773395714,2.103501140191105e-10,0.18230985707339356,0.12958706514049884,0.0,450
EB pairwise,210.54795247269234,-1.2443977931450831,338.76099823264474,3.983648915286695e-15,3.4761514955577996e-15,0.056755733146588466,0.0,450
EB-offset hybrid: main,210.36628140059466,-1.4260688652427689,360.91963274025017,8.65329509810983e-10,0.14159174419870296,0.11632009439741693,7.0,450
EB-offset hybrid: pairwise,210.70438984889486,-1.0879604169425647,343.29780058709684,1.045500560765323e-15,1.4563776514453157e-15,0.05546805923291761,2.0,450
Naive respondents,201.06403818731158,-8.985972051136343,505.9999999999996,0.40812829763608477,0.16463373049650068,0.46400424145009483,0.0,451
OLS prediction,208.84140291346048,-1.2086073249874403,,,,,,451
EB main,207.6202332192052,-2.429777019242721,400.99006470854465,8.49832197232886e-14,0.23057630490092698,0.1679585513163027,0.0,451
EB pairwise,208.57174188911526,-1.4782683493326658,358.799505027295,2.139301766052218e-09,3.761840785071282e-09,0.05677061723761801,0.0,451
EB-offset hybrid: main,208.96193678532327,-1.0880734531246503,396.39881963292703,1.1918566877917642e-09,0.13806101606074014,0.11414341992830992,8.0,451
EB-offset hybrid: pairwise,209.03361912303234,-1.016391115415587,364.92984573533164,7.610815648035273e-09,3.730999552106717e-09,0.04735662298760498,4.0,451
Naive respondents,199.52565764635952,-10.1316611315589,484.0,0.4151370968813168,0.2162799396232292,0.4602254798908048,0.0,452
OLS prediction,208.37252509430147,-1.2847936836169538,,,,,,452
EB main,207.29251203357404,-2.364806744344378,366.35926358713203,7.705079384803218e-10,0.3888018251861505,0.22019303244307398,0.0,452
EB pairwise,210.13236983054216,0.4750510526237406,316.4164353657792,3.665665944286694e-14,8.331205967233409e-14,0.05377982081085802,0.0,452
EB-offset hybrid: main,207.76903751333728,-1.8882812645811384,362.78443126432654,7.449936715690369e-10,0.32963205422661085,0.19849849444646175,6.0,452
EB-offset hybrid: pairwise,210.07205102017411,0.4147322422556954,309.6132713317041,1.6774895194372429e-15,2.3453281763389357e-15,0.046969128844639135,7.0,452
Naive respondents,201.22083530037872,-9.123169288454932,517.0000000000002,0.4218944934834995,0.16359153006942095,0.4332815717852028,0.0,453
OLS prediction,209.15564708144746,-1.1883575073862005,,,,,,453
EB main,208.35291019973684,-1.9910943890968156,398.45925957028044,8.356616738945291e-09,0.19396133559957077,0.18489234219285047,0.0,453
EB pairwise,209.15080331275124,-1.1932012760824193,353.2631232110001,5.510964803964071e-15,5.529681350391392e-15,0.09322114699733733,0.0,453
EB-offset hybrid: main,208.54847146910282,-1.795533119730834,370.60620690976,3.118376673477144e-11,0.11897597197274448,0.14844033879929897,16.0,453
EB-offset hybrid: pairwise,209.17677481680042,-1.167229772033238,353.953273659518,1.903977173025854e-15,2.013924303821654e-15,0.08823439129550509,7.0,453
Naive respondents,198.66434673223856,-10.02246589713448,474.9999999999996,0.5113519885195537,0.20364436016876836,0.5364901889148981,0.0,454
OLS prediction,207.76871867836522,-0.918093951007819,,,,,,454
EB main,205.6755577119516,-3.0112549174214394,281.67405026597146,4.48929827310899e-15,0.2833845656236607,0.22626902569840793,0.0,454
EB pairwise,206.78254697166062,-1.9042656577124148,242.05570310556482,3.910594364991296e-16,2.0227299735900563e-15,0.07986238986031573,0.0,454
EB-offset hybrid: main,206.49220610698464,-2.1946065223883977,292.12075225906517,7.661590849375942e-10,0.220247421111074,0.18401119310073258,8.0,454
EB-offset hybrid: pairwise,207.19360676872162,-1.4932058606514147,253.60340240265018,9.925081301707937e-16,1.9627290337879326e-15,0.06855577839439994,5.0,454
Naive respondents,198.8094542289247,-11.993913046531105,461.9999999999999,0.46813986847327316,0.14550080315793307,0.5036852453798455,0.0,455
OLS prediction,212.7180677680983,1.9147004926425097,,,,,,455
EB main,211.12544516401948,0.32207788856368325,298.23695123539744,6.58521671695606e-10,0.14791883482803148,0.12700281483253928,0.0,455
EB pairwise,211.63292903642537,0.8295617609695682,283.62335609130207,3.3304938644061406e-13,3.6191591743397665e-13,0.0787415837607864,0.0,455
EB-offset hybrid: main,211.17577208635407,0.37240481089827426,276.9569692991357,1.0486639519151971e-09,0.14476942271947318,0.10820781047068685,15.0,455
EB-offset hybrid: pairwise,211.21001554280434,0.40664826734854387,240.45064607535855,7.871973527485826e-16,6.162464757505355e-16,0.07179197358438198,43.0,455
Naive respondents,198.0340468533176,-10.705469404809833,467.9999999999998,0.42633879913532907,0.16531974194027463,0.4630753367863191,0.0,456
OLS prediction,207.75496438276733,-0.984551875360097,,,,,,456
EB main,206.7029602060257,-2.03655605210173,355.825504731652,1.3067245728939181e-12,0.10990337019276233,0.14533985465669316,0.0,456
EB pairwise,206.2188801760486,-2.5206360820788234,340.8949699103661,2.3016491854064773e-11,5.355888108582196e-11,0.1829970134578984,0.0,456
EB-offset hybrid: main,206.8140875759814,-1.9254286821460198,356.08038119343644,2.3109436076874417e-09,0.10427455777918682,0.14912938582236276,4.0,456
EB-offset hybrid: pairwise,206.30077691204846,-2.438739346078961,341.11357815128247,2.392431521122279e-09,5.0114377567366e-09,0.1852159792349053,2.0,456
Naive respondents,200.45134161822548,-9.346897736028552,469.9999999999999,0.49841410338917214,0.16984815354984154,0.5120364740782336,0.0,457
OLS prediction,208.70800418181997,-1.0902351724340633,,,,,,457
EB main,206.3835773690339,-3.4146619852201354,320.5865582911196,4.668623696314406e-15,0.45529686456153406,0.1728550551742382,0.0,457
EB pairwise,209.63726309009562,-0.16097626415842115,311.0829861129482,3.968394817671658e-15,9.437235154153807e-15,0.017767892992766224,0.0,457
EB-offset hybrid: main,207.57194976515487,-2.226289589099167,334.336914588826,7.318375548662309e-11,0.3127010291830465,0.1274128690255847,8.0,457
EB-offset hybrid: pairwise,209.6109945162289,-0.18724483802512282,309.6281198219732,7.336870063158858e-15,6.955507350868339e-14,0.017559092836739374,4.0,457
Naive respondents,196.57936894715792,-11.991573346980914,482.0000000000001,0.4728225183296421,0.2189442082058969,0.5250923679024572,0.0,458
OLS prediction,209.10006639381035,0.5291240996715203,,,,,,458
EB main,207.95792794457952,-0.6130143495593074,305.06199189700544,4.442954961669076e-12,0.15016696214277156,0.13524765056141036,0.0,458
EB pairwise,208.0911182254329,-0.47982406870593763,292.22633296433236,4.026612489101779e-14,4.908964841229011e-14,0.12734469801383233,0.0,458
EB-offset hybrid: main,208.27936165952164,-0.2915806346171905,288.77669129468757,3.4044459859297915e-09,0.15092371030444754,0.1137762044422352,9.0,458
EB-offset hybrid: pairwise,208.66015595911406,0.08921366497523309,281.8504972849772,2.6133119431151222e-14,4.1425926956245844e-14,0.08840984897292978,12.0,458
Naive respondents,198.97871260993722,-11.485580150638185,508.0,0.40074006259310413,0.2444607522029663,0.4336296319161231,0.0,459
OLS prediction,208.4948639807801,-1.9694287797952938,,,,,,459
EB main,207.5463011053844,-2.9179916551910026,373.10626070865635,1.3979204756031516e-14,0.10357538187745574,0.15014766216978603,0.0,459
EB pairwise,207.84031589557986,-2.623976864995541,368.5636231916131,1.7485062577097365e-11,4.980232585926137e-11,0.1280384982257889,0.0,459
EB-offset hybrid: main,207.9155008017939,-2.548791958781493,381.3151045976236,9.876072394423216e-15,0.09752678570333015,0.14575715927097616,3.0,459
EB-offset hybrid: pairwise,208.21318161434957,-2.2511111462258384,372.01830846953715,7.740651653677648e-13,2.326251976509493e-12,0.12200554707161217,3.0,459
Naive respondents,200.2093579356575,-9.97811341561902,501.99999999999955,0.4024339922695796,0.3517758991337143,0.44858682166388153,0.0,460
OLS prediction,207.91871419179176,-2.2687571594847498,,,,,,460
EB main,206.84360385578526,-3.343867495491253,380.6700184506098,1.1583618866773489e-14,0.47063177206342854,0.2398200696832125,0.0,460
EB pairwise,210.79837920232498,0.6109078510484665,294.5571659118629,8.349829393024146e-14,1.8724607642513288e-13,0.026577746523706054,0.0,460
EB-offset hybrid: main,207.58127089804344,-2.606200453233072,377.978671857704,2.0777858989385226e-10,0.3914787462747063,0.21034776611100686,9.0,460
EB-offset hybrid: pairwise,211.12914088437185,0.941669533095336,285.1356001070669,1.5728934459941062e-14,1.5019360478884018e-14,0.0498358921712504,31.0,460
Naive respondents,199.58887758190886,-11.065077804584433,492.0000000000003,0.4341312042048356,0.18212666546901685,0.48075339401649403,0.0,461
OLS prediction,209.41724788316372,-1.2367075033295691,,,,,,461
EB main,207.95481762511824,-2.699137761375056,357.1577247172549,8.163132663826713e-12,0.22992581033662934,0.16380244818277345,0.0,461
EB pairwise,209.48074869886153,-1.1732066876317617,324.10834051272894,4.5103119938968796e-14,5.31265503489199e-14,0.06754294975903796,0.0,461
EB-offset hybrid: main,208.55070814208725,-2.103247244406049,365.3045925723064,1.242034053749488e-09,0.20585739548616447,0.16074530567776402,11.0,461
EB-offset hybrid: pairwise,209.64162271057396,-1.012332675919339,325.8068003753082,2.7723414920904157e-15,2.7683795350480834e-15,0.06389825845195293,4.0,461
Naive respondents,200.7177222215953,-8.502465776926073,524.0,0.45105984041901626,0.177799679419837,0.4499704061722597,0.0,462
OLS prediction,208.27082825323822,-0.9493597452831466,,,,,,462
EB main,207.19411074337026,-2.026077255151108,408.15038365409646,2.003197719444595e-14,0.13238249008256495,0.13483489333524318,0.0,462
EB pairwise,207.33255703424192,-1.8876309642794524,390.92847874008606,7.401664091366891e-16,1.191578259947105e-15,0.09842237677362244,0.0,462
EB-offset hybrid: main,207.7170068677353,-1.5031811307860607,404.74484262798455,1.0926870698858798e-10,0.11307618185446239,0.1232561593690561,7.0,462
EB-offset hybrid: pairwise,207.8149204195166,-1.4052675790047715,384.95929949190594,2.855188905598348e-14,3.4821640483414024e-14,0.08647949141250912,7.0,462
Naive respondents,198.78438116843736,-9.85428909685399,510.0,0.4036981478355348,0.1684498200559939,0.42297668961115964,0.0,463
OLS prediction,207.08162521503766,-1.5570450502536914,,,,,,463
EB main,206.40612681779746,-2.232543447493896,382.51983159026304,6.8685469215214186e-09,0.30807049755314114,0.19564530870284758,0.0,463
EB pairwise,209.390685452202,0.7520151869106542,325.5215689760991,4.0932028646699376e-14,8.265252208814992e-14,0.038310321414765654,0.0,463
EB-offset hybrid: main,206.69425457174026,-1.9444156935510932,378.64374492414055,4.060934705378333e-11,0.28397837339985665,0.18814046665738698,4.0,463
EB-offset hybrid: pairwise,209.43013908314222,0.7914688178508698,321.72040132969005,5.511488717828874e-15,6.611836801552016e-15,0.035116430115903735,5.0,463
Naive respondents,199.66029315009308,-8.3047171396546,495.9999999999997,0.4570239614197685,0.23983735086326988,0.45694023175331905,0.0,464
OLS prediction,206.71080248730172,-1.2542078024459613,,,,,,464
EB main,205.85382896657669,-2.111181323170996,380.8022723673947,1.0700249547333453e-10,0.3773214859140098,0.19196369209114836,0.0,464
EB pairwise,207.57478257132857,-0.3902277184191121,319.44273785869046,3.735245701547657e-15,1.6209148110252027e-14,0.04544069049511408,0.0,464
EB-offset hybrid: main,206.34486944276838,-1.6201408469792966,378.11749463566775,1.952291736659218e-10,0.31438724029200826,0.16703279784179098,5.0,464
EB-offset hybrid: pairwise,208.271464491831,0.3064542020833301,321.141639783608,3.568171861313804e-13,7.23272625383821e-13,0.021773026259849757,18.0,464
Naive respondents,198.4534946396471,-12.07237099161074,482.0000000000001,0.46371948950973085,0.2307083858589693,0.4977281913704568,0.0,465
OLS prediction,208.98954249697417,-1.5363231342836627,,,,,,465
EB main,207.5934493366139,-2.9324162946439287,265.6974283104667,3.4743769635719157e-14,0.23090820267171555,0.18273060935321908,0.0,465
EB pairwise,209.58010264729776,-0.9457629839600656,235.97846752416203,3.976423015642912e-11,4.334473510483837e-11,0.06648853876108704,0.0,465
EB-offset hybrid: main,207.6918845965744,-2.8339810346834327,272.77370239204015,7.855290735909589e-10,0.2395677739214259,0.18131585778382486,2.0,465
EB-offset hybrid: pairwise,209.59529867114242,-0.9305669601154136,236.3041383836882,2.0692641479753854e-12,1.936744095343752e-12,0.0648926195594443,1.0,465
Naive respondents,201.23918415880453,-9.28676933819574,520.9999999999999,0.4534341142539416,0.1517103781150408,0.4675168517675902,0.0,466
OLS prediction,211.13217688608634,0.6062233890860682,,,,,,466
EB main,209.99497108824596,-0.530982408754312,363.6353481095959,5.333934177619501e-15,0.136498563560559,0.13690211375941835,0.0,466
EB pairwise,210.19970089937564,-0.3262525976246309,348.944332953855,4.666584026969949e-10,1.0746217137964111e-09,0.09027726847921957,0.0,466
EB-offset hybrid: main,209.94076361255867,-0.5851898844416041,351.65607595163965,7.217437161074422e-09,0.12381240863184897,0.1370165075425716,7.0,466
EB-offset hybrid: pairwise,210.2558555370575,-0.27009795994277397,349.53473957760497,1.7850890831610185e-13,3.953378826342087e-13,0.08972970862926202,1.0,466
Naive respondents,198.33549000436008,-11.299103477926337,495.9999999999997,0.4329008734099005,0.14994192487504673,0.4740792115536858,0.0,467
OLS prediction,208.34336742650945,-1.2912260557769741,,,,,,467
EB main,206.6963846523645,-2.9382088299219333,345.6718035421833,9.547548416274728e-16,0.46562042649530333,0.18520775536829495,0.0,467
EB pairwise,209.59051237336118,-0.04408110892524064,302.97218312878994,4.603074858599338e-10,1.080083263608718e-09,0.029210273117555523,0.0,467
EB-offset hybrid: main,207.22954610381203,-2.405047378474393,350.1159730435376,2.477658180233252e-10,0.4180153265466404,0.17188392694178575,10.0,467
EB-offset hybrid: pairwise,210.51315323076363,0.8785597484772154,299.19644027976915,6.137877174605884e-12,1.4800917433911325e-11,0.037284336150294,30.0,467
Naive respondents,197.94239109979793,-11.512898101510814,496.9999999999997,0.4114745667976996,0.25557379409573977,0.44914637354515324,0.0,468
OLS prediction,207.78471140455187,-1.6705777967568736,,,,,,468
EB main,206.84722348108528,-2.6080657202234647,361.7953873702313,7.563874506894177e-11,0.20797235717150375,0.2270280716783388,0.0,468
EB pairwise,207.5539336742597,-1.9013555270490485,338.47882001587584,6.345567848569373e-13,7.928093147371411e-13,0.15995294526689496,0.0,468
EB-offset hybrid: main,207.62363188654382,-1.831657314764925,329.4929967752274,1.289347298914999e-10,0.1808942532487903,0.17735204650620384,21.0,468
EB-offset hybrid: pairwise,207.9880866929782,-1.4672025083305584,335.8008789801655,1.616731430828874e-13,2.6903121461343193e-13,0.13963302342573683,7.0,468
Naive respondents,202.44859169875124,-8.129401412319737,500.99999999999994,0.4374552709654479,0.12180297194961207,0.43830283019579735,0.0,469
OLS prediction,209.33067291041277,-1.2473202006582085,,,,,,469
EB main,208.4555672982625,-2.1224258128084728,395.8277053347001,2.8524750978518245e-09,0.1554440398355544,0.15364745526267784,0.0,469
EB pairwise,208.33025806423962,-2.247735046831366,372.20505047526984,9.92727316504009e-11,9.355490895144584e-11,0.12857334931937237,0.0,469
EB-offset hybrid: main,208.7186439675158,-1.8593491435551925,394.3649085965755,5.3253488870150876e-09,0.15064925020342562,0.15505454904486515,6.0,469
EB-offset hybrid: pairwise,208.46336054990587,-2.1146325611651093,370.32945430851765,1.898623796471886e-15,1.9201567097942014e-15,0.12872483564815337,4.0,469
Naive respondents,200.94528867219614,-9.095953263380977,479.00000000000017,0.3611039421627197,0.13962415120012717,0.41051701757349646,0.0,470
OLS prediction,208.5304770529806,-1.5107648825965327,,,,,,470
EB main,207.90545574841008,-2.1357861871670423,402.319934761651,2.793355264434184e-11,0.1860404698179265,0.14607222419898297,0.0,470
EB pairwise,208.3826616744358,-1.65858026114131,381.9386563622739,2.848106783931334e-14,5.177663397620955e-14,0.09053223269012212,0.0,470
EB-offset hybrid: main,208.4490239182302,-1.5922180173469087,399.5076736163716,2.0543045873448616e-10,0.1412136872345169,0.11600531325947036,7.0,470
EB-offset hybrid: pairwise,208.61378018256644,-1.4274617530106752,383.86140856463334,7.224735767594636e-14,1.4931276454821693e-13,0.08560405639739402,3.0,470
Naive respondents,203.9853659688623,-7.878054307730736,487.99999999999955,0.41978009156969937,0.2517137724322792,0.4216017421304972,0.0,471
OLS prediction,211.13835657839817,-0.725063698194873,,,,,,471
EB main,210.1267762247179,-1.736644051875146,375.23709734253714,6.632790520960394e-13,0.1595755389039005,0.12921554256950518,0.0,471
EB pairwise,211.34899892816514,-0.5144213484279021,362.4226305105691,7.869145178423007e-16,8.391933472334683e-15,0.05664709201030136,0.0,471
EB-offset hybrid: main,210.20693092937375,-1.656489347219292,377.9449359716091,3.738989737263653e-14,0.16464125460002618,0.13163327078474074,1.0,471
EB-offset hybrid: pairwise,211.35643525944988,-0.5069850171431654,361.31243810880363,7.354173955094332e-15,1.5423220094649254e-14,0.05388212073753286,2.0,471
Naive respondents,198.16204054199505,-10.152772555840528,506.9999999999999,0.39386682899483094,0.11525239548237878,0.4318844473729017,0.0,472
OLS prediction,208.21184944464488,-0.10296365319069878,,,,,,472
EB main,206.8298101635932,-1.4850029342423738,385.5680067478912,3.7359030069229453e-13,0.24405664998952045,0.13525984380319916,0.0,472
EB pairwise,207.55513059198148,-0.7596825058541015,366.9167733989068,1.0447442729872027e-11,1.3937974674115439e-11,0.08983450582844833,0.0,472
EB-offset hybrid: main,206.91104875960903,-1.4037643382265514,385.6401343862355,8.403710866385167e-13,0.21878257223151798,0.13015784331092986,7.0,472
EB-offset hybrid: pairwise,207.62104334153906,-0.6937697562965184,366.7263268599526,3.5196622821166345e-09,4.561203349933439e-09,0.08961489508292873,3.0,472
Naive respondents,198.8243334593728,-12.113397787105328,472.00000000000017,0.4252576238031493,0.1608638670041577,0.46304026996036723,0.0,473
OLS prediction,210.9250291697507,-0.012702076727435951,,,,,,473
EB main,209.9949690798937,-0.9427621665844299,341.5675880753272,2.1110502522325417e-15,0.11989989289844931,0.13315426143306575,0.0,473
EB pairwise,209.6996151230225,-1.238116123455626,324.7608111537454,4.25893649674599e-10,6.668545351255554e-10,0.12223837922651068,0.0,473
EB-offset hybrid: main,210.12255716284204,-0.8151740836360943,337.048480230301,8.343366602620322e-10,0.10614755632065416,0.12294627196645473,5.0,473
EB-offset hybrid: pairwise,209.72572825524173,-1.2120029912364032,325.25059490907626,8.519487555369745e-15,1.0902213753308535e-14,0.12796434288689157,3.0,473
Naive respondents,198.68835765264996,-10.884084434274541,534.0000000000002,0.40394346289567373,0.19586496907430617,0.4595956051978164,0.0,474
OLS prediction,208.83484167644926,-0.7376004104752383,,,,,,474
EB main,208.06440012674634,-1.5080419601781614,401.0439394479492,3.719201333881072e-10,0.24690863703580443,0.1782702865834503,0.0,474
EB pairwise,209.21730464099952,-0.3551374459249814,329.7474890900506,8.754279921961692e-13,1.048110611953212e-12,0.05426944872234792,0.0,474
EB-offset hybrid: main,208.3919106090605,-1.1805314778640081,393.4801618729708,4.680693157986561e-10,0.20640721524676692,0.15180673473583695,12.0,474
EB-offset hybrid: pairwise,209.6969702972325,0.1245282103080001,344.1789456976319,3.743465088128284e-12,4.534613421416122e-12,0.04310833828469325,12.0,474
Naive respondents,199.13007565021957,-9.524639295600252,519.0,0.38877211006853657,0.12715722922479852,0.3997967227456555,0.0,475
OLS prediction,208.8890375199401,0.23432257412028434,,,,,,475
EB main,208.10610947539303,-0.5486054704267929,394.59568003778503,9.23961701981339e-15,0.16861231820271075,0.09889244729613628,0.0,475
EB pairwise,207.9375699353482,-0.7171450104716257,375.966929677697,2.236035651019515e-09,5.868697577895745e-09,0.07466687222088188,0.0,475
EB-offset hybrid: main,208.15476256741456,-0.4999523784052542,393.52548957825877,1.8186846745328325e-10,0.1593391467818138,0.0931949504066385,2.0,475
EB-offset hybrid: pairwise,207.9375699353482,-0.7171450104716257,375.966929677697,2.236035651019515e-09,5.868697577895745e-09,0.07466687222088188,0.0,475
Naive respondents,200.03789872636497,-9.379895376996359,493.0,0.4295555269577671,0.24715734653134025,0.457533493387899,0.0,476
OLS prediction,207.11016719054857,-2.307626912812765,,,,,,476
EB main,206.69218581453535,-2.725608288825981,376.21360160493225,3.895336650108797e-09,0.44824712373277864,0.21360978142837297,0.0,476
EB pairwise,209.37137220509777,-0.046421898263560024,322.603042498515,2.205534557884322e-13,2.975868326937675e-13,0.02761320005748408,0.0,476
EB-offset hybrid: main,208.18999656764464,-1.2277975357166895,356.3578802184514,3.090888144742991e-10,0.28458736071539253,0.14907089236975388,18.0,476
EB-offset hybrid: pairwise,209.93705973600356,0.5192656326422309,323.07747460557835,1.2617930218131796e-13,1.9945891759325009e-13,0.031210902117512505,7.0,476
Naive respondents,200.05310626839426,-9.841997226321155,482.0000000000001,0.42235305287951025,0.1940831788442662,0.46371089988291325,0.0,477
OLS prediction,206.40564848912817,-3.4894550055872458,,,,,,477
EB main,204.62955775111112,-5.265545743604292,365.2228213916806,1.0890749591244353e-09,0.6256055776011008,0.22617741696305593,0.0,477
EB pairwise,209.05852861154858,-0.8365748831668327,310.96879490677185,1.0271361230204372e-15,2.098057396054242e-15,0.0409772684363382,0.0,477
EB-offset hybrid: main,206.31890670543402,-3.576196789281397,374.83528997285555,8.231630442410369e-10,0.4165843272766607,0.16483882987660503,6.0,477
EB-offset hybrid: pairwise,209.31630835431162,-0.5787951404037983,317.93549105785075,7.37461783484073e-09,5.945971777127049e-09,0.0342944907797896,9.0,477
Naive respondents,197.88322964889875,-10.932829239134747,496.9999999999997,0.42009309576274745,0.2092217633254228,0.45333625042300113,0.0,478
OLS prediction,208.20878179261376,-0.6072770954197324,,,,,,478
EB main,206.76735720311174,-2.0487016849217525,340.7519050272134,2.2203224084518105e-12,0.3941750231937832,0.207800030096219,0.0,478
EB pairwise,209.01824314627783,0.20218425824432984,306.8944773908628,6.594461103578491e-10,1.5982883666442743e-09,0.08935472124980179,0.0,478
EB-offset hybrid: main,206.83357161131414,-1.982487276719354,337.9822971566452,1.6409294708263022e-11,0.3645255919465122,0.19691628201672393,5.0,478
EB-offset hybrid: pairwise,209.62748454336156,0.8114256553280654,301.26507396338576,1.1961406072242275e-14,1.708241565474119e-14,0.058252150862770795,31.0,478
Naive respondents,198.98664239643142,-10.214549725727124,494.9999999999998,0.4467269632036602,0.21098158246944504,0.4746048429935283,0.0,479
OLS prediction,207.74328206207136,-1.4579100600871868,,,,,,479
EB main,205.9802059514721,-3.2209861706864444,361.10030524031197,1.6285116967010667e-09,0.28429614737679576,0.1788091826881985,0.0,479
EB pairwise,207.8444253099095,-1.3567668122490488,348.8993935926027,3.761715944881513e-13,6.266403121357749e-13,0.0842319451033396,0.0,479
EB-offset hybrid: main,207.17803607835015,-2.023156043808399,375.4842454370744,1.5805826664532954e-15,0.1764255492719033,0.1472778870502946,11.0,479
EB-offset hybrid: pairwise,208.49032502198727,-0.7108671001712707,343.69963574090946,1.2620505542539155e-14,1.5148145280652126e-14,0.04733322398117584,13.0,479
Naive respondents,200.50334391076845,-10.070602899850229,533.0000000000003,0.37122582302013873,0.21334346287290437,0.40503506805518513,0.0,480
OLS prediction,209.4374418381995,-1.136504972419175,,,,,,480
EB main,208.63676156952982,-1.937185241088855,417.23060268159935,1.902676861439123e-10,0.3233725488873821,0.19825380263787143,0.0,480
EB pairwise,211.2997280384012,0.7257812277825337,357.32707545093245,1.806597750658094e-12,2.274258908432126e-12,0.05938312765128422,0.0,480
EB-offset hybrid: main,208.51202327074887,-2.0619235398698095,398.73296445961796,1.3128627869842926e-11,0.3205312249735041,0.20441071415563064,12.0,480
EB-offset hybrid: pairwise,211.37869239082175,0.8047455802030754,324.0686207096086,1.4452784837935422e-09,2.752041183561177e-09,0.038331884000830374,35.0,480
Naive respondents,199.33458895091002,-9.134819110092991,519.0,0.42921062243372277,0.20619243796468528,0.44733349627657915,0.0,481
OLS prediction,207.19033028641286,-1.2790777745901494,,,,,,481
EB main,205.72512888418836,-2.7442791768146435,410.59474160213125,1.4187525345974376e-12,0.26985341752051367,0.14647450118295854,0.0,481
EB pairwise,206.80251976727678,-1.666888293726231,395.0137053658127,5.039266246543799e-10,9.910657028773598e-10,0.0633778830807333,0.0,481
EB-offset hybrid: main,206.2801482464886,-2.1892598145144007,417.8462684569786,3.314222652434814e-10,0.21869066838705775,0.12991824297862584,3.0,481
EB-offset hybrid: pairwise,206.98874723022797,-1.4806608307750366,399.0228344848618,3.5706000379958115e-09,7.927814443050349e-09,0.06562184083892526,3.0,481
Naive respondents,197.31366613945636,-13.339452952552875,472.00000000000017,0.44216182206874716,0.2910626622813579,0.5047214158871449,0.0,482
OLS prediction,207.87015064787516,-2.7829684441340703,,,,,,482
EB main,206.6842197074456,-3.9688993845636276,314.8329648445534,1.9329475906328678e-12,0.5154287959962804,0.24740053388518599,0.0,482
EB pairwise,209.69810013017474,-0.9550189618344973,255.9778849626561,1.6560434918389652e-09,5.994671954989755e-09,0.06628671931485478,0.0,482
EB-offset hybrid: main,207.75244739271162,-2.900671699297618,312.4549089915616,2.028915375748554e-09,0.3870195128614502,0.20115555577758135,14.0,482
EB-offset hybrid: pairwise,210.51925335708953,-0.1338657349197092,260.38993868865356,3.695602035598822e-15,6.743964821949995e-15,0.0495540881759404,45.0,482
Naive respondents,203.34718190409708,-8.87447314236033,519.9999999999998,0.42289048966752496,0.1588101620400203,0.4316777017787685,0.0,483
OLS prediction,211.08148385821278,-1.1401711882446364,,,,,,483
EB main,210.36497127558548,-1.856683770871939,387.5982752537971,8.421295648662099e-09,0.2957616648767589,0.19736763106381772,0.0,483
EB pairwise,212.81178625117983,0.590131204722411,343.57970242846665,1.7503029727724372e-11,1.2064614502321422e-11,0.0609587296239766,0.0,483
EB-offset hybrid: main,210.89378972555963,-1.3278653208977858,376.51006978055676,4.97811787362352e-09,0.25652393485950137,0.16363721406362933,6.0,483
EB-offset hybrid: pairwise,212.85525528099095,0.6336002345335316,329.868890145754,2.599612294044168e-12,5.852207989717749e-12,0.059165156285756734,17.0,483
Naive respondents,202.1986444298711,-9.25302272421331,473.9999999999998,0.4131527484866279,0.25615921950365667,0.4364280179103069,0.0,484
OLS prediction,210.07086024329126,-1.3808069107931544,,,,,,484
EB main,209.2820546778797,-2.169612476204719,378.67340470228294,1.2616999955930484e-10,0.23803404337105977,0.14641552632440655,0.0,484
EB pairwise,210.4552297445842,-0.9964374095002313,350.20853716239964,1.0369794429467863e-09,1.3690406701380328e-09,0.06953676172508055,0.0,484
EB-offset hybrid: main,209.5066698951702,-1.9449972589142135,377.8498342872123,1.351158208250516e-11,0.2527745244597611,0.14657873852029973,10.0,484
EB-offset hybrid: pairwise,211.0695179393621,-0.3821492147223182,355.70344211300585,8.946348459448525e-15,1.009020710044731e-14,0.055225456602708015,10.0,484
Naive respondents,199.0780813683321,-10.310011554564937,482.0000000000001,0.47005527741427755,0.16601179243447722,0.5066824463664636,0.0,485
OLS prediction,209.8839936987027,0.4959007758056657,,,,,,485
EB main,208.70937137486192,-0.6787215480351279,315.4802319498528,9.48694088439757e-10,0.1778746331436565,0.18220098858645253,0.0,485
EB pairwise,210.3676851226846,0.979592199787561,289.80428620766645,7.58426980532758e-11,7.228123019088936e-11,0.07008905342416653,0.0,485
EB-offset hybrid: main,209.15076004052258,-0.23733288237446004,300.73510453014006,3.873256008883982e-10,0.15654922644349592,0.15011429302202894,11.0,485
EB-offset hybrid: pairwise,210.51956390196776,1.1314709790707127,276.3898318177348,1.3982286640994716e-15,1.1004588654093105e-15,0.05426524717317142,15.0,485
Naive respondents,198.6635214403342,-11.257151473150117,485.0000000000001,0.42875766878060007,0.16898601149661233,0.4856494479876564,0.0,486
OLS prediction,209.1841749642415,-0.7364979492428176,,,,,,486
EB main,207.34429213589286,-2.576380777591453,363.80508320073926,5.326686695478752e-09,0.4174819103607051,0.1514940031315807,0.0,486
EB pairwise,207.6580065978696,-2.262666315614723,326.6514036396311,5.092171186888886e-12,1.729207459607015e-11,0.11348849620635143,0.0,486
EB-offset hybrid: main,208.450143264301,-1.4705296491833053,357.2675710276016,2.4612902838446886e-09,0.24984508696562974,0.1117017236549457,15.0,486
EB-offset hybrid: pairwise,208.40403929796756,-1.5166336155167528,326.023202103967,9.28821153301469e-10,1.7161338418066463e-09,0.09417014967502262,10.0,486
Naive respondents,201.69640966440022,-9.105160057896683,481.0,0.510256372778702,0.20933738041284422,0.5062710052650742,0.0,487
OLS prediction,211.19704333538746,0.39547361309055873,,,,,,487
EB main,209.8019141611841,-0.9996555611128031,323.71257912954025,3.627898969948854e-15,0.26648748155617347,0.1386234339248635,0.0,487
EB pairwise,210.88484203258466,0.08327231028775373,287.4025644747483,1.051380225437785e-11,1.7707120111298487e-11,0.02975924861654221,0.0,487
EB-offset hybrid: main,209.77910586572895,-1.0224638565679527,317.08170815701595,1.2243379649192638e-10,0.22927289066423717,0.11957264421085162,5.0,487
EB-offset hybrid: pairwise,211.0927952435411,0.29122552124420054,293.3418587294408,5.245575619716995e-13,8.873197456852411e-13,0.032150851758338865,10.0,487
Naive respondents,198.4049223742296,-10.622932042907792,496.9999999999997,0.45674562845245664,0.15544920320594827,0.4871073746322811,0.0,488
OLS prediction,208.196985947132,-0.830868470005413,,,,,,488
EB main,207.03036350365926,-1.9974909134781456,357.0575213053632,3.062621332164497e-15,0.2578663059015975,0.15226937539286362,0.0,488
EB pairwise,208.48463239330093,-0.5432220238364778,330.1929373148244,1.5558762341139092e-10,1.1106964400837396e-10,0.03881084133990651,0.0,488
EB-offset hybrid: main,207.236403362056,-1.79145105508141,357.6873715597886,5.187085772686091e-12,0.24373777603879757,0.14107998174056877,2.0,488
EB-offset hybrid: pairwise,208.6842159507331,-0.3436384664043146,333.74367087694003,1.3420072606171762e-15,1.1700092581392041e-15,0.03737281611593805,5.0,488
Naive respondents,201.20584425498973,-8.93963460080073,473.9999999999998,0.40288317331514634,0.18016975215355516,0.43206892500419136,0.0,489
OLS prediction,208.6720741111663,-1.4734047446241618,,,,,,489
EB main,207.5609222664254,-2.5845565893650644,389.55405066943,1.2796339348468911e-15,0.34713210858885585,0.1605861665183713,0.0,489
EB pairwise,209.40761432937066,-0.7378645264197985,346.7460575569013,2.1173018782396716e-12,1.7507640375100037e-12,0.03767115395192793,0.0,489
EB-offset hybrid: main,208.146401934916,-1.9990769208744439,390.8030056202798,9.967856280501634e-16,0.3031007566971542,0.13931846090326758,4.0,489
EB-offset hybrid: pairwise,209.42480467730502,-0.7206741784854387,347.3433546361079,1.7583667219113485e-15,1.7339054151774598e-15,0.03983992088082338,5.0,489
Naive respondents,200.6879339950294,-9.988275238890225,486.99999999999966,0.4221493015256094,0.20490242214518023,0.4436828195385509,0.0,490
OLS prediction,210.0920981843701,-0.5841110495495343,,,,,,490
EB main,209.1101827083567,-1.5660265255629326,373.88568989911397,6.472813726604857e-11,0.2714581491596208,0.1697982521203579,0.0,490
EB pairwise,211.24325073550156,0.5670415015819401,335.8447187175651,2.266409446822648e-10,2.516204529524746e-10,0.02817546423381607,0.0,490
EB-offset hybrid: main,209.37382561644833,-1.3023836174712926,368.08127192268057,8.463625845933544e-11,0.2402090611198915,0.1520580965506644,5.0,490
EB-offset hybrid: pairwise,211.4348773812898,0.7586681473701731,332.0988705118774,1.10810489253279e-15,1.1005051809637473e-15,0.029810353522698126,7.0,490
Naive respondents,200.40932784384975,-12.139130420309499,465.0000000000003,0.4748574740448216,0.18805773466271394,0.49802722659122295,0.0,491
OLS prediction,213.45889794485916,0.9104396806999091,,,,,,491
EB main,212.10241691004353,-0.4460413541157209,306.24115301993373,2.526357143176682e-10,0.20718378475191393,0.16975555591498262,0.0,491
EB pairwise,213.1405545930697,0.5920963289104577,273.3210210057744,1.0337594947183476e-13,1.6045066373929669e-13,0.07667516134257474,0.0,491
EB-offset hybrid: main,211.83134129670484,-0.717116967454416,279.02782319035543,6.332248717408578e-11,0.22829505774089376,0.15485709972805,16.0,491
EB-offset hybrid: pairwise,213.2994651517945,0.751006887635242,246.40317014091585,4.72835393309199e-15,5.495597144291376e-15,0.05508727804768317,21.0,491
Naive respondents,200.5347834111509,-10.890755069202726,482.9999999999999,0.4268651852088796,0.2126039080458288,0.4680263165218075,0.0,492
OLS prediction,209.77006259245803,-1.6554758878955909,,,,,,492
EB main,208.7416780533678,-2.683860426985831,342.7714909489412,4.862779674703655e-14,0.3823624049857365,0.21355832642812692,0.0,492
EB pairwise,211.30712822894893,-0.11841025140469696,288.07403169181885,2.5805352607762016e-15,4.132233666220727e-15,0.032415336312212065,0.0,492
EB-offset hybrid: main,209.71777014367402,-1.7077683366796066,341.8532265244328,3.8598868433411785e-09,0.3013971020272222,0.16635050503436694,8.0,492
EB-offset hybrid: pairwise,211.41981405371598,-0.0057244266376415,289.16869532737064,5.713303647980293e-09,5.858548932152114e-09,0.02794015905809131,7.0,492
Naive respondents,199.162799914327,-10.610845533660495,492.0000000000003,0.4256648385428444,0.25787780440057356,0.4720245494644057,0.0,493
OLS prediction,208.3259103859719,-1.447735062015596,,,,,,493
EB main,207.25670752376573,-2.5169379242217644,373.20517264395573,3.132492357875444e-09,0.34227051182318,0.22296093539007666,0.0,493
EB pairwise,210.44409560166545,0.6704501536779617,304.4189604657233,1.4015914739066973e-13,2.2250657226944266e-13,0.04095833682331089,0.0,493
EB-offset hybrid: main,207.49766005392453,-2.275985394062957,370.6633538740662,1.0050224146313558e-10,0.3129324419770998,0.20200092493369606,6.0,493
EB-offset hybrid: pairwise,210.24299887786353,0.4693534298760369,286.9699992679635,1.2732819239513223e-14,1.7452076394194627e-14,0.030820917448581547,19.0,493
Naive respondents,198.99315294666397,-11.23504550241799,486.00000000000034,0.4020401777607955,0.27666526716103457,0.48928439789111017,0.0,494
OLS prediction,206.9324700261089,-3.2957284229730703,,,,,,494
EB main,206.01764187660766,-4.210556572474303,365.5140422838602,9.104327660973557e-13,0.4458968344418639,0.25547976295840297,0.0,494
EB pairwise,208.20596545140313,-2.0222329976788274,285.97953779092467,1.9113760691867237e-12,3.1126767157538524e-12,0.09346460416892664,0.0,494
EB-offset hybrid: main,207.81714127303954,-2.4110571760424193,364.93988873078825,2.2333687421845665e-15,0.34239575807867234,0.18818578665310248,15.0,494
EB-offset hybrid: pairwise,208.59958331686065,-1.628615132221313,295.2025865054342,9.958999652699213e-16,1.3053537691765319e-15,0.08467500907604743,3.0,494
Naive respondents,198.99212476438095,-9.702190327094797,504.0000000000002,0.4359035466644838,0.1859653584017584,0.45796467618854453,0.0,495
OLS prediction,208.75950237138122,0.0651872799054729,,,,,,495
EB main,207.5255326654486,-1.1687824260271498,377.9386315269183,8.400751842152032e-10,0.24783652759576044,0.17437629269056953,0.0,495
EB pairwise,209.16473379191353,0.47041870043779,351.93585417404404,6.519980705236356e-15,6.566185695579923e-15,0.04569464981366793,0.0,495
EB-offset hybrid: main,207.9973893747552,-0.6969257167205569,363.4228858827865,4.666283213133087e-11,0.1907298103649784,0.1313673963813322,10.0,495
EB-offset hybrid: pairwise,209.36111327375767,0.6667981822819229,344.11099046556245,2.64502711568486e-09,2.393973758467584e-09,0.04465595937926727,9.0,495
Naive respondents,199.17441488937925,-11.007539809157379,487.99999999999955,0.39438783402830063,0.20056950608895996,0.43885135295053823,0.0,496
OLS prediction,210.3720825645509,0.19012786601427933,,,,,,496
EB main,209.3507041131614,-0.8312505853752157,375.56881402651624,1.2910211746218503e-15,0.1530152439168932,0.09900946037379905,0.0,496
EB pairwise,210.21361269995614,0.03165800141951536,357.37976701394615,7.958621960717312e-14,1.6185873958674412e-13,0.03937335454659151,0.0,496
EB-offset hybrid: main,209.9671883201406,-0.2147663783960354,374.01577691572976,1.119930897225516e-09,0.15656741365319904,0.08564775465490458,8.0,496
EB-offset hybrid: pairwise,210.5686494229401,0.3866947244034691,356.82860602005906,1.0477390922413026e-09,2.078378732027952e-09,0.052189731757216626,18.0,496
Naive respondents,200.11442838980898,-8.99740374000882,468.99999999999983,0.48814560329123474,0.2086640548069439,0.4969481018989442,0.0,497
OLS prediction,209.1035107608618,-0.008321368955989783,,,,,,497
EB main,207.78469562834178,-1.3271365014760192,333.10440676392926,4.9438934719137625e-09,0.2355738793428139,0.14992642007684243,0.0,497
EB pairwise,209.11068880610364,-0.0011433237141602604,304.2461596149728,8.398136774976157e-15,1.1567699240959764e-14,0.026514866931374607,0.0,497
EB-offset hybrid: main,208.1099074730528,-1.0019246567649986,323.4771772863972,2.531275325336288e-10,0.22242031782271143,0.13185014001874143,17.0,497
EB-offset hybrid: pairwise,209.2788453327387,0.16701320292091282,293.7598912809578,4.41466066879644e-15,8.434697752552107e-15,0.02067583512974937,12.0,497
Naive respondents,200.5059880807837,-11.192558357370217,486.00000000000034,0.4229155406516913,0.10041276387582347,0.4797688409111914,0.0,498
OLS prediction,211.56894236375743,-0.12960407439649657,,,,,,498
EB main,210.47834130249726,-1.2202051356566699,340.8793015449271,3.6342905312818238e-12,0.1732355678637592,0.1694660031079531,0.0,498
EB pairwise,211.26540363053869,-0.4331428076152406,317.01881160241805,3.3616776866148735e-15,5.854674576908885e-15,0.10154172697213738,0.0,498
EB-offset hybrid: main,211.2892668550217,-0.4092795831322178,313.4522675872097,8.739083277692716e-10,0.1273616647861528,0.10899226710727523,22.0,498
EB-offset hybrid: pairwise,211.56786028811513,-0.13068615003879813,306.9793101182999,1.7480601830569942e-13,4.1892146557661517e-13,0.07795123145283522,9.0,498
Naive respondents,199.25282096584962,-10.428289913609689,500.0000000000005,0.44983951498800306,0.23481243142981661,0.48743773961974385,0.0,499
OLS prediction,207.78289052107,-1.8982203583893238,,,,,,499
EB main,206.65009271329347,-3.031018166165836,352.338470088704,1.3413147563816739e-14,0.4900014503378385,0.28140853507887187,0.0,499
EB pairwise,209.7868530921792,0.10574221271988904,264.8485165067797,7.342488085672517e-13,9.867567503192706e-13,0.0896789010969393,0.0,499
EB-offset hybrid: main,207.49989551341795,-2.181215366041357,332.9488346741704,1.9863892640343412e-09,0.4285884218043392,0.22869444960458973,19.0,499
EB-offset hybrid: pairwise,209.90523915768324,0.22412827822392956,256.416805688232,3.38075011252792e-14,3.767833961879966e-14,0.0686382174190011,22.0,499
Naive respondents,197.87649062103415,-11.676601959216413,513.0000000000001,0.45152579387749586,0.20687625076196742,0.49373804346965633,0.0,500
OLS prediction,211.60992501949562,2.0568324392450563,,,,,,500
EB main,210.04472074116492,0.49162816091435957,326.10203954106964,2.5064006612643548e-14,0.26377535705534383,0.1294721066956922,0.0,500
EB pairwise,210.71946616338892,1.166373583138352,265.3335008356284,1.0936666867209257e-14,3.182098362417325e-14,0.04385898546684226,0.0,500
EB-offset hybrid: main,210.23818785719547,0.6850952769449066,315.8772651717101,1.2892056144822084e-15,0.23249050968924975,0.10182957623397344,8.0,500
EB-offset hybrid: pairwise,211.1435668742988,1.5904742940482492,268.74124375295787,1.8277356409971186e-15,7.591097715062417e-15,0.06420332674210576,27.0,500
Naive respondents,200.1244900892244,-10.458167339048941,508.0,0.42412519843513163,0.16785284966027708,0.45389837752149653,0.0,501
OLS prediction,209.21572242201754,-1.366935006255801,,,,,,501
EB main,208.4174073615146,-2.1652500667587447,385.3684600034667,9.487389805730893e-10,0.28515337355708714,0.17803980075686424,0.0,501
EB pairwise,210.0937513170595,-0.4889061112138222,346.282080016278,4.350715828163961e-09,5.839654520596368e-09,0.05008349564658775,0.0,501
EB-offset hybrid: main,208.73996978337473,-1.8426876448986036,377.9469510073573,3.449224607659356e-10,0.230098614213261,0.15603243268030434,8.0,501
EB-offset hybrid: pairwise,210.07354284198712,-0.5091145862862163,346.3833453660002,3.9111233826024536e-14,4.638011342853842e-14,0.05389504142250008,1.0,501
Naive respondents,200.44776303345694,-9.024054902476422,511.0,0.41715239832564543,0.14794427049028264,0.44073385192751047,0.0,502
OLS prediction,207.87044082969328,-1.6013771062400792,,,,,,502
EB main,206.36027778379795,-3.1115401521354045,396.5426677538121,1.9835579497923625e-11,0.3111953575183567,0.15878545469445238,0.0,502
EB pairwise,208.19409456984727,-1.277723366086093,380.0353196334294,1.7087140232388864e-13,2.993922134841744e-13,0.06409766121400848,0.0,502
EB-offset hybrid: main,207.1382023522776,-2.3336155836557566,400.1390530136127,8.409776909020681e-10,0.20959518960285756,0.13678027837801585,5.0,502
EB-offset hybrid: pairwise,208.9132916358819,-0.5585263000514544,374.3717986388529,3.745930037260104e-13,7.434772504033812e-13,0.054687007621864486,17.0,502
Naive respondents,200.6717594508856,-9.260344902421934,498.0000000000003,0.4408658884865132,0.2060502470521222,0.46136195830955357,0.0,503
OLS prediction,209.25037936700662,-0.6817249863009067,,,,,,503
EB main,208.1151575694064,-1.8169467839011304,385.28685759575944,1.3879336869984036e-15,0.19890955291090567,0.15687730817092238,0.0,503
EB pairwise,208.7989392451973,-1.1331651081102336,359.9384383155795,1.4172220505282316e-14,1.443079623168759e-14,0.09196117051199397,0.0,503
EB-offset hybrid: main,208.2402644843734,-1.6918398689341245,379.5550447537662,5.617877660223627e-10,0.2062686677522658,0.16907705960830358,10.0,503
EB-offset hybrid: pairwise,209.16876433248262,-0.7633400208248986,353.92443162671447,8.958162246152613e-14,2.8388531045819335e-13,0.08588412696136945,12.0,503
Naive respondents,200.46777520403197,-9.703366693566835,501.99999999999955,0.4742942148164497,0.20861748574558003,0.5057117518479792,0.0,504
OLS prediction,208.13807040379706,-2.0330714938017422,,,,,,504
EB main,206.87552993764294,-3.2956119599558633,359.0371600666204,7.443330620053302e-09,0.2698850652344624,0.15585913093596315,0.0,504
EB pairwise,207.63351743395359,-2.5376244636452157,342.1230252379543,2.495552753335859e-12,9.484901834253228e-12,0.11400109235909366,0.0,504
EB-offset hybrid: main,207.8076310307342,-2.363510866864601,362.4417907458206,3.4834204807777793e-11,0.17487754439345018,0.15050923303116848,10.0,504
EB-offset hybrid: pairwise,207.98893267270782,-2.1822092248909826,341.92072091069923,1.4115226072026596e-13,5.228815203724679e-13,0.10640856892160132,5.0,504
Naive respondents,202.14434217272142,-9.921736688478035,496.9999999999997,0.46253700789127167,0.15898309226329632,0.4876483831913056,0.0,505
OLS prediction,209.94883161262504,-2.117247248574415,,,,,,505
EB main,208.167919175296,-3.8981596859034653,362.8550846543886,2.8237931813116052e-09,0.49971762175849294,0.20849702407008758,0.0,505
EB pairwise,211.50337389787924,-0.5627049633202148,303.16928685980764,2.9487217372714887e-15,6.6647439306793784e-15,0.04596513836666873,0.0,505
EB-offset hybrid: main,208.7444398295726,-3.3216390316268587,363.1050107777057,1.0547941576539874e-15,0.4608869728648542,0.180286774909611,5.0,505
EB-offset hybrid: pairwise,212.20499699017293,0.13891812897347222,294.780563348066,2.1078993116138082e-13,6.365548149766409e-13,0.018153474670349,11.0,505
Naive respondents,200.9834256320506,-9.641205929856653,501.99999999999955,0.43096684247081857,0.21982115686403556,0.447661405427662,0.0,506
OLS prediction,210.08610568546894,-0.5385258764383138,,,,,,506
EB main,208.83224761153366,-1.7923839503735906,366.8575749089901,2.701342844937021e-09,0.323949713366324,0.1853831304391758,0.0,506
EB pairwise,210.66419909344853,0.03956753154128023,323.82413390064204,3.237064224173247e-11,3.571350338012693e-11,0.05966431160530849,0.0,506
EB-offset hybrid: main,208.8462012816877,-1.7784302802195384,358.32702951250326,1.7348961270779872e-09,0.32574657776030996,0.1781201443666614,8.0,506
EB-offset hybrid: pairwise,211.04684792916578,0.4222163672585282,324.99168751033426,3.857469638643573e-13,9.415902130690148e-13,0.04522855156049614,12.0,506
Naive respondents,203.99735576534064,-8.035210504381297,503.00000000000017,0.4141016162667204,0.2483618458854639,0.41198734618487426,0.0,507
OLS prediction,210.294912978432,-1.737653291289945,,,,,,507
EB main,209.76945608561914,-2.2631101841028,404.4249949487488,3.320310547650247e-09,0.22441177350227362,0.1520862355201341,0.0,507
EB pairwise,210.55702700604226,-1.4755392636796785,351.85854618824663,3.176177199190929e-09,3.836514564428735e-09,0.05465286593920135,0.0,507
EB-offset hybrid: main,210.03980509909337,-1.9927611706285688,406.07701574387227,3.0463180622486917e-09,0.21486203323562986,0.1429012349834517,5.0,507
EB-offset hybrid: pairwise,210.82415536447985,-1.20841090524209,357.68587216357173,1.8238688986842886e-12,2.573795321071191e-12,0.0436247510876242,2.0,507
Naive respondents,198.55410425848936,-10.320143056023596,498.99999999999994,0.42040731662307385,0.1810419188971547,0.44559535497697833,0.0,508
OLS prediction,208.78189095804427,-0.09235635646868445,,,,,,508
EB main,207.6366211735912,-1.2376261409217477,372.98857769573044,8.574078182122231e-09,0.1283627307857186,0.1407854491750605,0.0,508
EB pairwise,208.16812667283025,-0.7061206416827019,359.38399992706826,1.0339816958315237e-15,2.5500338108521097e-15,0.08382929345679643,0.0,508
EB-offset hybrid: main,207.78362024033916,-1.0906270741737956,373.17696354581983,8.915331786941684e-14,0.11360684823840124,0.13134586150366356,2.0,508
EB-offset hybrid: pairwise,208.1555763177025,-0.7186709968104594,358.7607130849552,3.8479181063135545e-10,4.2280855774122727e-10,0.0849028152655886,1.0,508
Naive respondents,202.29272133247778,-7.923003603589649,513.0000000000001,0.4013780875193273,0.19490014090384875,0.404397298097475,0.0,509
OLS prediction,209.02279669137263,-1.192928244694798,,,,,,509
EB main,208.44378063265816,-1.7719443034092706,420.17717197152507,1.0241298654556891e-10,0.32090657352367524,0.15210988806839393,0.0,509
EB pairwise,210.1740600905892,-0.04166484547823757,367.73313472035204,3.277093618264968e-14,5.866325489872908e-14,0.0150647076102151,0.0,509
EB-offset hybrid: main,208.47540529108068,-1.740319644986755,420.0108572505512,2.3581172167798084e-11,0.3151209048040527,0.1511323801662246,1.0,509
EB-offset hybrid: pairwise,210.24151609104936,0.025791154981931186,365.40791902159344,3.5044537427967554e-14,3.3084097027374076e-14,0.011193555152422529,10.0,509
Naive respondents,201.83766970293445,-9.20180965764797,496.9999999999997,0.46361465266524804,0.19651171948248153,0.47355621877932674,0.0,510
OLS prediction,210.4179166892973,-0.621562671285119,,,,,,510
EB main,208.9275057976145,-2.1119735629679326,351.2815833176233,1.0648388650558834e-10,0.34836095028663977,0.1423191061864887,0.0,510
EB pairwise,211.86168898971994,0.822209629137518,313.7041452635632,1.5147060190805944e-12,1.924717873432768e-12,0.04206997616166563,0.0,510
EB-offset hybrid: main,209.12478639939715,-1.914692961185267,355.24125359245073,5.759813851523894e-10,0.33754642109919336,0.13386635334846048,5.0,510
EB-offset hybrid: pairwise,212.12949318947156,1.0900138288891412,312.9816857211692,4.1881647123792964e-14,2.4324355245281496e-14,0.05354946512347728,9.0,510
Naive respondents,200.5493565428166,-10.724704808768081,512.0,0.43211640299306947,0.2183040234553099,0.45741560438890577,0.0,511
OLS prediction,211.02062089849042,-0.2534404530942709,,,,,,511
EB main,210.304875071231,-0.9691862803536822,364.92888152817795,1.0070489033345576e-09,0.28406216476748475,0.20427343299870188,0.0,511
EB pairwise,213.21589207353708,1.9418307219523854,296.1954472061454,2.945699495242996e-11,4.5893568628681455e-11,0.06427135522973196,0.0,511
EB-offset hybrid: main,211.43142618729138,0.15736483570668724,312.50636068759894,8.89986348920524e-10,0.23337958450329374,0.11753209595498199,20.0,511
EB-offset hybrid: pairwise,213.29039010976658,2.016328758181885,245.19669970878223,2.6305058756595387e-14,2.228972568025784e-14,0.07065275096884706,35.0,511
Naive respondents,203.42772247113453,-8.311023040684404,508.0,0.4156883703028745,0.16275463952657326,0.4136841470515575,0.0,512
OLS prediction,210.6690125798301,-1.069732931988824,,,,,,512
EB main,209.25802255751015,-2.4807229543087885,385.51507131219876,3.3059455538424495e-09,0.565361547077837,0.13673135998586755,0.0,512
EB pairwise,212.89713590574868,1.15839039392975,329.0056566496546,1.30149598164372e-13,2.8831967369574246e-13,0.041342420062217465,0.0,512
EB-offset hybrid: main,209.9373987391932,-1.8013467726257204,389.00321325203737,4.938484746540237e-12,0.4601095310990068,0.12417163318312646,6.0,512
EB-offset hybrid: pairwise,213.04483654116675,1.3060910293478116,313.1286415291931,1.1838912427285405e-14,1.0363124216336265e-14,0.051547755963280505,17.0,512
Naive respondents,200.79394644916246,-8.701721788998071,519.9999999999998,0.39131901737760155,0.15015823666134523,0.41371879514956034,0.0,513
OLS prediction,207.6081229928413,-1.8875452453192452,,,,,,513
EB main,206.63631206365395,-2.859356174506587,418.4354476256877,1.866853822631612e-15,0.4482582495680228,0.18645224153375106,0.0,513
EB pairwise,209.8426234848782,0.34695524671766975,370.2739571858829,1.8182215224669021e-12,6.139050660099064e-13,0.031845074374429835,0.0,513
EB-offset hybrid: main,207.46081263955057,-2.0348555986099655,416.0247907378138,3.6541532644067595e-09,0.3240214489410496,0.16240955188452674,5.0,513
EB-offset hybrid: pairwise,209.87791540198415,0.3822471638236209,369.95637694447055,3.1236446065555367e-10,2.008082892456126e-10,0.035178528205609294,5.0,513
Naive respondents,201.99349614417432,-8.05978270607244,503.00000000000017,0.38486943423307857,0.14388267511076608,0.39723740699339366,0.0,514
OLS prediction,210.43179682478544,0.3785179745386813,,,,,,514
EB main,209.53074938337025,-0.5225294668765059,403.06027345823196,1.5941026381205342e-13,0.2567413921398401,0.13263044350666636,0.0,514
EB pairwise,209.29270857338295,-0.7605702768638025,369.9611118004306,2.841351747888778e-12,8.718266511362495e-12,0.12188294646161445,0.0,514
EB-offset hybrid: main,209.60971376929828,-0.44356508094847413,398.4581949594838,3.1130857745843263e-10,0.2298409875603401,0.12421820975003307,4.0,514
EB-offset hybrid: pairwise,208.84723817486403,-1.2060406753827237,350.96879428932203,4.105404254002425e-16,1.186723382169559e-15,0.14226142183804993,19.0,514
Naive respondents,199.93884649257734,-11.119572845843976,486.00000000000034,0.4372874197210381,0.14386628253481795,0.4787427067632509,0.0,515
OLS prediction,210.32405955192357,-0.7343597864977482,,,,,,515
EB main,208.82134258917955,-2.2370767492417656,342.99755397249214,1.3148744424396199e-14,0.16993375734042143,0.16029596725069734,0.0,515
EB pairwise,210.05536497978167,-1.0030543586396448,327.1403528048452,3.0324683674392826e-12,4.2307632783257474e-12,0.09022383689717083,0.0,515
EB-offset hybrid: main,209.32354871026834,-1.7348706281529758,345.6534547004858,2.681528843180625e-11,0.14514818995659193,0.14889465442976982,6.0,515
EB-offset hybrid: pairwise,210.15811384581932,-0.9003054926020013,329.07522507863183,5.0013623082680914e-15,6.841437536571119e-15,0.09510719855400972,6.0,515
Naive respondents,197.03991328713812,-9.48042253116364,505.9999999999996,0.41197828892405236,0.28782725685781396,0.4355981198376589,0.0,516
OLS prediction,206.9962101363372,0.4758743180354372,,,,,,516
EB main,206.12487416088578,-0.3954616574159786,373.7804683499359,2.2062659156188535e-10,0.2620067864986024,0.17050263355615516,0.0,516
EB pairwise,207.58607806757163,1.0657422492698743,309.8209617394727,4.3063552223396526e-12,1.242429099843424e-11,0.047623788775714285,0.0,516
EB-offset hybrid: main,205.72834112841,-0.7919946898917658,361.558797497436,7.023583589222431e-10,0.2889896984096656,0.17286976789347547,7.0,516
EB-offset hybrid: pairwise,208.06639760561058,1.5460617873088154,256.23861108292823,3.060935031316612e-13,3.2138675711967394e-13,0.06935068690666801,100.0,516
Naive respondents,203.30925509478456,-8.76606511403864,493.0,0.44239978935327706,0.21403148664446436,0.46560923874067434,0.0,517
OLS prediction,210.06384545094184,-2.011474757881359,,,,,,517
EB main,209.3463365021701,-2.7289837066531106,372.58940666747515,2.863514192753108e-14,0.23089880550730152,0.17634756971562554,0.0,517
EB pairwise,210.16667216327787,-1.908648045545334,332.86549652696476,5.209728734569115e-12,1.1392604415556154e-11,0.0808439580522415,0.0,517
EB-offset hybrid: main,210.42899495111067,-1.6463252577125331,368.2226219664354,1.835276505427719e-09,0.21606645592552612,0.1457194647290039,13.0,517
EB-offset hybrid: pairwise,211.73625619410765,-0.3390640147155466,327.40256839117905,1.0881440240582219e-13,2.027780339353416e-13,0.04817931624224661,31.0,517
Naive respondents,199.50389745191617,-10.290543480514145,508.0,0.391225726925887,0.21099308148364898,0.4450066383273261,0.0,518
OLS prediction,207.2392869673138,-2.555153965116517,,,,,,518
EB main,206.65408059194274,-3.1403603404875753,412.37396283346453,4.3331251931282715e-09,0.2754496949810686,0.19161687148193995,0.0,518
EB pairwise,207.7616923874712,-2.0327485449591336,342.6632430405139,3.889997846454797e-09,7.658645822090914e-09,0.10612327902931588,0.0,518
EB-offset hybrid: main,207.41048381901493,-2.3839571134153914,400.3465374019684,1.9769047432758268e-11,0.2439078759282266,0.19085004995368268,13.0,518
EB-offset hybrid: pairwise,208.32059055070695,-1.4738503817233664,348.3090455930245,5.280652923199655e-13,1.1889914095446606e-12,0.1040169883480101,18.0,518
Naive respondents,199.8133882857591,-9.32364485829595,482.0000000000001,0.38897859931370316,0.12576223165940256,0.42022997540721296,0.0,519
OLS prediction,209.39362250080674,0.2565893567517037,,,,,,519
EB main,208.43028627581947,-0.7067468682355695,372.54870657602635,5.399015469953752e-10,0.1514889218794674,0.1351954488155558,0.0,519
EB pairwise,209.49307275853468,0.3560396144796414,346.96779131974586,2.174591260884629e-15,1.789775202468535e-15,0.0526862930527998,0.0,519
EB-offset hybrid: main,208.50290857466268,-0.6341245693923554,360.47806728766335,1.568517335054877e-11,0.150094559254402,0.11009909254942042,7.0,519
EB-offset hybrid: pairwise,209.55431065790444,0.41727751384939893,343.14309470932847,1.260166183313654e-14,1.9851875195192952e-14,0.04661610772002606,7.0,519
Naive respondents,198.6453554169367,-10.605847635541494,473.9999999999998,0.423648696088326,0.2232838924925788,0.467246770410799,0.0,520
OLS prediction,209.12371918377187,-0.1274838687063209,,,,,,520
EB main,207.94624000310876,-1.3049630493694337,346.84343730329886,3.828824570122318e-15,0.18016320182699513,0.1590770316573231,0.0,520
EB pairwise,208.8909899001543,-0.36021315232389384,327.9149675260449,5.263540432566702e-15,6.851552526432321e-15,0.06020551994220559,0.0,520
EB-offset hybrid: main,208.39923152443112,-0.8519715280470734,340.44438522310713,1.1384120311667347e-09,0.13111389137717352,0.12396003111944022,14.0,520
EB-offset hybrid: pairwise,208.9885915298892,-0.26261152258899756,329.53649525538225,8.374696092935656e-15,1.870083529701334e-14,0.06099006762869561,4.0,520
Naive respondents,198.73859058011456,-10.365103321511299,484.0,0.49647187528052583,0.24943159807158405,0.5195176781828309,0.0,521
OLS prediction,208.6957599593231,-0.4079339423027477,,,,,,521
EB main,206.91594308906312,-2.18775081256274,329.95786600026884,8.47076499001964e-12,0.35576434431157733,0.15621775486639491,0.0,521
EB pairwise,209.83232240482437,0.7286285031985074,304.2366152655815,1.2255169258074663e-10,1.1572180158395856e-10,0.028518569018406683,0.0,521
EB-offset hybrid: main,207.25045658981082,-1.853237311815036,335.6802965537507,1.8690982234156344e-10,0.2982926276397229,0.14658965263324195,6.0,521
EB-offset hybrid: pairwise,209.93029213745595,0.8265982358300903,305.10760087893505,4.0817202162503956e-13,8.654258548207263e-13,0.03204295615094464,7.0,521
Naive respondents,202.0746213289387,-8.9871829456755,496.9999999999997,0.436252661880072,0.09758645160956445,0.4694769102241025,0.0,522
OLS prediction,209.2511166064562,-1.810687668157982,,,,,,522
EB main,208.00762738964596,-3.0541768849682285,391.00883051087266,2.9084107685998534e-12,0.3132793736956125,0.1769972434162188,0.0,522
EB pairwise,207.84741495460852,-3.2143893200056652,327.7473572649442,1.5651109291207566e-13,2.2262387253672965e-13,0.12404677805804072,0.0,522
EB-offset hybrid: main,208.86946905771822,-2.1923352168959696,374.791307095445,8.704312339017721e-10,0.1891898383605998,0.13986077920357293,9.0,522
EB-offset hybrid: pairwise,209.2319363568391,-1.8298679177750898,334.22524613937566,2.0113114589083524e-09,5.502557711841459e-09,0.08510420000569803,9.0,522
Naive respondents,200.93315529227158,-9.897614412829569,517.0000000000002,0.39543913807277936,0.10066121087751397,0.4251943823650054,0.0,523
OLS prediction,210.46193372756034,-0.36883597754081165,,,,,,523
EB main,209.69829308778196,-1.1324766173191847,411.4167137334147,2.2007053942574265e-09,0.20354610207541338,0.13006928416907937,0.0,523
EB pairwise,209.64418742706044,-1.186582278040703,387.0888306849804,2.668395697862012e-12,5.514739406162936e-12,0.11015934307632412,0.0,523
EB-offset hybrid: main,210.13299406113126,-0.6977756439698908,412.6462928154453,3.5288743020951275e-09,0.1925514501798446,0.1158893285593425,5.0,523
EB-offset hybrid: pairwise,210.54182927846665,-0.2889404266344968,375.35207612396107,4.139302713597695e-13,8.419257627928005e-13,0.07526395951934126,33.0,523
Naive respondents,200.18590705346836,-9.534768485738653,477.00000000000034,0.4473737450339872,0.22358367863127296,0.46210322505840956,0.0,524
OLS prediction,209.72612655748364,0.005451018276630748,,,,,,524
EB main,208.1738157410133,-1.546859798193708,337.20923368654576,9.833590902656506e-14,0.3227088179787344,0.13661968659476983,0.0,524
EB pairwise,209.94265712509443,0.2219815858874199,311.08854347199764,1.953753633519603e-12,4.708482389303953e-12,0.019263832327443213,0.0,524
EB-offset hybrid: main,208.72587463397957,-0.9948009052274358,321.56553758264965,4.4603106979152034e-09,0.272489101822888,0.10830767725852343,9.0,524
EB-offset hybrid: pairwise,210.2512401348324,0.5305645956253784,309.4008659249286,7.41425284307605e-14,1.101310537386898e-13,0.02082909984981974,9.0,524
Naive respondents,198.77648641934337,-11.229130072125201,493.0,0.451654820346033,0.15990257208577432,0.47222869027911424,0.0,525
OLS prediction,209.28242997819436,-0.7231865132742143,,,,,,525
EB main,207.8242970209133,-2.1813194705552803,333.55373447327025,5.298584715763557e-13,0.33914139857427716,0.18874721027947336,0.0,525
EB pairwise,210.09274874472607,0.08713225325749363,315.320183817553,1.7289574934981715e-10,1.837427828119726e-10,0.054874098500152686,0.0,525
EB-offset hybrid: main,208.6202083731506,-1.3854081183179687,340.47887130439017,1.1647730580618135e-10,0.25776673070841455,0.15833041074052798,10.0,525
EB-offset hybrid: pairwise,210.31364743186282,0.3080309403942465,312.96291441180176,1.4957785811171718e-09,4.792032848147127e-09,0.04684121107673353,8.0,525
Naive respondents,199.46473160567126,-9.754568231774641,521.9999999999999,0.3968094599658323,0.1736570333537232,0.42946148738805434,0.0,526
OLS prediction,207.79168344881288,-1.4276163886330266,,,,,,526
EB main,206.0835229361178,-3.1357769013281143,383.3046825034505,1.0708265932337214e-14,0.40600641244119606,0.17053849506887048,0.0,526
EB pairwise,210.17316441328632,0.953864575840413,340.24099917237953,1.1550224682915708e-13,2.047430061599729e-13,0.033322955810963305,0.0,526
EB-offset hybrid: main,206.86878335597495,-2.3505164814709474,386.9310422262679,5.575499580845707e-11,0.34597851636295757,0.1436600496846603,9.0,526
EB-offset hybrid: pairwise,209.59148670399037,0.3721868665444674,324.5909546328764,2.098723924670294e-15,1.6477718171739739e-15,0.05698171919559725,23.0,526
Naive respondents,199.34116451175714,-9.906920227083674,501.99999999999955,0.42321405448266236,0.1740349388803544,0.4474605346132015,0.0,527
OLS prediction,209.49602116300255,0.2479364241617361,,,,,,527
EB main,208.03022317454565,-1.2178615642951627,360.19985431024344,1.1117981624287627e-13,0.22427727175654377,0.09667955697419231,0.0,527
EB pairwise,209.9710917110822,0.723006972241393,338.4454565013851,1.5180816344483484e-09,1.5921550860923029e-09,0.028795208457195652,0.0,527
EB-offset hybrid: main,208.30269866137442,-0.9453860774663951,355.75228489324013,1.3834742261188327e-10,0.21501315528198353,0.09523322795632667,4.0,527
EB-offset hybrid: pairwise,210.24829020920862,1.0002054703678027,343.9281920317393,6.042900686841116e-09,5.3038716654547765e-09,0.03585604473676764,5.0,527
Naive respondents,199.65274876712417,-9.925123553231657,505.00000000000034,0.4274229098008372,0.2441960891546742,0.4522231235039477,0.0,528
OLS prediction,208.51448901164275,-1.063383308713071,,,,,,528
EB main,207.6312617991107,-1.946610521245134,347.6891953080676,1.6614011746912385e-12,0.14284111504400077,0.1743956911515108,0.0,528
EB pairwise,207.87039561795936,-1.7074767023964625,309.11293280697123,1.1259010389808594e-09,3.1551913907027846e-09,0.13510579826776267,0.0,528
EB-offset hybrid: main,207.8289915798436,-1.7488807405122202,353.26350583821727,5.521988062097101e-10,0.14462864794932725,0.17112089687722196,3.0,528
EB-offset hybrid: pairwise,208.06161633023498,-1.5162559901208397,314.7386704071787,9.89819513235986e-10,1.89852474276123e-09,0.12783883381612562,4.0,528
Naive respondents,199.11133845335078,-10.907958978866787,477.9999999999997,0.4819873098983504,0.18012313747547978,0.4944471757678966,0.0,529
OLS prediction,209.3002118105853,-0.7190856216322743,,,,,,529
EB main,208.27523324285875,-1.7440641893588236,318.62992291549415,9.133018035280973e-09,0.2990580566125146,0.18196347249385414,0.0,529
EB pairwise,211.089876279719,1.070578847501423,283.84707049244463,1.1833210255758308e-12,1.2691605120437516e-12,0.03889187649028319,0.0,529
EB-offset hybrid: main,208.1121304583626,-1.9071669738549701,311.20448364069136,1.4074928294296117e-09,0.31595536591674295,0.18422088418949467,3.0,529
EB-offset hybrid: pairwise,211.45362538329877,1.434327951081201,246.78825398306168,1.3564611260041985e-14,1.484227056685753e-14,0.05415226061852883,36.0,529
Naive respondents,201.4951999001293,-9.29719477155868,479.00000000000017,0.431529780654535,0.17994050084681995,0.44701739732360235,0.0,530
OLS prediction,210.09009676080885,-0.702297910879139,,,,,,530
EB main,208.26624812157525,-2.526146550112742,345.8639443261081,1.0160567124301966e-15,0.12120088298451093,0.12045068772397978,0.0,530
EB pairwise,208.35810943274686,-2.434285238941129,330.8169566724055,5.308556041780286e-16,2.7615560956625057e-15,0.09252387922191017,0.0,530
EB-offset hybrid: main,208.83268182339674,-1.9597128482912467,357.69411212667177,3.454713871690688e-15,0.11108067355224914,0.11284111791504849,8.0,530
EB-offset hybrid: pairwise,209.17630966945944,-1.6160850022285445,347.8694587462427,1.1712360373809123e-14,1.7308189724600478e-14,0.07772033698681416,9.0,530
Naive respondents,200.432843105175,-9.644375040912138,471.0000000000001,0.47404448972164914,0.24360872512988446,0.5023103803168061,0.0,531
OLS prediction,208.2460563424849,-1.8311618036022423,,,,,,531
EB main,207.53404387887483,-2.543174267212322,350.7613790127773,1.4222828346134835e-12,0.2081587115113507,0.1965092986180538,0.0,531
EB pairwise,207.4752400118901,-2.6019781341970543,314.38998769233757,2.6300170558256174e-13,8.993695194849761e-13,0.14574603550270585,0.0,531
EB-offset hybrid: main,208.04828862078472,-2.0289295253024306,345.47099844157674,5.361444609424844e-10,0.1801591413534253,0.17198795002948533,10.0,531
EB-offset hybrid: pairwise,208.24488219031403,-1.832335955773118,313.952399890544,6.219525977593178e-15,7.483734798433828e-15,0.11956790086728412,13.0,531
Naive respondents,200.35948684621079,-9.997049525264657,513.0000000000001,0.4176813681291686,0.16461707355299135,0.4476051172768373,0.0,532
OLS prediction,208.13138141189853,-2.225154959576912,,,,,,532
EB main,207.3921628923141,-2.9643734791613383,387.9010890014643,1.6629674988516236e-14,0.2229104248033209,0.2005678210094015,0.0,532
EB pairwise,208.64717845364788,-1.7093579178275604,355.9918254251616,5.1886253412965396e-14,6.410198156978308e-14,0.12906059168208903,0.0,532
EB-offset hybrid: main,207.4668159506948,-2.889720420780634,387.44770713875823,5.068725314120715e-10,0.22081406687670221,0.2030802513148264,6.0,532
EB-offset hybrid: pairwise,208.87668157150364,-1.479854799971804,341.44805013047284,4.14653052796616e-11,5.2441728594149104e-11,0.13094975493561095,16.0,532
Naive respondents,201.4495760343431,-9.012372819189125,489.00000000000006,0.3808389786698525,0.17198492002636004,0.4182332315370322,0.0,533
OLS prediction,209.44056121502416,-1.0213876385080596,,,,,,533
EB main,208.6894884911098,-1.7724603624224073,399.9761735403729,1.4682322225417038e-11,0.23461183556721263,0.16480373067654286,0.0,533
EB pairwise,210.24815637680703,-0.21379247672518886,365.6307672608837,4.760736721147604e-14,5.89459551733888e-14,0.04421399409050943,0.0,533
EB-offset hybrid: main,208.9032038212614,-1.5587450322708207,396.0512909724841,1.1303770634856668e-09,0.20960956990484592,0.14530503832446706,7.0,533
EB-offset hybrid: pairwise,210.3780146103299,-0.08393424320232157,366.04182103242334,2.364347182191185e-14,5.249990296268831e-14,0.042150526220953936,5.0,533
Naive respondents,201.21647067817278,-8.813473261006976,516.0,0.44159346857892,0.12954372063248928,0.4375930544710506,0.0,534
OLS prediction,209.24436779140999,-0.785576147769774,,,,,,534
EB main,208.2280218033865,-1.8019221357932622,377.27493033019675,1.3902737291038167e-14,0.2380028923127456,0.14167426025089208,0.0,534
EB pairwise,209.2237564587689,-0.8061874804108697,333.86957633326136,4.299472633405952e-14,4.970697117474273e-14,0.04706323905223547,0.0,534
EB-offset hybrid: main,208.67141758997025,-1.3585263492095123,368.2516884205407,2.473691097492878e-10,0.21877095689413412,0.13501671218526634,13.0,534
EB-offset hybrid: pairwise,209.72193243722813,-0.30801150195162563,334.6818029431278,8.852873890928642e-14,1.1042587357123932e-13,0.030928823406020017,14.0,534
Naive respondents,200.03687557655286,-10.022309132696904,493.0,0.4735454184753205,0.16489637363315193,0.49358588329978514,0.0,535
OLS prediction,210.2899942935357,0.2308095842859359,,,,,,535
EB main,208.40362192781393,-1.6555627814358331,322.5605873820226,4.91110150612784e-15,0.10585617313595246,0.13177586875688613,0.0,535
EB pairwise,208.52406876625085,-1.5351159429989139,318.4288142312806,2.2613779118455397e-14,4.3787555088766605e-14,0.09677372862691408,0.0,535
EB-offset hybrid: main,208.9372527738848,-1.1219319353649553,321.38688596404717,2.3091375467623193e-09,0.08941620247418507,0.11298149336163739,6.0,535
EB-offset hybrid: pairwise,208.739461930241,-1.3197227790087709,316.5055721501132,4.271565703875814e-14,1.1168637278493156e-13,0.09542565382844377,5.0,535
Naive respondents,204.21040836957937,-8.807488654355865,509.00000000000017,0.3922765559289454,0.15874537643288728,0.41045583428542237,0.0,536
OLS prediction,211.82889661322872,-1.1890004107065124,,,,,,536
EB main,211.3053103826139,-1.7125866413213373,410.47256105825363,4.4701540201036375e-11,0.2574139841953008,0.15096494145816292,0.0,536
EB pairwise,212.75288901431452,-0.2650080096207148,372.32457146575564,1.2877551185516204e-15,2.365282577849329e-15,0.030661331761104974,0.0,536
EB-offset hybrid: main,211.8976738030933,-1.1202232208419218,401.23531740252963,1.0556693127142886e-13,0.1900801789144851,0.11890473732754904,7.0,536
EB-offset hybrid: pairwise,212.78667632574954,-0.23122069818569457,367.2459032096197,3.0872490654897075e-14,2.5887549688185183e-14,0.030437882882362946,5.0,536
Naive respondents,199.6006143180046,-11.325437618194627,506.9999999999999,0.4364857079817098,0.16483276381681575,0.4646705522216142,0.0,537
OLS prediction,211.28317961998863,0.3571276837894004,,,,,,537
EB main,210.1003793251866,-0.8256726110126351,357.1394876342733,7.541961740799206e-09,0.28530805692102945,0.1574025516793044,0.0,537
EB pairwise,211.74176741728607,0.8157154810868406,327.2184812627721,7.553839830555679e-10,6.444599453097909e-10,0.042954922462614016,0.0,537
EB-offset hybrid: main,210.2405830118819,-0.6854689243173198,350.71881330887203,1.3992645410460044e-10,0.22530033913773856,0.1294719321019656,11.0,537
EB-offset hybrid: pairwise,211.9552013590065,1.0291494228072793,326.23909993596413,4.5610443370452195e-14,3.588625133942778e-14,0.041153180075651025,8.0,537
Naive respondents,200.80360005378637,-11.51955993398488,464.0000000000003,0.4302085472827696,0.17935744914512364,0.4650500426053267,0.0,538
OLS prediction,211.79848017594455,-0.5246798118267009,,,,,,538
EB main,210.76311497287327,-1.5600450148979803,323.4368525370271,1.1909294701723766e-14,0.05563034335503996,0.13029034892521632,0.0,538
EB pairwise,210.67092886518427,-1.6522311225869828,311.2586912449194,1.3951040643133421e-11,2.4966216047252352e-11,0.12011459931479665,0.0,538
EB-offset hybrid: main,210.75216279975714,-1.570997188014104,325.27762711374595,5.797660225120666e-09,0.0672052527817908,0.1335186175968722,4.0,538
EB-offset hybrid: pairwise,210.70072896037505,-1.6224310273962033,311.3966898392816,2.3353617618207208e-15,2.6916079522331295e-15,0.11879940995663311,1.0,538
Naive respondents,196.30614273633353,-11.82045171734842,524.0,0.41650592526922064,0.15846425075296122,0.451767809448756,0.0,539
OLS prediction,207.05151614946467,-1.0750783042172714,,,,,,539
EB main,206.0675654793073,-2.0590289743746553,394.48704866656243,5.28657999820311e-09,0.2549886896712049,0.1593281559187927,0.0,539
EB pairwise,207.2985491153139,-0.8280453383680424,368.7595209414145,1.3270031378751352e-12,2.7075715465251795e-12,0.07765226984149821,0.0,539
EB-offset hybrid: main,206.52206845163494,-1.6045260020470096,388.44361295763656,1.0264657257267161e-10,0.19796622467487357,0.13929554099221317,8.0,539
EB-offset hybrid: pairwise,207.60909004057808,-0.5175044131038646,371.3338069435421,5.225110242937063e-09,6.2587098461500766e-09,0.06926871571104777,9.0,539
Naive respondents,195.48721391541625,-12.304768352931973,519.0,0.4141728463065505,0.20773023554434336,0.4824607624330191,0.0,540
OLS prediction,207.924169669915,0.13218740156676745,,,,,,540
EB main,206.8366928665648,-0.9552894017834319,347.8562966526757,4.086448309709616e-15,0.1875339268966663,0.1684771669444902,0.0,540
EB pairwise,208.52120048060488,0.7292182122566544,317.7446519766207,4.9390584170705696e-12,1.0046256500827043e-11,0.04972324419495698,0.0,540
EB-offset hybrid: main,207.57916278861487,-0.2128194797333549,341.74226614428835,2.1034796148023356e-09,0.1432186874298498,0.1270859506098098,11.0,540
EB-offset hybrid: pairwise,208.94096498854864,1.1489827202004221,307.4694854284616,5.541893833494512e-15,5.283461105558442e-15,0.05318966911894205,13.0,540
Naive respondents,202.80059481224131,-8.614554921018367,472.00000000000017,0.4324712009404525,0.1283112927176205,0.43546158691724884,0.0,541
OLS prediction,211.3690064870587,-0.04614324620098387,,,,,,541
EB main,210.50260707378538,-0.9125426594742976,352.493956263159,5.561894468323361e-09,0.17757065269964753,0.12150458559411934,0.0,541
EB pairwise,211.03190004123766,-0.3832496920220194,337.7623504602231,5.762834944800476e-13,6.695175730319059e-13,0.0874319492407181,0.0,541
EB-offset hybrid: main,210.56648831137645,-0.8486614218832358,342.13389040795204,8.124104191990482e-12,0.18119077260240546,0.11342456833712941,6.0,541
EB-offset hybrid: pairwise,210.8364213428426,-0.5787283904170692,334.3038216197512,4.15121401238303e-13,7.377044709650409e-13,0.10591609415379677,14.0,541
Naive respondents,199.84606457766708,-10.38163590292919,484.0,0.43857605129103316,0.17657466027916263,0.48680267397489585,0.0,542
OLS prediction,208.68607599526948,-1.5416244853267926,,,,,,542
EB main,207.6881095847373,-2.5395908958589644,355.7571710286209,9.509357308777644e-13,0.25321055611800414,0.1966480913985328,0.0,542
EB pairwise,209.21157556040916,-1.01612492018711,313.2693135302297,2.2926422920803095e-15,2.0400361099894393e-15,0.09239702591191651,0.0,542
EB-offset hybrid: main,208.31619777793048,-1.9115027026657856,351.8327078634944,1.3146571153539493e-15,0.21045755681673836,0.1599462748474804,7.0,542
EB-offset hybrid: pairwise,209.47493527751328,-0.752765203082987,316.67297848324984,2.1877833930692356e-14,6.850385731967809e-14,0.08287631185619478,7.0,542
Naive respondents,200.97677261877192,-9.85744152103669,493.99999999999955,0.425609521074612,0.13318771078173117,0.4760655732278534,0.0,543
OLS prediction,208.76738759613312,-2.0668265436754893,,,,,,543
EB main,207.73559245750346,-3.0986216823051507,374.7459452828396,1.0909354499676851e-14,0.2874388312372544,0.24260905468705493,0.0,543
EB pairwise,209.25503661482145,-1.5791775249871591,317.22914217168704,1.7004558507175867e-15,2.397772539957579e-15,0.10940885471385654,0.0,543
EB-offset hybrid: main,208.9404379099379,-1.8937762298706957,362.05392459922984,1.836303085554599e-10,0.1956519649669157,0.1764815153795185,15.0,543
EB-offset hybrid: pairwise,209.56499726809767,-1.2692168717109382,319.1591814408098,3.202055526051688e-15,2.7596024252142736e-15,0.10238029935233746,4.0,543
Naive respondents,198.9120404875212,-12.137221671222903,504.0000000000002,0.40870999928014845,0.2794505562578464,0.4594444279448392,0.0,544
OLS prediction,210.46701052612613,-0.5822516326179823,,,,,,544
EB main,209.60942059575194,-1.4398415629921715,353.1814696265845,6.362337719609969e-10,0.3288792584186233,0.20701238484809376,0.0,544
EB pairwise,211.97134113102408,0.9220789722799623,270.08912427620464,6.877662145715243e-15,1.4046419556905813e-14,0.040932482839232,0.0,544
EB-offset hybrid: main,209.82678063710637,-1.2224815216377465,333.23634693550406,1.8107429964199437e-09,0.33378415745480355,0.17155280912054302,8.0,544
EB-offset hybrid: pairwise,212.08180784342966,1.0325456846855445,263.05022660163684,8.251637108833252e-15,6.1166932910877136e-15,0.03980441518915154,11.0,544
Naive respondents,200.1654712390735,-11.226576368784237,473.9999999999998,0.41402540125902637,0.1633886233179546,0.44807041536471476,0.0,545
OLS prediction,209.88503634019585,-1.5070112676618805,,,,,,545
EB main,208.32653184773378,-3.065515760123958,324.21582466865635,5.982667431996551e-11,0.48643508849811273,0.1945759557042299,0.0,545
EB pairwise,212.39704245736112,1.0049948495033902,236.54448705260367,1.1455636362938801e-13,1.7328341079396613e-13,0.032070630405711134,0.0,545
EB-offset hybrid: main,208.91478924530696,-2.4772583625507707,324.9755333687331,5.639866806477212e-11,0.43327305904055047,0.16249711645694545,5.0,545
EB-offset hybrid: pairwise,212.53361565343545,1.1415680455777135,244.7649920692998,1.1103305536941433e-13,1.8175454408004085e-13,0.04322148349108663,31.0,545
Naive respondents,201.19702791782038,-8.719278526178755,496.9999999999997,0.4390930749179899,0.17871199263664445,0.43625891058147426,0.0,546
OLS prediction,209.69035243874822,-0.22595400525091236,,,,,,546
EB main,209.06542531422627,-0.8508811297728585,373.35909215527494,8.287475113357943e-10,0.17565883551907638,0.13556128033456172,0.0,546
EB pairwise,209.9049319295373,-0.011374514461834906,350.8912123878824,3.11885301294034e-15,2.080301808709651e-15,0.050187246212937395,0.0,546
EB-offset hybrid: main,209.05161689905214,-0.864689544946998,373.33762827323466,1.062715806083933e-10,0.17758392286721375,0.13568588700611622,2.0,546
EB-offset hybrid: pairwise,209.89529861741144,-0.021007826587691625,349.77367937304365,6.457034353009097e-10,1.3240673524201997e-09,0.050425777581444384,4.0,546
Naive respondents,199.79498597148006,-10.500032013288546,471.0000000000001,0.4490084628488616,0.24796349416895103,0.4880028220695501,0.0,547
OLS prediction,208.97135565412847,-1.3236623306401327,,,,,,547
EB main,208.11572412896547,-2.179293855803138,338.91521763120886,9.784159035193427e-15,0.3353077770341327,0.19368380297968768,0.0,547
EB pairwise,209.61987410075386,-0.6751438840147443,294.41457293108357,3.8059311173156204e-15,1.1249223976721685e-14,0.08077714306537773,0.0,547
EB-offset hybrid: main,208.4013759834203,-1.8936420013482973,337.58131126804,7.676981291885608e-10,0.3106763166331456,0.18150859566881694,8.0,547
EB-offset hybrid: pairwise,210.32350382589982,0.02848584113121433,293.8304028820693,7.005941896778101e-15,9.258806717994178e-15,0.058657745652137314,26.0,547
Naive respondents,198.14396886969624,-10.17948291943054,505.9999999999996,0.3976008294465685,0.1328903886039202,0.4452749259158788,0.0,548
OLS prediction,206.13958523217738,-2.183866556949397,,,,,,548
EB main,205.41990664282895,-2.90354514629783,404.78821171202077,1.442321016411617e-14,0.2820737870487592,0.166394039784477,0.0,548
EB pairwise,206.63318416377817,-1.6902676253486106,361.95615090622755,2.939340584695487e-14,5.660974975762967e-14,0.06064637438784452,0.0,548
EB-offset hybrid: main,206.71226616707887,-1.6111856220479126,393.7243572053651,6.72993578373552e-10,0.20902241832043614,0.1217960270373204,10.0,548
EB-offset hybrid: pairwise,208.0179508201968,-0.3055009689299766,350.7712127482964,1.0395876707167004e-14,1.1823776749238675e-14,0.026442202415511956,20.0,548
Naive respondents,200.11997480243033,-10.762518502680024,472.9999999999999,0.41477179311341056,0.2169334766349591,0.44059505552470696,0.0,549
OLS prediction,211.6883904147951,0.8058971096847358,,,,,,549
EB main,210.56275458116815,-0.3197387239422085,336.91264211133523,1.0080043863156957e-09,0.16438047154582194,0.11689647421814937,0.0,549
EB pairwise,211.2609463422518,0.3784530371414405,322.8029337271672,1.8149217851514516e-09,2.355002290124756e-09,0.04055627889062679,0.0,549
EB-offset hybrid: main,210.65147904151152,-0.23101426359883703,327.7862610474674,6.138028680386631e-10,0.1163486634889286,0.09269212643537146,8.0,549
EB-offset hybrid: pairwise,211.27789887006648,0.3954055649561212,319.09269708725543,4.172588108682503e-15,4.421496735607608e-15,0.041952034040943824,4.0,549
Naive respondents,199.61971562128835,-9.53904022754881,505.9999999999996,0.39426283534700657,0.1932304171547158,0.4183391282211586,0.0,550
OLS prediction,207.91464914973267,-1.244106699104492,,,,,,550
EB main,207.31271379308993,-1.8460420557472332,386.11989689322166,4.9017888061241044e-15,0.21557097523874455,0.16048112485795532,0.0,550
EB pairwise,208.17240857447854,-0.9863472743586215,357.240398465529,1.1093503414292511e-14,1.5960059538209337e-14,0.07723637313741263,0.0,550
EB-offset hybrid: main,207.43958212698553,-1.7191737218516323,387.84267672244476,3.268340091314145e-09,0.21888449844369445,0.15718560781682403,4.0,550
EB-offset hybrid: pairwise,208.41968572433305,-0.73907012450411,358.1649671247794,1.9705483929016894e-13,3.7214283867898e-13,0.07292083826743696,7.0,550
Naive respondents,196.4048211874595,-12.317689905081323,466.9999999999997,0.42356328940066407,0.1791498437957707,0.5018489308653995,0.0,551
OLS prediction,205.9423896039545,-2.7801214885863317,,,,,,551
EB main,204.48355313000053,-4.238957962540297,341.9563255394542,1.9208220719386726e-15,0.2578345766517328,0.22627150937204193,0.0,551
EB pairwise,205.70701603611764,-3.015495056423191,285.48333572000666,2.4150019457527568e-15,2.4220945691027506e-15,0.1323736738068137,0.0,551
EB-offset hybrid: main,206.08612921840395,-2.636381874136873,317.98477674701627,7.806900123972228e-10,0.16119558485547325,0.1745933244861707,17.0,551
EB-offset hybrid: pairwise,206.8386932974223,-1.8838177951185173,298.7594205618628,3.863886571184427e-15,3.89982659533096e-15,0.10449943984628295,18.0,551
Naive respondents,200.11863939053663,-9.499478533123039,466.9999999999997,0.4307353437875138,0.2130284551887817,0.45336765152388414,0.0,552
OLS prediction,208.9918508548766,-0.6262670687830791,,,,,,552
EB main,207.90228384519932,-1.7158340784603467,356.95741372275137,2.177542245882534e-15,0.22243781235037158,0.12633892212118963,0.0,552
EB pairwise,207.47308545455223,-2.1450324691074343,330.50202987687214,5.418664805841839e-13,7.939483142604617e-13,0.13926416078716394,0.0,552
EB-offset hybrid: main,208.51483203600694,-1.1032858876527314,347.968516628021,1.514120639305871e-10,0.19743400040849388,0.0959328546023848,11.0,552
EB-offset hybrid: pairwise,207.57916716961287,-2.0389507540467946,329.3446138276996,1.4825855899040565e-15,1.7701499494316318e-15,0.13774803129334548,3.0,552
Naive respondents,198.30126306445817,-9.63006665188351,519.0,0.4154867741007516,0.11618514690883958,0.4475326871950523,0.0,553
OLS prediction,208.30055160662562,0.3692218902839386,,,,,,553
EB main,206.78771242714538,-1.1436172891962997,369.258600924437,1.0009118012737292e-11,0.25669526618643534,0.12703936332336452,0.0,553
EB pairwise,207.00515513959115,-0.9261745767505261,340.7300343132908,4.285582022136906e-09,7.98815337560308e-09,0.09423878230450755,0.0,553
EB-offset hybrid: main,207.25909825030104,-0.6722314660406425,376.93235913143553,6.858998403329589e-13,0.2098462530710684,0.11765557004331403,8.0,553
EB-offset hybrid: pairwise,207.31117339186144,-0.6201563244802344,337.13089975593164,5.632283267129636e-14,8.9011806655104e-14,0.0883211569593365,7.0,553
Naive respondents,200.52384905471456,-11.403601870405197,472.00000000000017,0.4420704758756534,0.1484770650348426,0.48592918182934547,0.0,554
OLS prediction,210.83077584676928,-1.0966750783504722,,,,,,554
EB main,209.68505496359487,-2.242395961524892,330.1696885769047,1.8161916003974464e-15,0.33103024264668235,0.21687226419465194,0.0,554
EB pairwise,212.6615716992166,0.7341207740968514,290.5033850350808,2.747904068994974e-11,3.622484077526257e-11,0.04184017066728933,0.0,554
EB-offset hybrid: main,210.71032979629803,-1.2171211288217307,306.93200125689975,1.8681307721931744e-10,0.276413527704111,0.1548264383344278,15.0,554
EB-offset hybrid: pairwise,213.09062961403072,1.1631786889109605,279.14884735121603,7.901506961394018e-10,2.6396703698891157e-09,0.04073549320846075,24.0,554
Naive respondents,198.74163173661978,-10.934229123285832,494.9999999999998,0.41234913879161783,0.22416652761483347,0.4662187652082166,0.0,555
OLS prediction,207.43337883132142,-2.2424820285841918,,,,,,555
EB main,206.3150654230587,-3.3607954368468995,366.7154329190569,5.567565751332656e-13,0.5185206608949788,0.24176494432889536,0.0,555
EB pairwise,209.4986126857833,-0.17724817412229754,307.14873042223275,3.4459698096380725e-15,3.926090487560547e-15,0.056703129919101466,0.0,555
EB-offset hybrid: main,207.19432310657467,-2.48153775333094,356.23727515454556,7.254302163845352e-10,0.4965529325825957,0.1875017454594206,13.0,555
EB-offset hybrid: pairwise,209.88292960593637,0.20706874603075676,301.1700819028255,1.1631159212458092e-14,3.5781143997582327e-14,0.055531930633790534,23.0,555
Naive respondents,200.19348699907502,-10.347887580882286,496.9999999999997,0.4520407748051982,0.14351267955703392,0.4607973967733971,0.0,556
OLS prediction,210.53039954014474,-0.010975039812564091,,,,,,556
EB main,209.48530046800357,-1.056074111953734,347.2489968110461,3.80237201252342e-11,0.23973435583164315,0.17101490346541867,0.0,556
EB pairwise,210.91085074296186,0.3694761630045491,302.41403633459174,1.2501324557240146e-10,1.8442876221264397e-10,0.05584972955355784,0.0,556
EB-offset hybrid: main,209.67292448057,-0.868450099387303,341.68809296597965,7.790510785665986e-12,0.22578449417953686,0.15817316529039618,5.0,556
EB-offset hybrid: pairwise,210.7103919402028,0.16901736024550473,295.14599110615626,7.3827673927819e-15,1.225705920400399e-14,0.0620748649913118,8.0,556
Naive respondents,198.23271784895016,-11.774643065686064,493.0,0.4230774382551403,0.1719544102301702,0.46160852053622886,0.0,557
OLS prediction,209.36350137876175,-0.6438595358744692,,,,,,557
EB main,208.69959917052168,-1.3077617441145435,368.72008629146063,3.3764941480711895e-10,0.15718909351772278,0.12173162031281656,0.0,557
EB pairwise,209.53416863896814,-0.4731922756680831,344.68036305413017,1.9379867013835042e-15,4.582036211479947e-15,0.05244466349162327,0.0,557
EB-offset hybrid: main,208.8007155202535,-1.2066453943827185,357.696407892951,1.1843188777514728e-15,0.18772214662061598,0.12757780924557865,6.0,557
EB-offset hybrid: pairwise,209.88378121453695,-0.12357970009927044,336.39937745092595,4.79830903747007e-15,3.485548588121426e-15,0.04877875549365262,12.0,557
Naive respondents,198.24495350630414,-10.1098567525286,505.00000000000034,0.4130452870842556,0.11848070256415097,0.444065931420291,0.0,558
OLS prediction,206.86525229067936,-1.4895579681533775,,,,,,558
EB main,206.25307085051736,-2.1017394083153818,373.4829182185414,9.377264486033342e-11,0.1919595448841815,0.26268628907246144,0.0,558
EB pairwise,207.57063530201992,-0.7841749568128193,332.92847288242416,4.128821450622697e-11,4.017089718409305e-11,0.15961770641713113,0.0,558
EB-offset hybrid: main,206.9928586147479,-1.3619516440848543,358.3056614540889,7.212366607110237e-10,0.13072402279410256,0.20875012691630587,8.0,558
EB-offset hybrid: pairwise,207.6576185995731,-0.6971916592596301,325.9127982244103,1.5013558115580495e-09,4.634095582967916e-09,0.1519706600425439,6.0,558
Naive respondents,200.84909189391126,-10.013159407670514,498.99999999999994,0.4547805149549966,0.15676095974663148,0.4810160954736136,0.0,559
OLS prediction,211.4090570293594,0.5468057277776097,,,,,,559
EB main,210.2473996862445,-0.6148516153372725,364.6802677529538,2.206064171347319e-10,0.21889339381250608,0.16909394788934637,0.0,559
EB pairwise,211.2486386244274,0.3863873228456214,323.7510091361531,1.2583586515151608e-09,1.1922729246790504e-09,0.06093958721175941,0.0,559
EB-offset hybrid: main,210.38530771151164,-0.4769435900701353,338.30628651523864,1.9702011010227034e-10,0.19726329505576284,0.1452626051607186,10.0,559
EB-offset hybrid: pairwise,211.55687896675454,0.6946276651727601,314.0397639813491,7.52485827252665e-15,5.946035165194294e-15,0.047462874386438834,12.0,559
Naive respondents,199.39964305100898,-9.152679848579936,496.9999999999997,0.36261114586730026,0.17248730423881672,0.39946416338746843,0.0,560
OLS prediction,207.44901540487965,-1.10330749470927,,,,,,560
EB main,206.08293936892406,-2.4693835306648566,396.48341074021164,2.73277943937729e-13,0.4856302357469051,0.16142425721397657,0.0,560
EB pairwise,208.80118653949205,0.24886363990313498,355.00069426977126,2.152319118667259e-11,5.970645908961465e-11,0.022942893008190735,0.0,560
EB-offset hybrid: main,206.6821855158252,-1.870137383763705,398.3549100494518,2.697798380499416e-11,0.3916095685967052,0.14553930457026823,4.0,560
EB-offset hybrid: pairwise,209.4577681583699,0.9054452587809863,342.92059049483134,1.2476546773770878e-12,3.3494396419365704e-12,0.034000080378232905,32.0,560
Naive respondents,199.5509456004407,-10.771142704053517,510.0,0.4071038372778601,0.2424516149056861,0.44439696918940225,0.0,561
OLS prediction,208.3930379125978,-1.9290503918964248,,,,,,561
EB main,207.47624806059596,-2.845840243898266,409.10749571438464,5.054271439317187e-09,0.1584263756043248,0.16029640048077476,0.0,561
EB pairwise,208.160882742181,-2.161205562313228,388.76123501576103,6.548438887234112e-16,1.5161135834401406e-15,0.10513544945036386,0.0,561
EB-offset hybrid: main,208.07787628963146,-2.244212014862768,411.2727328252161,7.711100107826753e-11,0.14716467151225965,0.14108358972572177,5.0,561
EB-offset hybrid: pairwise,208.97179618349702,-1.35029212099721,392.2875176214922,1.1064833658483618e-13,1.6615852867701813e-13,0.08576849616675072,11.0,561
Naive respondents,199.00500103133623,-10.891494993425795,505.9999999999996,0.45986814296101614,0.1759203566427095,0.4896544542349722,0.0,562
OLS prediction,209.28706568082455,-0.6094303439374755,,,,,,562
EB main,207.84057974358234,-2.055916281179691,360.26504590268894,3.950052363129445e-11,0.17253647937024152,0.15127782722410096,0.0,562
EB pairwise,208.3302230514804,-1.5662729732816274,351.1747087239131,1.604286611141232e-12,2.4565577413905035e-12,0.09721379447565139,0.0,562
EB-offset hybrid: main,208.71913508229878,-1.1773609424632525,370.47835895505995,2.70588035774937e-11,0.13771618630561341,0.12278294085818701,7.0,562
EB-offset hybrid: pairwise,208.42576962561913,-1.4707263991429045,350.86832337982116,2.249529166835234e-14,2.739376667763021e-14,0.09455929802620847,6.0,562
Naive respondents,200.3484821434631,-10.189372215366404,508.0,0.43773175750319604,0.29118778956203945,0.47482773340565104,0.0,563
OLS prediction,209.22648268200933,-1.3113716768201584,,,,,,563
EB main,207.491453334537,-3.046401024292493,359.21381597898164,4.817017685199379e-15,0.5381577956763217,0.1807744875324668,0.0,563
EB pairwise,213.31896582444708,2.7811114656175846,226.33471683409545,2.7677289167559013e-15,2.054754144974304e-15,0.1569500216728617,0.0,563
EB-offset hybrid: main,209.05791281454856,-1.4799415442809334,340.49618527860144,5.934241960943273e-09,0.40589698289384624,0.1276482210629174,24.0,563
EB-offset hybrid: pairwise,213.81864815423646,3.2807937954069644,228.40823630630152,2.0134913363720036e-13,2.4864844338789393e-13,0.1786890262533727,100.0,563
Naive respondents,201.67155058597777,-8.826906052779975,529.0000000000003,0.4367648708753666,0.18716748162816113,0.46132343356266664,0.0,564
OLS prediction,210.00592520204071,-0.49253143671703015,,,,,,564
EB main,209.30781860558335,-1.1906380331743946,410.7052518158414,4.154407147585353e-11,0.21218900575519775,0.15472760225325208,0.0,564
EB pairwise,210.14566128924173,-0.35279534951601477,363.10492528082284,1.161614188563289e-09,1.1601920833048554e-09,0.027833938907124947,0.0,564
EB-offset hybrid: main,209.35319326185464,-1.1452633769031024,406.0653416543691,7.22999521024892e-11,0.19678971597254055,0.1375986039456624,3.0,564
EB-offset hybrid: pairwise,210.22977072503562,-0.26868591372212336,364.6179753200449,7.117436050555803e-14,9.268761359834408e-14,0.02568510616248714,2.0,564
Naive respondents,201.82690965739195,-8.847354530199397,498.0000000000003,0.4875634747750702,0.18221133289795607,0.48442510450004206,0.0,565
OLS prediction,210.44236537868426,-0.23189880890708992,,,,,,565
EB main,208.78520801846005,-1.889056169131294,316.18628919877375,2.292450102592524e-11,0.39195818580644187,0.22351475505228452,0.0,565
EB pairwise,211.24277785494561,0.5685136673542672,278.2486199495629,7.177518246831448e-11,1.3916925228997295e-10,0.0676313153829501,0.0,565
EB-offset hybrid: main,209.5171285966425,-1.1571355909488545,284.6876628565057,1.0251680014703004e-09,0.27035553439499704,0.16001626708956662,11.0,565
EB-offset hybrid: pairwise,211.05169399751946,0.3774298099281168,273.0921478044,4.8999204759636835e-09,8.507711848743755e-09,0.07005795440577346,8.0,565
Naive respondents,201.85746038525951,-9.951368074259847,472.00000000000017,0.48081626599427796,0.21333035506507894,0.5069705327668586,0.0,566
OLS prediction,210.2281262841469,-1.5807021753724655,,,,,,566
EB main,209.54229650800548,-2.2665319515138833,329.50357517176775,3.386518275926572e-09,0.37054977872722555,0.21798306151076718,0.0,566
EB pairwise,211.37629487138986,-0.4325335881295018,233.56052749579734,5.56703376350226e-14,1.87901250230262e-13,0.06700609596607514,0.0,566
EB-offset hybrid: main,210.5298537495242,-1.2789747099951683,295.5373522840656,2.8121490135515785e-09,0.3355575267548375,0.1666175954371442,25.0,566
EB-offset hybrid: pairwise,212.5045978839705,0.6957694244511288,218.59469047919654,2.011431378708417e-13,3.324735503968456e-13,0.0346753047533363,74.0,566
Naive respondents,199.77855550591113,-10.190802038545598,487.99999999999955,0.42895059934482704,0.16221447492348723,0.46829788083200224,0.0,567
OLS prediction,208.83451784162398,-1.1348397028327497,,,,,,567
EB main,207.49639117391595,-2.4729663705407745,369.99412454822016,5.748963738133342e-09,0.3500282127105192,0.13688310514818072,0.0,567
EB pairwise,207.126092543372,-2.843265001084717,350.54553146493583,1.6135732618772881e-10,4.925159168785971e-10,0.17871398810458708,0.0,567
EB-offset hybrid: main,207.71319150386452,-2.2561660405922055,372.4308650141741,2.8730461139978904e-10,0.2663882228349468,0.13580032984210424,5.0,567
EB-offset hybrid: pairwise,207.28025748842106,-2.68910005603567,350.63565703266534,1.0559454740361581e-13,2.6659294344969826e-13,0.17412657026301964,3.0,567
Naive respondents,198.1302011016152,-13.444241498870099,487.99999999999955,0.49909386263562544,0.1956615105397062,0.5480921266158003,0.0,568
OLS prediction,213.3562289556403,1.781786355154992,,,,,,568
EB main,209.98150996221312,-1.592932638272174,238.94726365280633,9.981283457200245e-09,0.3873882261592429,0.11183887242487868,0.0,568
EB pairwise,213.5056456571501,1.931203056664799,243.32825630781295,3.236774606788284e-11,6.718084140840168e-11,0.07535944549381471,0.0,568
EB-offset hybrid: main,209.74380748052843,-1.8306351199568667,233.52608449852767,6.743836910952467e-09,0.40933995230101344,0.1190558606590248,2.0,568
EB-offset hybrid: pairwise,213.51003138372425,1.9355887832389556,233.65420247903984,1.1031908345099955e-09,1.7427758588703126e-09,0.07976469703054168,13.0,568
Naive respondents,200.73342552377895,-8.621831655448005,515.0000000000001,0.42183386215278085,0.22062752402802774,0.43397682655924186,0.0,569
OLS prediction,208.74311597218406,-0.612141207042896,,,,,,569
EB main,207.66388273638935,-1.6913744428375992,385.78962390615874,8.311177937846215e-15,0.3717156430446866,0.14519023829384997,0.0,569
EB pairwise,210.37143704661804,1.016179867391088,327.2995218497536,1.881562010976124e-14,3.118923345148698e-14,0.05606088315603427,0.0,569
EB-offset hybrid: main,208.64555391159783,-0.7097032676291235,375.7876933419336,9.432128258307834e-10,0.2742964157102531,0.11250710451554237,13.0,569
EB-offset hybrid: pairwise,210.59862728542754,1.2433701062005866,318.1589940262027,1.4318731417886828e-14,1.3130054094357857e-14,0.05843777481411139,14.0,569
Naive respondents,202.0637654445318,-7.705442404169986,519.9999999999998,0.4682059292454023,0.14166480107872123,0.47469347514887916,0.0,570
OLS prediction,208.77331941880325,-0.9958884298985424,,,,,,570
EB main,207.5720535020397,-2.197154346662103,393.24436168929543,2.2423509116490787e-15,0.3919826117124548,0.12198317980503671,0.0,570
EB pairwise,207.62023529507033,-2.1489725536314666,376.13628678434316,2.022803996524065e-15,3.6562060002483005e-15,0.13432201462100707,0.0,570
EB-offset hybrid: main,208.35148055619453,-1.4177272925072657,395.3770557932737,4.918641350367399e-10,0.27781873973716265,0.09963226718380064,10.0,570
EB-offset hybrid: pairwise,208.0377681260084,-1.731439722693409,369.7142141530001,4.781741721397518e-09,6.219120789956985e-09,0.12677118592366465,12.0,570
Naive respondents,197.1431774030705,-11.228997376904488,489.00000000000006,0.4671193858587994,0.29221095958197413,0.5085519591414289,0.0,571
OLS prediction,206.86879835379838,-1.503376426176601,,,,,,571
EB main,205.7035564237266,-2.6686183562483734,337.6527825271502,9.447591018235459e-15,0.45570482230309367,0.24961106972871547,0.0,571
EB pairwise,208.44489875426535,0.07272397429036914,290.18544125104836,5.53738933028991e-13,1.4330150705965826e-12,0.07335227576592,0.0,571
EB-offset hybrid: main,206.28587541071778,-2.0862993692572047,319.1174853919148,2.0330684582455814e-10,0.3505344535580655,0.2058439235525706,12.0,571
EB-offset hybrid: pairwise,208.69774991835638,0.32557513838139585,286.7560056061814,1.9413392544177502e-14,2.298826755256896e-14,0.06112721064808917,10.0,571
Naive respondents,201.01076840022483,-10.327474665031957,506.9999999999999,0.45571546982733085,0.2606164075139201,0.47305089219821256,0.0,572
OLS prediction,211.43576841071248,0.09752534545569347,,,,,,572
EB main,210.51954626436037,-0.8186968008964186,339.6718929532058,6.493754172733981e-10,0.37857911822723633,0.1776567932307975,0.0,572
EB pairwise,213.01264614264375,1.6744030773869554,254.61502622462282,3.4108050536202574e-12,9.244149673326033e-12,0.057622123821334734,0.0,572
EB-offset hybrid: main,210.50159056314652,-0.8366525021102689,303.18317120970147,1.5537471007086133e-10,0.36695884241291954,0.1374952706740206,16.0,572
EB-offset hybrid: pairwise,213.55370905882543,2.2154659935686425,216.86477280802467,4.3686255280234904e-14,6.106642864331021e-14,0.11316826205898373,100.0,572
Naive respondents,197.99393427108103,-10.18322178059691,511.0,0.44746262105494367,0.20275844600131496,0.4579149954609123,0.0,573
OLS prediction,209.70381657928107,1.526660527603127,,,,,,573
EB main,208.48941635956885,0.3122603078909094,348.6560408568886,8.160724104719293e-10,0.16489697543052995,0.07752018749940086,0.0,573
EB pairwise,209.49966342135582,1.3225073696778793,329.5228918779425,5.388011252750312e-10,8.053878901588198e-10,0.04421617736001284,0.0,573
EB-offset hybrid: main,208.53944361325097,0.36228756157302655,341.2955197415258,7.252484532196431e-10,0.16092184959928035,0.07060649638107037,3.0,573
EB-offset hybrid: pairwise,209.36081255706674,1.1836565053887966,320.8732937511785,5.141492277831861e-09,3.940699202849566e-09,0.039470832081333555,3.0,573
Naive respondents,198.61301959982552,-11.372938726635681,508.0,0.440751093314396,0.21071552046416486,0.4721420533252228,0.0,574
OLS prediction,209.6738250733305,-0.3121332531306962,,,,,,574
EB main,208.96046909147765,-1.025489234983553,363.6791406029875,5.291738363843575e-10,0.19715166538522638,0.16837971524743542,0.0,574
EB pairwise,210.2927725275296,0.3068142010683914,329.67098473723297,7.105807383342943e-15,8.349528744452779e-15,0.05928710810727252,0.0,574
EB-offset hybrid: main,209.14834531557725,-0.8376130108839561,358.2920687292821,2.295773190883024e-09,0.1751607521487015,0.1531926538860283,2.0,574
EB-offset hybrid: pairwise,210.25870670136254,0.2727483749013402,327.9737533564542,1.0707526751455041e-10,2.433870705858924e-10,0.057969781659385065,1.0,574
Naive respondents,198.01156561654625,-8.944434489131083,505.00000000000034,0.37882218366711745,0.22386589270957732,0.4211447241475881,0.0,575
OLS prediction,205.15355488385393,-1.8024452218234046,,,,,,575
EB main,204.64742701571768,-2.3085730899596513,424.09935624599916,2.8498843231263104e-10,0.2553262202537276,0.16461821046315045,0.0,575
EB pairwise,205.9058432673627,-1.0501568383146207,399.4737817643511,1.0011641881902747e-12,1.2964763220966143e-12,0.05993125129426577,0.0,575
EB-offset hybrid: main,205.20990662273826,-1.7460934829390737,419.9757571101985,3.2084358954622285e-10,0.2013866242743039,0.14180900649281505,7.0,575
EB-offset hybrid: pairwise,206.06891674406958,-0.8870833616077505,399.7345011633959,1.0181425665266044e-15,8.444135151146179e-16,0.059883150453213775,4.0,575
Naive respondents,200.182818181847,-9.36572146708724,504.0000000000002,0.4300700184265447,0.22257665266690146,0.4717665792044505,0.0,576
OLS prediction,209.31164067547348,-0.23689897346076805,,,,,,576
EB main,208.21057437978342,-1.3379652691508284,373.0047309855371,1.2634446149767643e-15,0.24802902030741508,0.16887598737142756,0.0,576
EB pairwise,209.05738497547577,-0.49115467345848174,326.5400826318206,1.8144428068933477e-12,6.34036793514802e-12,0.05767486441576828,0.0,576
EB-offset hybrid: main,208.6352268101167,-0.9133128388175464,333.1645617199372,3.5613293532031115e-10,0.190791386701661,0.11496644610121455,25.0,576
EB-offset hybrid: pairwise,209.89986144313792,0.3513217942036704,312.47883082251684,2.5552490338935043e-15,2.5600639764833245e-15,0.03168541044596228,46.0,576
Naive respondents,196.5924778065947,-10.619141921467559,500.0000000000005,0.4250586818889764,0.15093566279397527,0.4533626956378684,0.0,577
OLS prediction,205.97014611957633,-1.2414736084859328,,,,,,577
EB main,204.0610275921136,-3.1505921359486706,348.05887593958397,1.3597661823776159e-14,0.2593771939539246,0.16939523871664847,0.0,577
EB pairwise,206.40317861022356,-0.8084411178386972,326.4621735062032,1.9387057794231185e-13,1.6965420204601397e-13,0.052906104775714086,0.0,577
EB-offset hybrid: main,204.86411192297754,-2.3475078050847173,362.85357001403463,4.605135912518016e-12,0.22396942117186583,0.14489043887829928,11.0,577
EB-offset hybrid: pairwise,206.69518059396145,-0.516439134100807,315.7975707586052,3.75007867862688e-14,4.777818995317309e-14,0.0397914422808309,16.0,577
Naive respondents,201.19181460450002,-7.810652786871998,519.0,0.42334948227492697,0.17443449850720952,0.4285970958502696,0.0,578
OLS prediction,207.4031985024474,-1.5992688889246267,,,,,,578
EB main,206.69429852391264,-2.3081688674593863,408.12555765422843,2.597567335590073e-09,0.20668497847747622,0.15735996904278018,0.0,578
EB pairwise,207.25782295398213,-1.7446444373898942,384.05388986120306,1.979218121281338e-15,1.0114976422345748e-14,0.09964939302642052,0.0,578
EB-offset hybrid: main,207.4761684839084,-1.5262989074636266,401.23577851376285,1.3960655467620052e-10,0.15366012907853976,0.13044669996614683,10.0,578
EB-offset hybrid: pairwise,207.57754071740266,-1.4249266739693667,377.64759131000693,2.758430678828314e-12,5.293094081955273e-12,0.1034168804354066,10.0,578
Naive respondents,199.9036520219208,-11.270018955779932,479.99999999999983,0.412511996438214,0.1502517822273969,0.4691173921407353,0.0,579
OLS prediction,208.78994985797843,-2.38372111972231,,,,,,579
EB main,207.23929873248,-3.934372245220743,341.88743845599515,1.1057496329986642e-14,0.38863518261392554,0.23158025721616254,0.0,579
EB pairwise,210.59811360890325,-0.5755573687974902,311.6841528178145,3.5237649468861544e-13,2.638762983349553e-13,0.0550304967979111,0.0,579
EB-offset hybrid: main,207.6540826046302,-3.5195883730705475,355.18213701990925,2.5527238382585067e-12,0.3628767826624008,0.22475016302702364,3.0,579
EB-offset hybrid: pairwise,210.5709246082619,-0.6027463694388473,306.46999526336026,1.2399486235049228e-15,1.4806248493489272e-15,0.06693898040920453,23.0,579
Naive respondents,199.18260630359862,-12.094095340441868,472.9999999999999,0.47574102662027346,0.2281187283239207,0.535254557670426,0.0,580
OLS prediction,211.35224113530282,0.07553949126233306,,,,,,580
EB main,209.78931269001603,-1.4873889540244534,306.38160575151096,5.84109960396598e-15,0.2766567376100525,0.23885290936188183,0.0,580
EB pairwise,211.8396070090655,0.5629053650250171,271.5291441463988,4.750911470085315e-15,5.075918517499553e-15,0.09895711979474403,0.0,580
EB-offset hybrid: main,210.56129012818056,-0.7154115158599268,283.41023631046875,1.4249216424335202e-14,0.1613003313586679,0.17597032108685884,12.0,580
EB-offset hybrid: pairwise,211.4197026840364,0.14300103999590874,258.4526889370169,6.870978348059644e-14,1.1466215823491333e-13,0.09250643323217528,5.0,580
Naive respondents,201.52653337558917,-7.556785162518736,489.00000000000006,0.4423897302760883,0.2626737560894825,0.432567764108347,0.0,581
OLS prediction,208.25652351385938,-0.8267950242485256,,,,,,581
EB main,207.3986323880275,-1.6846861500804096,383.9101973110573,9.662914678664011e-11,0.3138351214217583,0.13301665222326017,0.0,581
EB pairwise,208.9400594189784,-0.14325911912951028,312.9485112610679,3.4003004498141084e-15,7.019207380110517e-15,0.013367320150746218,0.0,581
EB-offset hybrid: main,207.36146523644106,-1.7218533016668403,378.2341047947807,8.809393349342359e-10,0.3130407295732638,0.12926273895782628,8.0,581
EB-offset hybrid: pairwise,209.39574033847455,0.3124218003666499,319.3705822486751,1.0745971923750941e-09,2.336210041847598e-09,0.01647670433457147,15.0,581
Naive respondents,198.2284246112836,-12.066265533702648,493.99999999999955,0.39613556333932565,0.19288865675009897,0.44613543826426866,0.0,582
OLS prediction,208.85437665194345,-1.4403134930427939,,,,,,582
EB main,208.0522241433071,-2.242466001679162,372.70480904086565,4.020439912474294e-15,0.16959451093347855,0.1553371241958569,0.0,582
EB pairwise,209.02891124008815,-1.2657789048980987,360.2217587481268,2.8268974722502438e-12,4.600076231542381e-12,0.09056670180989718,0.0,582
EB-offset hybrid: main,208.41236800665843,-1.8823221383278224,369.22303225584733,1.3707420662304516e-10,0.15465707932818065,0.14689431662266678,9.0,582
EB-offset hybrid: pairwise,209.23408235828975,-1.0606077866964938,361.542502383494,2.2590282554833303e-09,4.4444513042625005e-09,0.08861752672675505,5.0,582
Naive respondents,200.4949833334262,-10.106657806291224,489.00000000000006,0.4591666783093858,0.1715396949008804,0.47341314208330243,0.0,583
OLS prediction,208.9514331001034,-1.6502080396140286,,,,,,583
EB main,208.20399387728938,-2.397647262428052,372.2553830385353,3.927273205708376e-10,0.1838209198380978,0.1731104744607473,0.0,583
EB pairwise,208.73988316850242,-1.8617579712150132,345.4193281191882,7.976605471762779e-10,8.477419585932758e-10,0.1302954698459824,0.0,583
EB-offset hybrid: main,208.29623129725542,-2.305409842462012,370.9417821672559,4.982975648713952e-11,0.18579153500916115,0.1759267794119465,5.0,583
EB-offset hybrid: pairwise,209.21167546531902,-1.389965674398411,342.2476355195145,1.9714849738112814e-10,4.929654669868277e-10,0.11954677572578616,15.0,583
Naive respondents,200.32470192249878,-9.722820340967615,504.0000000000002,0.42436049219840866,0.1609262967407806,0.4407358569943054,0.0,584
OLS prediction,210.48325284897845,0.43573058551206145,,,,,,584
EB main,209.00569135038006,-1.0418309130863292,365.15416981462715,8.288691291975888e-14,0.21841720761371117,0.12916980671752903,0.0,584
EB pairwise,210.18010911522092,0.13258685175452456,336.14124035337704,3.2048928791727596e-15,4.603710743834419e-15,0.02819791592631903,0.0,584
EB-offset hybrid: main,209.08216524920846,-0.9653570142579326,362.0689987276213,2.3400117504395735e-09,0.1982632998251967,0.10720202994296497,5.0,584
EB-offset hybrid: pairwise,210.27754985598042,0.23002759251403404,334.5772057225121,6.758636189968123e-15,7.687509484182659e-15,0.033027212562714854,5.0,584
Naive respondents,199.0805990933865,-11.809668622113435,515.0000000000001,0.4043253629900311,0.11197451453104809,0.462320782918633,0.0,585
OLS prediction,210.60138256193306,-0.2888851535668664,,,,,,585
EB main,209.11283953322766,-1.7774281822722742,363.02974831336786,1.7445951127649408e-12,0.20480561418786034,0.17252072755508077,0.0,585
EB pairwise,209.8070112416934,-1.0832564738065287,342.81302455696414,9.968308338914471e-10,9.744422972308273e-10,0.09665770610980258,0.0,585
EB-offset hybrid: main,209.67771466594192,-1.2125530495580108,363.006468413627,9.020059590487134e-10,0.15875731908787025,0.1487447255751616,7.0,585
EB-offset hybrid: pairwise,209.90057313954546,-0.9896945759544735,346.3939550303849,5.6803295910227895e-15,7.941047106326107e-15,0.10048778402378258,4.0,585
Naive respondents,204.12484672193332,-8.41661930678302,508.0,0.47192829886044957,0.20286580593233483,0.47988293088708583,0.0,586
OLS prediction,214.62214339724662,2.0806773685302744,,,,,,586
EB main,213.41942270297827,0.8779566742619238,351.47677993165286,1.3825413544283398e-09,0.26401388713956964,0.12985887651594447,0.0,586
EB pairwise,215.60367566883906,3.062209640122717,303.18989931225406,6.938289039786129e-14,6.899021574827386e-14,0.15600698429433404,0.0,586
EB-offset hybrid: main,213.36374461762702,0.8222785889106774,338.4377102133204,2.7882635888131856e-11,0.2566587198491149,0.09671257318432026,9.0,586
EB-offset hybrid: pairwise,215.9348010846259,3.393335055909546,293.4541729239569,4.284127715971464e-16,1.9823662103877498e-15,0.17458910878837508,21.0,586
Naive respondents,200.7346930734222,-11.44827246081735,477.00000000000034,0.45406508552415753,0.13750292545002496,0.4909856349058805,0.0,587
OLS prediction,210.42213086330977,-1.7608346709297678,,,,,,587
EB main,208.47205431168953,-3.71091122255001,322.7767828767724,4.250919102762013e-09,0.40935735788599326,0.18805126618471746,0.0,587
EB pairwise,210.12470792097744,-2.0582576132621,304.3684044427885,1.056448612217709e-11,3.341943490825367e-11,0.12327543165331008,0.0,587
EB-offset hybrid: main,209.15043340499727,-3.03253212924227,332.5472468620319,1.3850652710109567e-15,0.29607807198026864,0.1754857308839863,4.0,587
EB-offset hybrid: pairwise,210.43074773413906,-1.7522178001004818,308.2408880559072,2.2476827921585145e-15,1.7948260926753416e-15,0.12195816706583222,8.0,587
Naive respondents,199.14720116390632,-9.947846952359896,489.00000000000006,0.45274418528399507,0.12743214332391842,0.4748596194149916,0.0,588
OLS prediction,209.73062873510773,0.6355806188415158,,,,,,588
EB main,208.5732685930061,-0.5217795232601077,331.33075424531506,3.107054303059409e-15,0.1791084219164379,0.15353115919352503,0.0,588
EB pairwise,208.90460514955913,-0.1904429667070815,309.37681115972947,1.6491156168393604e-14,2.896318259272178e-14,0.11394270715684185,0.0,588
EB-offset hybrid: main,208.71921802579342,-0.3758300904727889,318.1990642463895,9.003149626506634e-11,0.19073371714302748,0.16435410990650404,10.0,588
EB-offset hybrid: pairwise,208.85669191972366,-0.23835619654255424,306.7150089176671,3.1150556751696935e-14,7.511288145931593e-14,0.12559585969009593,7.0,588
Naive respondents,202.64182132345113,-9.439026864773496,472.00000000000017,0.44987827350267334,0.1797735007036034,0.4650252217893422,0.0,589
OLS prediction,211.9119761332501,-0.16887205497451419,,,,,,589
EB main,211.38897822872912,-0.6918699594955058,352.10975664650437,8.514188731596377e-11,0.23708270032558487,0.15077415833420543,0.0,589
EB pairwise,212.13934612921287,0.058497940988246455,309.3144662892666,3.1634728348795536e-15,4.50180361678614e-15,0.031086445541169166,0.0,589
EB-offset hybrid: main,211.968555959872,-0.11229222835262931,326.35457463546584,4.786825518552488e-10,0.17813484587306613,0.11805772190348855,17.0,589
EB-offset hybrid: pairwise,212.29555868584197,0.21471049761734662,292.05051522204695,5.648327357406443e-09,7.43080887059172e-09,0.04799826291604985,24.0,589
Naive respondents,200.24381708645134,-9.989211096625837,492.0000000000003,0.44153295212149357,0.13320986900154752,0.4549452042469817,0.0,590
OLS prediction,209.75398587074568,-0.47904231233150085,,,,,,590
EB main,208.08670762121668,-2.146320561860506,341.26997258205023,9.752897412688821e-14,0.3832616648453689,0.16688620495392917,0.0,590
EB pairwise,210.13474427552688,-0.09828390755029659,296.7829204569585,1.757295676228763e-10,4.400903391496369e-10,0.05070691480014736,0.0,590
EB-offset hybrid: main,208.08670762121668,-2.146320561860506,341.26997258205023,9.752897412688821e-14,0.3832616648453689,0.16688620495392917,0.0,590
EB-offset hybrid: pairwise,210.23120613254582,-0.0018220505313593094,309.18857610362414,6.767630868844365e-15,2.9144515308578686e-14,0.05680714974532539,6.0,590
Naive respondents,199.17417751735513,-10.796083811218551,489.00000000000006,0.45259757825239777,0.19391886939117697,0.47615733140124084,0.0,591
OLS prediction,210.27198902982005,0.3017277012463637,,,,,,591
EB main,208.7777871653534,-1.1924741632202824,349.94624335449726,7.605640963990514e-15,0.1646879071227629,0.11301788337030524,0.0,591
EB pairwise,208.82293634378382,-1.1473249847898614,334.9327960039204,9.722740394253321e-13,9.002134651241133e-13,0.10903001338292732,0.0,591
EB-offset hybrid: main,209.0346786970537,-0.935582631519992,315.76508489700257,9.786842090845061e-12,0.10369675087256458,0.11498084488407975,18.0,591
EB-offset hybrid: pairwise,208.95232192819006,-1.017939400383625,318.97338490858243,1.9433475620188307e-15,2.3539391494432897e-15,0.10701767353704443,8.0,591
Naive respondents,200.15671479381996,-10.247411484963465,511.0,0.37923840052846847,0.15002894965453137,0.4216132920890096,0.0,592
OLS prediction,210.71351335474557,0.30938707596214954,,,,,,592
EB main,209.61030679161286,-0.7938194871705662,395.9803420976576,5.261849498766654e-15,0.14880739741168775,0.13651816205198358,0.0,592
EB pairwise,209.67134389254798,-0.7327823862354421,381.0843423445581,2.0741329564054104e-10,2.657862879228853e-10,0.07602965682511223,0.0,592
EB-offset hybrid: main,209.67731578276064,-0.7268104960227788,393.96654541345515,1.5561826428088827e-09,0.11396268232172838,0.1277356525634063,3.0,592
EB-offset hybrid: pairwise,209.6538691983639,-0.7502570804195159,380.3274792839571,4.247062174112228e-13,7.085939683894983e-13,0.0767881749957124,1.0,592
Naive respondents,201.99689474705326,-7.942614666692805,500.99999999999994,0.43816435335307685,0.1867373911958203,0.44153190285387206,0.0,593
OLS prediction,208.99235422002232,-0.947155193723745,,,,,,593
EB main,207.8892102216208,-2.050299192125266,379.7297527005461,1.553720880527069e-14,0.32034227082490346,0.14657776711277326,0.0,593
EB pairwise,209.088524224358,-0.8509851893880693,328.0590887070409,1.8245394987872463e-14,2.3988574840147825e-14,0.06130142857014696,0.0,593
EB-offset hybrid: main,208.78325765101044,-1.1562517627356215,370.3440993957751,6.722984565646929e-10,0.21365316778985874,0.10894921942336352,19.0,593
EB-offset hybrid: pairwise,209.80037113557944,-0.1391382781666266,337.67678393741744,4.786088759183847e-14,6.387336868199706e-14,0.04068927740247335,14.0,593
Naive respondents,199.96422992608512,-10.828851068829692,501.99999999999955,0.38191330733960355,0.1147788645616143,0.43272977132393275,0.0,594
OLS prediction,209.02077499694872,-1.7723059979661002,,,,,,594
EB main,207.02230394309527,-3.7707770518195503,374.5568716186861,6.949109541559314e-09,0.2792388659525444,0.1665186816392631,0.0,594
EB pairwise,208.88076496400092,-1.9123160309138996,372.7185569135082,5.14381562450361e-15,4.138923002003141e-15,0.08879696095523759,0.0,594
EB-offset hybrid: main,207.91781678742646,-2.8752642074883568,395.3762541496746,1.8702671520508917e-09,0.22058337374714748,0.14527000728069228,5.0,594
EB-offset hybrid: pairwise,209.007866682936,-1.7852143119788195,373.5639047493761,8.731651789046882e-14,1.3801141572322928e-13,0.08609114333301958,2.0,594
Naive respondents,197.91013077354884,-12.781022543833075,494.9999999999998,0.44746275872717023,0.21949642892846477,0.4995506767966792,0.0,595
OLS prediction,211.12872418808507,0.4375708707031549,,,,,,595
EB main,209.6166509405385,-1.0745023768434123,335.52373858414575,7.081275602712024e-15,0.14956594087409014,0.13770634945245883,0.0,595
EB pairwise,210.06343592918975,-0.6277173881921669,315.3079194146527,3.552282059862562e-13,5.908011055107864e-13,0.07793547851243045,0.0,595
EB-offset hybrid: main,210.07957120227653,-0.6115821151053922,328.8238801125529,1.081415461064719e-09,0.12231731292843748,0.11444650364551438,8.0,595
EB-offset hybrid: pairwise,210.1380491318033,-0.5531041855786043,314.78047020413186,8.931506504471326e-15,1.332909187238961e-14,0.07449052334711487,2.0,595
Naive respondents,199.99910579006965,-10.047468375742255,520.9999999999999,0.3807846093359666,0.19739408923324797,0.42533779005106076,0.0,596
OLS prediction,208.78674290349295,-1.2598312623189543,,,,,,596
EB main,208.2301044297527,-1.8164697360591902,390.0703245190239,2.1420771919545985e-15,0.30160009390374465,0.1598523165099588,0.0,596
EB pairwise,210.6261070948373,0.5795329290253903,314.59689236993626,1.8378890573817542e-15,2.3227662323533933e-15,0.02032190845514138,0.0,596
EB-offset hybrid: main,208.65593577117158,-1.3906383946403196,388.5921460424032,4.99131721144359e-11,0.29613759676791557,0.1446584209080982,11.0,596
EB-offset hybrid: pairwise,210.59286262347902,0.5462884576671172,313.8050332734581,1.875620462935522e-15,1.8200771287271247e-15,0.019359609211751103,4.0,596
Naive respondents,199.1530292909489,-9.079027139836768,526.9999999999998,0.40344734216015643,0.18201802530690617,0.42072740097632677,0.0,597
OLS prediction,207.56643096430744,-0.6656254664782182,,,,,,597
EB main,206.62853764155793,-1.603518789227735,412.44330749457936,5.75302883689082e-15,0.15548589080144115,0.1486689601107599,0.0,597
EB pairwise,206.7899161131217,-1.4421403176639558,385.3861585454222,1.4120852547351431e-14,2.408508642225313e-14,0.1021280812431128,0.0,597
EB-offset hybrid: main,206.66334149092472,-1.5687149398609392,399.7991028104153,9.372905821277327e-11,0.1045863442654398,0.1296241674424303,4.0,597
EB-offset hybrid: pairwise,206.7899161131217,-1.4421403176639558,385.3861585454222,1.4120852547351431e-14,2.408508642225313e-14,0.1021280812431128,0.0,597
Naive respondents,199.14844305380393,-9.418263553865927,495.9999999999997,0.435638140805053,0.16599116530895905,0.4733873894943005,0.0,598
OLS prediction,207.77619825509726,-0.7905083525726013,,,,,,598
EB main,206.74664857127408,-1.8200580363957783,356.9443763691748,6.7886329082597864e-09,0.2400889151247172,0.1745287971598257,0.0,598
EB pairwise,208.85063241410572,0.2839258064358603,309.865486154257,1.8339851827139237e-10,1.492096126626188e-10,0.05814586509365221,0.0,598
EB-offset hybrid: main,208.202469312655,-0.3642372950148456,329.6332287297815,2.489476167612655e-11,0.17015908485975326,0.12025078122735099,25.0,598
EB-offset hybrid: pairwise,209.34984394761392,0.7831373399440622,308.7109513883432,1.058017256803308e-15,1.2791030338275333e-15,0.05055231569680047,14.0,598
Naive respondents,199.59463306714372,-10.093824382149734,477.00000000000034,0.40765479577116925,0.20014263411441177,0.43011333654517264,0.0,599
OLS prediction,208.68853285950854,-0.9999245897849107,,,,,,599
EB main,206.13438717720695,-3.5540702720865056,349.3460483058635,9.201950069932717e-13,0.39790253159136185,0.12626429291165517,0.0,599
EB pairwise,207.798243285455,-1.8902141638384649,363.3703859186136,2.0669962106931414e-10,4.0347047360819996e-10,0.1300289677764684,0.0,599
EB-offset hybrid: main,207.0924397079379,-2.5960177413555527,364.8315761369687,2.5458981863513376e-10,0.29957984230177986,0.09265803547976824,5.0,599
EB-offset hybrid: pairwise,207.89890334206908,-1.789554107224376,361.177319312042,8.750618324262584e-15,1.6622346645033983e-14,0.12816478057930877,4.0,599
Naive respondents,199.17703981662982,-11.150247055868647,464.0000000000003,0.46634540008371256,0.17796225896314158,0.5078310475201819,0.0,600
OLS prediction,210.4586761844676,0.13138931196914427,,,,,,600
EB main,208.77216676110453,-1.5551201113939328,329.5333100988406,3.5500037750547077e-15,0.2343887739186609,0.16219702156610474,0.0,600
EB pairwise,209.8735543192136,-0.4537325532848513,309.7664460237021,5.4192203089817345e-12,7.56840015966103e-12,0.04127491518268376,0.0,600
EB-offset hybrid: main,209.36506864787526,-0.9622182246232001,308.0838896935361,1.6777801426646048e-10,0.1345980020267777,0.1135335502042523,14.0,600
EB-offset hybrid: pairwise,209.9572682829803,-0.3700185895181676,297.97185077488666,4.7411146491333016e-15,1.4109854332998244e-14,0.047787189213138286,20.0,600
Naive respondents,195.98156468393302,-12.59837895624463,493.0,0.4469256082239954,0.253995494425181,0.5037487303663938,0.0,601
OLS prediction,206.65744846687193,-1.9224951733057196,,,,,,601
EB main,204.169060729071,-4.410882911106654,309.4614787374441,2.1515626941711374e-11,0.1636990554074793,0.1627911350127842,0.0,601
EB pairwise,205.2450769790478,-3.334866661129837,319.11351294380836,2.280091975233886e-13,4.02220046732799e-13,0.1214228653542049,0.0,601
EB-offset hybrid: main,205.3233736199331,-3.2565700202445385,336.20554065965547,8.842637595206587e-16,0.121106135417546,0.12685171062059628,4.0,601
EB-offset hybrid: pairwise,206.71539410239592,-1.864549537781727,327.0413596527605,6.513550984047264e-15,6.7198389259643566e-15,0.07422531547125256,18.0,601
Naive respondents,199.91841972104626,-10.508699547020711,511.0,0.41581133214501376,0.1215488662946922,0.4416844074089666,0.0,602
OLS prediction,211.26235104915366,0.8352317810866907,,,,,,602
EB main,210.19932231392747,-0.22779695413950662,372.4250402587985,1.9441143884210344e-10,0.15969100801096833,0.15454628796223896,0.0,602
EB pairwise,210.73507325557307,0.3079539875060959,351.8324120339775,3.1384198259807276e-09,3.4211936645506825e-09,0.0879751988373619,0.0,602
EB-offset hybrid: main,210.49068360668218,0.06356433861520827,346.5560755183869,4.923572815119503e-10,0.11598399679983447,0.12681109593934758,15.0,602
EB-offset hybrid: pairwise,210.82517788052186,0.39805861245488927,331.1591159588373,6.100432224442223e-09,7.694713063596635e-09,0.08332814816805702,11.0,602
Naive respondents,202.27857416329283,-8.06259864307981,492.0000000000003,0.4782845965601741,0.21120174605724917,0.471255088006351,0.0,603
OLS prediction,209.25241919491202,-1.0887536114606178,,,,,,603
EB main,208.36428320111932,-1.9768896052533194,365.5298382197841,4.8920850296625335e-15,0.36312776244599887,0.15260560017945063,0.0,603
EB pairwise,210.46124026436672,0.12006745799408236,316.8823246912689,1.2409883660567822e-13,2.0453771828733747e-13,0.010747000178116627,0.0,603
EB-offset hybrid: main,208.95566750335107,-1.3855053030215743,359.0917124010738,4.729400704305925e-10,0.3030630124910749,0.13755275817608298,9.0,603
EB-offset hybrid: pairwise,211.38070562091823,1.0395328145455949,294.62000201773805,1.2265448064671503e-14,1.5754464216888165e-14,0.047012901906071325,38.0,603
Naive respondents,200.6539048498801,-8.618975002486962,521.9999999999999,0.4188654266262747,0.22189191901659608,0.4411082414988495,0.0,604
OLS prediction,207.73489750703314,-1.5379823453339156,,,,,,604
EB main,207.1093447463591,-2.1635351060079415,404.9241277748646,3.800520283864258e-10,0.2982590732458421,0.19896934000699226,0.0,604
EB pairwise,209.00784051248013,-0.2650393398869255,350.1588719100382,2.7404962087538657e-13,4.2969760396069643e-13,0.045096479961364885,0.0,604
EB-offset hybrid: main,208.05328871635933,-1.2195911360077218,388.9452036090642,3.66615508416013e-09,0.2202558530487538,0.150736355071025,11.0,604
EB-offset hybrid: pairwise,209.3833571280966,0.11047727572955068,349.8717552101513,1.0129446331117935e-12,2.5442239594452055e-12,0.03623882643587362,9.0,604
Naive respondents,200.253805588722,-9.378406696659397,501.99999999999955,0.43134749963339775,0.1813713059970863,0.45690056204885804,0.0,605
OLS prediction,208.94843008902524,-0.6837821963561623,,,,,,605
EB main,207.7224432996732,-1.9097689857082116,374.40530974093855,4.595415283387865e-13,0.19371289671815448,0.15666749825360352,0.0,605
EB pairwise,208.5038950677532,-1.1283172176281937,342.1941227512325,6.559917835834225e-15,7.078001300026383e-15,0.04710705051210667,0.0,605
EB-offset hybrid: main,208.63966113793848,-0.9925511474429243,362.8867993607729,1.7371876804929443e-09,0.14307088983460445,0.10874597026195779,17.0,605
EB-offset hybrid: pairwise,209.3329139195472,-0.2992983658342041,342.133920494853,4.5963642405076e-14,5.081819841711189e-14,0.023718308200614713,16.0,605
Naive respondents,198.15857473448443,-10.344717891228129,492.0000000000003,0.41933462353386325,0.22446496668501134,0.46530959129002425,0.0,606
OLS prediction,206.52781365158236,-1.9754789741301977,,,,,,606
EB main,205.18558440908998,-3.3177082166225773,367.2333163623748,1.0778827478510971e-11,0.4670867698939777,0.22151684487407292,0.0,606
EB pairwise,207.409665235081,-1.0936273906315535,320.23011161374814,4.1058268511466445e-15,1.8497275655525538e-14,0.0715734365577764,0.0,606
EB-offset hybrid: main,205.80869304171134,-2.6945995840012245,366.80175314951424,7.475600313047591e-11,0.38419446960407894,0.19671589948074697,9.0,606
EB-offset hybrid: pairwise,207.342737766473,-1.1605548592395678,317.0480369900232,3.66392978519049e-11,1.6271864636518213e-10,0.07930978599231897,9.0,606
Naive respondents,201.6096100754069,-8.788696433060124,517.0000000000002,0.3987844921935984,0.09767232827800366,0.43083137804386573,0.0,607
OLS prediction,209.1274663176738,-1.2708401907932227,,,,,,607
EB main,208.0275739487186,-2.3707325597484044,419.80695788189985,2.072664658394223e-14,0.18465474767736745,0.130927563007528,0.0,607
EB pairwise,208.69263362658882,-1.7056728818782005,389.85978157858864,3.0513181380567764e-11,8.2625063588988e-11,0.07680068018440642,0.0,607
EB-offset hybrid: main,208.62578394043652,-1.772522568030496,421.33404757974114,1.907609678167275e-15,0.14566923747394422,0.11678955081361443,5.0,607
EB-offset hybrid: pairwise,208.7090613102369,-1.689245198230111,390.3190170354993,1.5371446932003774e-14,2.6178655879884673e-14,0.07786836981683246,1.0,607
Naive respondents,197.4980243861619,-10.786601136272253,521.9999999999999,0.4493880739197461,0.2003701342459554,0.460800574274395,0.0,608
OLS prediction,207.30701774122898,-0.9776077812051653,,,,,,608
EB main,206.4923191982435,-1.7923063241906334,386.250513786492,1.2946239596943777e-10,0.2897275394422014,0.18460660572274668,0.0,608
EB pairwise,208.8060041090288,0.5213785865946647,336.7823548090929,7.433816530034e-11,1.3178732659876201e-10,0.030663702280831536,0.0,608
EB-offset hybrid: main,206.63108653428102,-1.653538988153116,380.40439398313845,3.136931123690449e-10,0.29338492930279897,0.1782221243702867,8.0,608
EB-offset hybrid: pairwise,209.03845345095345,0.7538279285193141,324.6095601477487,2.4038927479729367e-15,2.358023505788859e-15,0.031163283515092188,14.0,608
Naive respondents,199.9860890496465,-10.369769698053204,489.00000000000006,0.4076897901169632,0.14697938002359906,0.4095741967635117,0.0,609
OLS prediction,211.2547894514213,0.8989307037215895,,,,,,609
EB main,210.18968059286368,-0.16617815483601817,344.96432301609,1.237128081309677e-14,0.12932966195228046,0.11753192700919836,0.0,609
EB pairwise,209.9441110440356,-0.41174770366410485,341.25395155914566,1.22428710979904e-15,2.5737785650282815e-15,0.12404699076836244,0.0,609
EB-offset hybrid: main,210.32495445482888,-0.030904292870815198,325.3857704874097,2.0907980328080424e-09,0.20182814196568988,0.10205584002995016,7.0,609
EB-offset hybrid: pairwise,209.63500765837418,-0.7208510893255209,298.9194131021992,6.153161929589745e-13,1.3046125469281354e-12,0.1329941797362611,100.0,609
Naive respondents,198.94281556201784,-10.851864900624918,524.0,0.4318802927450813,0.1954431738172221,0.4690614459510229,0.0,610
OLS prediction,208.44497249143978,-1.3497079712029745,,,,,,610
EB main,207.22803557733644,-2.5666448853063173,396.4793654072,9.259665329991937e-09,0.3385471694914565,0.17832100133706416,0.0,610
EB pairwise,208.64275545465915,-1.151925007983607,359.0860409697297,1.2686968934591792e-11,3.417717802711014e-11,0.07266876556265346,0.0,610
EB-offset hybrid: main,207.5708260458354,-2.22385441680737,385.52310747058135,1.3336766231206056e-09,0.36707675697680914,0.16877773151400374,11.0,610
EB-offset hybrid: pairwise,208.8464106847629,-0.9482697778798581,356.593801409607,2.3469649341647273e-15,3.7148176984201075e-15,0.07024950552219732,6.0,610
Naive respondents,200.35492598182313,-9.553462549588403,484.0,0.44875693576863396,0.21674795589796353,0.47773213481269206,0.0,611
OLS prediction,207.9005460523823,-2.0078424790292217,,,,,,611
EB main,207.06841166725582,-2.839976864155716,375.18321422742457,1.2260946046483547e-14,0.3356139242980023,0.18235358685813555,0.0,611
EB pairwise,208.384427632982,-1.5239608984295216,324.6022979993088,4.207646940878978e-14,3.564345541294813e-14,0.06467275886924968,0.0,611
EB-offset hybrid: main,208.00041636453687,-1.9079721668746572,369.19694126303096,2.411695558086021e-10,0.23240717456870633,0.15031353164026176,10.0,611
EB-offset hybrid: pairwise,209.41234782362244,-0.49604070778909204,328.81968383685444,8.97552563330578e-16,7.477925911326174e-16,0.0385531316135274,22.0,611
Naive respondents,202.75825660324313,-8.149344180701206,475.99999999999983,0.48658967548251686,0.20937317755524917,0.47548463727172585,0.0,612
OLS prediction,210.60517328618616,-0.302427497758174,,,,,,612
EB main,209.26954274128184,-1.638058042662493,316.544506053721,4.3058218900456057e-13,0.42956546544566143,0.20015248642865918,0.0,612
EB pairwise,212.3288970332488,1.4212962493044756,223.24410394664565,9.437747512468351e-14,3.425760896873625e-13,0.051384785154945274,0.0,612
EB-offset hybrid: main,209.62450998749875,-1.2830907964455776,307.1019390440431,1.4425452998993991e-11,0.40861982957519466,0.16539985703226737,9.0,612
EB-offset hybrid: pairwise,212.23972813709224,1.3321273531479108,222.68356976213133,1.6780714307240485e-15,4.328461928706851e-15,0.04839616058046196,21.0,612
Naive respondents,199.96621983483064,-9.478373228250518,489.00000000000006,0.4255865461157842,0.14782383481394434,0.46731773688509776,0.0,613
OLS prediction,209.0172280573079,-0.42736500577325387,,,,,,613
EB main,207.9767704841312,-1.4678225789499493,355.7735406108076,9.575870737663377e-09,0.21511525182816985,0.15567250449004297,0.0,613
EB pairwise,209.1555051073471,-0.2890879557340611,330.50512340397717,1.2534724628409344e-13,4.812502797494268e-13,0.036605729287533396,0.0,613
EB-offset hybrid: main,208.23506009167755,-1.209532971403604,351.9148355264039,3.0268988719550523e-10,0.1820561169254006,0.13239625263365123,5.0,613
EB-offset hybrid: pairwise,209.21988940704247,-0.22470365603868458,327.53132704771883,3.039517632484263e-09,3.0504458470178343e-09,0.03452299939380979,3.0,613
Naive respondents,201.24080825211743,-8.338179656406453,492.0000000000003,0.4633626853304169,0.17921570198911982,0.4472976168129143,0.0,614
OLS prediction,209.67935460113682,0.10036669261293696,,,,,,614
EB main,209.10659978191092,-0.4723881266129695,358.53484895774625,2.2931969526327713e-11,0.12024435632026455,0.11966740456269588,0.0,614
EB pairwise,209.38724508088788,-0.19174282763600559,343.42936290336274,4.85644342076625e-12,4.8538886419463156e-12,0.084473717877293,0.0,614
EB-offset hybrid: main,208.86865777388672,-0.7103301346371609,336.5576068960745,2.795598089193213e-10,0.15805506461728455,0.14182307935895924,13.0,614
EB-offset hybrid: pairwise,209.90842703294464,0.32943912442075884,327.86091923836966,8.720079348320404e-15,5.72647222663337e-15,0.07041021041407265,13.0,614
Naive respondents,197.70008155263992,-11.732873239530932,487.99999999999955,0.5073674426053564,0.2126882251695873,0.5362123120773171,0.0,615
OLS prediction,209.0789977556701,-0.35395703650075916,,,,,,615
EB main,207.94077241498093,-1.4921823771899199,303.4141007022184,5.544917865304365e-15,0.4198524294061646,0.21704524513071444,0.0,615
EB pairwise,210.81989617654352,1.3869413843726761,243.32878153435044,2.566886368037183e-13,5.059975793123722e-13,0.05518408198017974,0.0,615
EB-offset hybrid: main,206.95675647358698,-2.4761983185838687,270.90486641720094,1.0481270577048146e-15,0.6073775363859854,0.26328642849932726,9.0,615
EB-offset hybrid: pairwise,211.73266099248423,2.2997062003133806,185.5246008075753,1.874696730212541e-11,4.772879097633503e-11,0.09376984350375107,100.0,615
Naive respondents,200.6359026230134,-10.261086395083595,498.99999999999994,0.3927722949107061,0.22116847802269315,0.4517918045998326,0.0,616
OLS prediction,209.37549723589416,-1.521491782202844,,,,,,616
EB main,208.2418117410539,-2.6551772770430944,393.11149055890445,1.1719691869955563e-14,0.3170461979089479,0.1995695372876264,0.0,616
EB pairwise,210.2150424218793,-0.6819465962176992,358.15651496635064,6.973930676383702e-13,1.1226133364405084e-12,0.048285182776138476,0.0,616
EB-offset hybrid: main,209.21927079863482,-1.6777182194621787,392.4560183841232,1.990106799389213e-09,0.22713828487054782,0.1628316222080505,8.0,616
EB-offset hybrid: pairwise,210.97017489096547,0.07318587286846423,359.1400639531594,7.369359460889358e-16,1.0815134867425622e-15,0.031342872586873974,11.0,616
Naive respondents,200.10747624924164,-9.105349840274755,505.9999999999996,0.41002197652740735,0.15388829406919408,0.4356306159429384,0.0,617
OLS prediction,208.13010826204757,-1.0827178274688265,,,,,,617
EB main,207.2127885465418,-2.00003754297461,410.4452470759567,4.339839965790318e-09,0.1657573327238038,0.13584891473489955,0.0,617
EB pairwise,207.17005035334128,-2.042775736175116,387.85209438091266,5.325675434690372e-12,1.1049387172648746e-11,0.11723274050425236,0.0,617
EB-offset hybrid: main,207.54440813327852,-1.6684179562378745,413.10155033400946,9.9733480854091e-09,0.15752864801677605,0.12748027942228932,4.0,617
EB-offset hybrid: pairwise,207.28556112415413,-1.9272649653622693,388.72446149070896,1.556294294455994e-15,1.4170979004539185e-15,0.11636519145444743,2.0,617
Naive respondents,198.5105397616375,-11.769081357991126,471.0000000000001,0.42081402676473817,0.24701161135838753,0.47997575802678627,0.0,618
OLS prediction,209.4666469895274,-0.8129741301012245,,,,,,618
EB main,208.7086096489358,-1.5710114706928096,351.3616224765445,1.984078959845696e-15,0.20542861358401288,0.16443975524213467,0.0,618
EB pairwise,210.04434468734274,-0.2352764322858718,318.5646727185797,1.6895768020349024e-12,4.559036576317164e-12,0.04419085353832439,0.0,618
EB-offset hybrid: main,209.40168396341966,-0.877937156208958,338.34931702118973,9.231846288601892e-10,0.1647575522150496,0.1281805998487462,13.0,618
EB-offset hybrid: pairwise,210.16337656115348,-0.11624455847513104,315.6138200967952,1.1022821942669887e-14,1.7876142204090584e-14,0.04906283345315961,10.0,618
Naive respondents,200.66524003228798,-8.806935347629633,523.0000000000001,0.4254061734833398,0.16562534739150273,0.47080003881946775,0.0,619
OLS prediction,208.16357278725332,-1.3086025926643003,,,,,,619
EB main,206.92425288033323,-2.547922499584388,396.9065216874599,1.4806908369737135e-12,0.31736647704060966,0.21657549141810592,0.0,619
EB pairwise,207.80543249814477,-1.6667428817728478,344.2712363492402,3.5674830295330477e-10,7.531628443176436e-10,0.10615590628769397,0.0,619
EB-offset hybrid: main,207.26143660943507,-2.21073877048255,394.8304421951616,7.371228534781014e-10,0.282206876466334,0.19352554759018809,4.0,619
EB-offset hybrid: pairwise,208.32157015663626,-1.1506052232813602,343.8283462461045,5.267177194367204e-09,2.9650796370307656e-09,0.08208221088525655,9.0,619
Naive respondents,198.75309097789253,-11.524284961600358,490.99999999999994,0.4019633638218564,0.21643783982972714,0.46264467208058757,0.0,620
OLS prediction,207.63165363623608,-2.645722303256804,,,,,,620
EB main,206.6134400768494,-3.663935862643484,371.8064886759739,1.6613537105714089e-13,0.37961305897005543,0.23909991100796726,0.0,620
EB pairwise,209.0488272814477,-1.2285486580451845,327.1617446761057,1.5861798547242609e-15,5.920393997887318e-15,0.09800952418064984,0.0,620
EB-offset hybrid: main,207.81477563501903,-2.4626003044738525,369.16355823699615,2.0921404145108231e-10,0.27072755183691644,0.1887710025121768,9.0,620
EB-offset hybrid: pairwise,209.14831354811318,-1.1290623913797049,325.34319725427457,2.1962419876742864e-09,3.92385936313961e-09,0.09767968559238674,8.0,620
Naive respondents,200.35286731622793,-10.323867157437888,505.00000000000034,0.40698405656280273,0.2304294005462942,0.43716816320411245,0.0,621
OLS prediction,210.02295351280918,-0.6537809608566363,,,,,,621
EB main,209.3560087425328,-1.3207257311330238,389.35692237198134,3.860917931035e-09,0.21150986781812559,0.147459883067559,0.0,621
EB pairwise,209.89502671145044,-0.7817077622153761,363.8927459350592,1.4617468016950145e-15,2.1687630561157093e-15,0.06985840303525717,0.0,621
EB-offset hybrid: main,209.85685706121265,-0.8198774124531667,384.9905033063745,6.437249407718171e-10,0.17208386599734637,0.12281138098135003,8.0,621
EB-offset hybrid: pairwise,210.04658449206752,-0.6301499815982936,363.55070140932906,1.111134791778449e-15,1.5968250324560508e-15,0.05870969861996348,2.0,621
Naive respondents,199.72109355845942,-10.900285842220455,519.0,0.4257045389451125,0.1759496500366615,0.47628309666063207,0.0,622
OLS prediction,209.10185449367413,-1.5195249070057457,,,,,,622
EB main,206.83753629001203,-3.7838431106678456,377.6485119813363,1.0621948922750917e-09,0.27848386450682205,0.18451925029660035,0.0,622
EB pairwise,208.001535269061,-2.619844131618862,365.9456921746056,1.5457241733666424e-15,1.894805863931102e-15,0.09460156674011151,0.0,622
EB-offset hybrid: main,208.90573480876333,-1.7156445919165435,387.9937010400373,1.920153069754567e-09,0.15764620269561466,0.11703914796855143,10.0,622
EB-offset hybrid: pairwise,208.75938213171992,-1.8619972689599535,367.8831608653758,1.612388592955993e-15,1.7842792595438203e-15,0.07762565261990949,6.0,622
Naive respondents,199.0988709179373,-10.112932862508416,510.0,0.4264402055510389,0.12293986013070797,0.44203660103894193,0.0,623
OLS prediction,208.26776259741882,-0.9440411830268829,,,,,,623
EB main,207.39281791924094,-1.8189858612047658,385.41837016462557,3.4511190037103688e-15,0.20274681284174348,0.13235083399054373,0.0,623
EB pairwise,208.2534229634172,-0.9583808170285124,355.0742417147098,3.8154987926025684e-14,4.369920213045661e-14,0.04201865665052431,0.0,623
EB-offset hybrid: main,207.49698624867898,-1.7148175317667267,386.23487653884484,3.967450366782882e-09,0.2108549728518789,0.1346140661952801,2.0,623
EB-offset hybrid: pairwise,208.57829930302563,-0.6335044774200753,355.51783518320224,2.8328650678034372e-15,2.9659145149181633e-15,0.03595459260940371,5.0,623
Naive respondents,202.0874039991347,-8.502244273398787,479.99999999999983,0.40848855249911115,0.1833366869771968,0.4143783596440986,0.0,624
OLS prediction,209.0268536244471,-1.562794648086367,,,,,,624
EB main,207.4866895820269,-3.1029586905065685,386.4749152404704,1.9380837285142325e-11,0.2251036236867809,0.12441501765362327,0.0,624
EB pairwise,208.45153321346183,-2.1381150590716516,377.68872829760926,1.231474790114573e-10,3.0781307509383546e-10,0.07205598704154612,0.0,624
EB-offset hybrid: main,208.61787461320944,-1.9717736593240431,394.27522680920765,9.715868853613076e-09,0.14436504385644414,0.09583404758508499,6.0,624
EB-offset hybrid: pairwise,209.4211372852482,-1.1685109872852877,378.39710770207626,1.6101825864327963e-09,1.988711938436942e-09,0.052860145083500926,12.0,624
Naive respondents,195.54576220146146,-13.54325274162008,490.99999999999994,0.4846227606535296,0.18514669554889615,0.5441646770498589,0.0,625
OLS prediction,207.45312698715878,-1.6358879559227546,,,,,,625
EB main,206.4555802286436,-2.633434714437925,306.17805576472296,9.239101800238973e-09,0.33969034535392706,0.23681793308198684,0.0,625
EB pairwise,208.76471967416757,-0.3242952689139713,264.09085299491556,1.8937618376703274e-12,2.1647376863031785e-12,0.09283920577847052,0.0,625
EB-offset hybrid: main,207.04436938684557,-2.044645556235963,297.3835234135506,9.148867233307197e-10,0.28481089012646543,0.2111351096343144,5.0,625
EB-offset hybrid: pairwise,209.27906175300419,0.19004680992264866,267.47090727377383,3.570098382451084e-15,4.1249281312027156e-15,0.07613707115849308,10.0,625
Naive respondents,200.76355574547577,-9.019416091635804,489.00000000000006,0.4379911118364305,0.12985946132765788,0.4369746324054518,0.0,626
OLS prediction,211.53301961702,1.7500477799084138,,,,,,626
EB main,210.3117285466883,0.5287567095767258,346.5863335112068,1.2092367357699004e-10,0.14872586990091283,0.08133874007138454,0.0,626
EB pairwise,210.5032317307424,0.7202598936308391,321.8025512910453,1.615427307576845e-09,1.5890303928849778e-09,0.0401721731532829,0.0,626
EB-offset hybrid: main,210.62745361063335,0.8444817735217782,307.9708921013458,2.686260081440189e-10,0.09191614676793712,0.04906923556879738,13.0,626
EB-offset hybrid: pairwise,210.67000864665107,0.8870368095394952,303.7864906759287,3.912322560193712e-09,5.652768331403008e-09,0.03495510172151592,12.0,626
Naive respondents,199.38118777672742,-10.621956867485835,524.0,0.4094018310315002,0.16823489890189644,0.4405541034725016,0.0,627
OLS prediction,209.62875560589364,-0.374389038319606,,,,,,627
EB main,208.44637014731086,-1.556774496902392,395.82328904096397,5.702920792043366e-14,0.2932258107578038,0.1387224022848091,0.0,627
EB pairwise,209.69699006299763,-0.30615458121562256,381.3796501316972,1.0094633593789054e-13,8.413812442507565e-14,0.06990651636927861,0.0,627
EB-offset hybrid: main,208.44637014731092,-1.5567744969023352,395.82328904096397,5.704539058090638e-14,0.2932258107578038,0.13872240228480912,0.0,627
EB-offset hybrid: pairwise,209.9093238824487,-0.09382076176456167,382.26323609243565,1.4798565146025214e-13,2.511608488761424e-13,0.06265982689140515,5.0,627
Naive respondents,198.17291714945773,-11.148585788444848,489.99999999999994,0.44665251143228196,0.14150950848924593,0.4936869140181786,0.0,628
OLS prediction,210.78999308637867,1.4684901484760928,,,,,,628
EB main,209.39424948682426,0.07274654892168542,325.7929556708341,5.987858622071185e-15,0.1543141539539116,0.11408089987182707,0.0,628
EB pairwise,209.61494178223376,0.2934388443311775,303.45866433659313,1.579424746614973e-13,1.8239115634559785e-13,0.05239184057720715,0.0,628
EB-offset hybrid: main,209.51438773778548,0.1928847998829042,320.20123373652694,1.8886109539833461e-10,0.15670442981691685,0.10768352213348081,4.0,628
EB-offset hybrid: pairwise,209.51107152320193,0.18956858529935516,303.1468261730508,4.685676514679851e-14,7.812388675900913e-14,0.0682809688239414,9.0,628
Naive respondents,199.23957655599887,-9.919920199257291,500.99999999999994,0.4213564834633591,0.2004110846178653,0.456386339200659,0.0,629
OLS prediction,207.74395471111092,-1.4155420441452407,,,,,,629
EB main,206.628486420084,-2.5310103351721693,375.71172014414947,2.802980231576086e-13,0.29292487852947613,0.19922481859233473,0.0,629
EB pairwise,208.14913679377185,-1.010359961484312,319.58918819126706,8.402941792093371e-15,7.136678312424283e-15,0.05562847771148178,0.0,629
EB-offset hybrid: main,207.4137794220886,-1.745717333167562,366.989867198351,6.896576522379648e-11,0.2592134789489895,0.177537924833987,16.0,629
EB-offset hybrid: pairwise,208.90056156392563,-0.25893519133052223,322.69559045039097,4.1497895714090066e-09,5.299834274715465e-09,0.045773859497170395,14.0,629
Naive respondents,197.3052077360772,-12.294357147373319,486.00000000000034,0.47408935139151853,0.18222409202873066,0.5262139671426768,0.0,630
OLS prediction,207.76072226491806,-1.8388426185324533,,,,,,630
EB main,206.12315587655675,-3.4764090068937605,326.43602531272825,7.06389848466847e-16,0.2658509945377099,0.1854546478008749,0.0,630
EB pairwise,208.28078615207008,-1.3187787313804336,294.3726037297689,8.266604487591773e-14,1.0444307589747458e-13,0.05435966224341189,0.0,630
EB-offset hybrid: main,207.25838360565618,-2.341181277794334,323.3082954090848,1.822342475477432e-11,0.19882821931957262,0.17054210684086052,15.0,630
EB-offset hybrid: pairwise,208.43873733842224,-1.160827545028269,295.87846544562046,1.2627306649141558e-15,1.9112905839094154e-15,0.05226656521961449,3.0,630
Naive respondents,198.59867007685236,-11.437903534309982,498.99999999999994,0.4620669457977405,0.19158356221856432,0.51250895833774,0.0,631
OLS prediction,210.17102829386877,0.13445468270643346,,,,,,631
EB main,208.3096963455344,-1.7268772656279339,334.12053526609463,1.4041172377827806e-13,0.30141910501048685,0.1834483342235315,0.0,631
EB pairwise,211.39665782657292,1.3600842154105806,300.21386549939547,2.7647385597577003e-11,4.393090562348274e-11,0.0679027751183278,0.0,631
EB-offset hybrid: main,208.4715118028161,-1.565061808346229,322.12681001297307,1.1225024410088401e-09,0.29581269201799765,0.16837869850554463,9.0,631
EB-offset hybrid: pairwise,211.51717036540498,1.4805967542426401,295.35357565841383,1.7439644150583458e-15,3.2981929343717874e-15,0.06081376779947272,11.0,631
Naive respondents,196.68535481043926,-11.662787613728312,492.0000000000003,0.4290888582060823,0.19270267560571985,0.48175923148066613,0.0,632
OLS prediction,207.37480063905065,-0.9733417851169293,,,,,,632
EB main,206.09698837164345,-2.2511540525241287,317.0493034922599,2.137840971673051e-12,0.18827395516973125,0.20685233608314094,0.0,632
EB pairwise,206.72339034685763,-1.6247520773099495,269.9110115381632,4.822716329934865e-11,6.524164099554898e-11,0.12867517992357147,0.0,632
EB-offset hybrid: main,206.07082920247134,-2.2773132216962324,320.1793921814196,5.37410208527725e-09,0.193993776067438,0.2140535840441632,6.0,632
EB-offset hybrid: pairwise,206.76727080094406,-1.5808716232235156,266.4582474143388,3.763181813723264e-14,4.7640474453589766e-14,0.12854790436539418,6.0,632
Naive respondents,200.90006203355378,-8.137393584419641,515.0000000000001,0.44949973803972876,0.14590998744266126,0.45112705157295424,0.0,633
OLS prediction,208.6265583465845,-0.41089727138893295,,,,,,633
EB main,207.54125624696283,-1.49619937101059,381.5297097870681,1.4101440723746758e-14,0.1379012466695511,0.12232585917308444,0.0,633
EB pairwise,208.06167962926955,-0.975775988703873,365.4719910049026,4.0632972991236545e-15,6.1497259262222e-15,0.06413255007636869,0.0,633
EB-offset hybrid: main,207.7514094341628,-1.2860461838106119,380.90159598850875,2.530582699614322e-09,0.12605986459686475,0.11098140148167182,5.0,633
EB-offset hybrid: pairwise,208.06167962926958,-0.9757759887038446,365.4719910049026,4.053832637765805e-15,6.13557887115632e-15,0.0641325500763687,0.0,633
Naive respondents,198.929315195815,-10.785492823253804,504.0000000000002,0.45827690109880864,0.18039389266412173,0.4818439872181955,0.0,634
OLS prediction,210.14434567048852,0.42953765141970734,,,,,,634
EB main,208.04230176246548,-1.6725062566033273,344.39489164506875,2.467675699598928e-15,0.11423973636465741,0.0848614319615205,0.0,634
EB pairwise,208.51622917159077,-1.1985788474780463,344.89138192938015,1.2411153000674938e-15,1.3914204456986637e-15,0.043165118472341564,0.0,634
EB-offset hybrid: main,209.02327537745717,-0.6915326416116443,360.0540925040964,1.0759174974490033e-15,0.07102267486223969,0.05420853344773436,10.0,634
EB-offset hybrid: pairwise,209.0760819943101,-0.6387260247587108,355.8454568400832,1.0149578907514436e-14,1.4765372859459826e-14,0.034085016004674805,7.0,634
Naive respondents,202.138695592668,-8.471542282198584,489.00000000000006,0.44141428440941677,0.17775726110957135,0.45556737233449823,0.0,635
OLS prediction,210.01054330440567,-0.5996945704609118,,,,,,635
EB main,208.97398745435996,-1.6362504205066273,378.64934400303486,2.2547909382332633e-10,0.3011731866656857,0.15516830937169343,0.0,635
EB pairwise,210.09151229227453,-0.5187255825920545,343.467417851198,2.2021939816945052e-14,8.576410964475495e-14,0.04653421772841108,0.0,635
EB-offset hybrid: main,209.15809987180202,-1.4521380030645616,379.14172260535497,2.2801254639355187e-09,0.27810253648610467,0.14796235458205162,3.0,635
EB-offset hybrid: pairwise,210.71835969876142,0.10812182389483382,332.86605047886474,9.018771027788542e-14,2.150200364662838e-13,0.05593685344781443,27.0,635
Naive respondents,200.67460094032035,-9.33332090132103,504.0000000000002,0.43471700550129333,0.16053368043335314,0.4532408360859032,0.0,636
OLS prediction,210.59947161983038,0.5915497781890053,,,,,,636
EB main,209.01003009212943,-0.9978917495119504,357.3636367728081,3.4125364597700234e-14,0.27053119972300793,0.10980642908154771,0.0,636
EB pairwise,210.4931346649124,0.4852128232710129,332.17855628056395,9.980847420954098e-11,1.122174752350071e-10,0.02129728575805837,0.0,636
EB-offset hybrid: main,209.3192421656604,-0.6886796759809783,358.41897171344124,2.1653157107243963e-10,0.25185952488430574,0.10124709018364095,3.0,636
EB-offset hybrid: pairwise,210.7967745039206,0.7888526622792256,329.8266167156419,9.12442591092874e-15,1.3022060746500691e-14,0.027727399339248143,15.0,636
Naive respondents,200.0005926808084,-8.61412333293967,489.99999999999994,0.3693805438952958,0.20029422721829276,0.3905202009688947,0.0,637
OLS prediction,207.70998524540454,-0.9047307683435406,,,,,,637
EB main,206.87838479416664,-1.7363312195814444,401.90314354074826,1.4156640943874454e-15,0.15098368233858048,0.12632516483477269,0.0,637
EB pairwise,207.29925747562933,-1.3154585381187474,385.31978043439346,8.168895850669e-16,9.493312855264978e-16,0.06988784029691034,0.0,637
EB-offset hybrid: main,206.87838479416664,-1.7363312195814444,401.90314354074826,1.4156640943874454e-15,0.15098368233858048,0.12632516483477269,0.0,637
EB-offset hybrid: pairwise,207.29925747562933,-1.3154585381187474,385.31978043439346,8.168895850669e-16,9.493312855264978e-16,0.06988784029691034,0.0,637
Naive respondents,198.6750915739846,-9.497776294831937,505.9999999999996,0.42727188711415587,0.21190750549946905,0.4364039158905832,0.0,638
OLS prediction,206.95630973849902,-1.2165581303175088,,,,,,638
EB main,205.87522307207703,-2.2976447967394904,376.9701311887336,3.2215785464115644e-14,0.25329329615205604,0.18104365105846787,0.0,638
EB pairwise,206.91257340971967,-1.2602944590968548,343.88782534656025,1.0951374309055642e-14,4.778468419634744e-14,0.08799881059061411,0.0,638
EB-offset hybrid: main,206.06511019159268,-2.1077576772238444,381.43358190066635,1.4438824909791433e-15,0.25834787819517807,0.17243851790248788,4.0,638
EB-offset hybrid: pairwise,207.67885906811435,-0.4940088007021757,360.09315943836776,3.343373565654526e-14,4.589782420068808e-14,0.0675132607292018,7.0,638
Naive respondents,199.12459789556178,-10.640405397789976,496.9999999999997,0.4715589134413592,0.19181194126324838,0.514930367793734,0.0,639
OLS prediction,208.66092948517561,-1.104073808176139,,,,,,639
EB main,207.34236595427845,-2.4226373390733045,372.514025774925,2.0597767390617236e-15,0.2809039771195926,0.18763418865291714,0.0,639
EB pairwise,207.3787337601155,-2.386269533236259,345.81019821212243,1.185878533267036e-12,4.3962396750138735e-12,0.16046902667454047,0.0,639
EB-offset hybrid: main,207.7857133453643,-1.9792899479874677,373.77514381745505,1.893485571736039e-15,0.24613498852007146,0.1676229376390918,5.0,639
EB-offset hybrid: pairwise,207.91944378908076,-1.8455595042709945,345.997775053534,6.63831582128799e-13,2.46301952792135e-12,0.1410917777782659,8.0,639
Naive respondents,202.14586314306317,-10.048699783745235,473.9999999999998,0.4579803796538687,0.14190880555017898,0.4690288038586376,0.0,640
OLS prediction,212.48295860725705,0.2883956804486445,,,,,,640
EB main,211.27972886263348,-0.9148340641749257,338.4631097863625,9.671748860619886e-09,0.2018576307761536,0.1187574905804077,0.0,640
EB pairwise,211.6476227621162,-0.5469401646921881,311.79219121193034,7.909504321770446e-14,8.998944241810137e-14,0.03964827327539437,0.0,640
EB-offset hybrid: main,211.51701053532238,-0.6775523914860173,337.85827535765327,1.2963281443144314e-09,0.16902187570564137,0.10039293238478433,5.0,640
EB-offset hybrid: pairwise,211.7452070974388,-0.4493558293696083,313.2778031340315,3.2499703114570626e-15,7.046207814503653e-15,0.04062930049417494,2.0,640
Naive respondents,198.31347100300317,-11.745737786012484,487.99999999999955,0.44804753450297646,0.13007318616193603,0.5031629360883234,0.0,641
OLS prediction,211.76072003746992,1.701511248454267,,,,,,641
EB main,209.94964908667913,-0.10955970233652579,328.547961384971,1.553522524765829e-13,0.15992659328297362,0.12713087865497985,0.0,641
EB pairwise,209.33471724738308,-0.7244915416325739,301.0273613398084,2.563741842647687e-12,2.7707606479733115e-12,0.08308869230730052,0.0,641
EB-offset hybrid: main,209.96206252979442,-0.09714625922123332,325.62021881909317,4.2078477677851026e-11,0.13333150183985445,0.11014686379832178,4.0,641
EB-offset hybrid: pairwise,209.37152256018317,-0.6876862288324901,302.00973950857286,4.453354610025883e-09,7.091435644198636e-09,0.08311970339212113,1.0,641
Naive respondents,197.28085693332608,-10.520082490825445,462.9999999999999,0.4353917880134964,0.13803454827934514,0.4747807608400147,0.0,642
OLS prediction,205.8461775695573,-1.95476185459421,,,,,,642
EB main,205.01343250848146,-2.7875069156700647,347.4244728714399,1.040036285405295e-09,0.23147810170371888,0.21319893319037042,0.0,642
EB pairwise,206.05630841665823,-1.7446310074932967,307.62101155128323,4.082082814780573e-09,8.45099853629857e-09,0.12510671908238735,0.0,642
EB-offset hybrid: main,205.34389698152395,-2.457042442627568,341.9345478302922,1.8648107901494978e-10,0.24446448510840654,0.21675213541444815,7.0,642
EB-offset hybrid: pairwise,206.76404541124788,-1.0368940129036446,301.6823606856258,1.6773524225633454e-13,3.3248899948632226e-13,0.1052878427044326,12.0,642
Naive respondents,200.8862714049923,-11.549703941005959,472.9999999999999,0.5069297942629054,0.20171464834338398,0.5444633411853435,0.0,643
OLS prediction,211.5669250764686,-0.8690502695296516,,,,,,643
EB main,209.1820846859441,-3.253890660054168,264.89973984223076,1.7407849315248846e-09,0.47240442659296633,0.22032505428197144,0.0,643
EB pairwise,213.7802486524033,1.3442733064050287,226.92698829453627,1.653255152691671e-14,2.301103375674137e-14,0.05068729961293236,0.0,643
EB-offset hybrid: main,210.40224545939742,-2.033729886600838,274.8144428549185,5.159006118594657e-12,0.3590368552028239,0.17237433498386398,14.0,643
EB-offset hybrid: pairwise,213.39064057169801,0.9546652256997561,209.99937686094015,1.5420358042885695e-09,2.261864605337497e-09,0.04261649328371981,38.0,643
Naive respondents,198.2028553568344,-11.260527085370654,490.99999999999994,0.41597349822596386,0.18390062423596143,0.4677049349422163,0.0,644
OLS prediction,207.9054329911097,-1.5579494510953396,,,,,,644
EB main,206.4794347744853,-2.9839476677197467,359.3378418399828,1.8762118840459308e-13,0.2586500577239713,0.19414408413918102,0.0,644
EB pairwise,208.0119076435022,-1.451474798702833,319.8311484406555,2.5199633149615235e-12,2.9100173636629015e-12,0.09559796597447986,0.0,644
EB-offset hybrid: main,206.9185393311075,-2.544843111097549,366.4608138010064,3.427708901681598e-10,0.24423754687366384,0.18808003124173348,6.0,644
EB-offset hybrid: pairwise,208.41312583716044,-1.0502566050446092,321.5928513784532,1.5198860605375507e-14,1.5927184670501004e-14,0.08963755387771105,16.0,644
Naive respondents,201.82691071823956,-8.500284975718671,517.0000000000002,0.435341754076647,0.1597758005145556,0.4403538262617152,0.0,645
OLS prediction,208.81931094287665,-1.5078847510815763,,,,,,645
EB main,207.80603739683147,-2.5211582971267603,402.0029125978233,1.1728427412428448e-11,0.1831869077822615,0.13493284088645033,0.0,645
EB pairwise,208.41946708037688,-1.9077286135813551,377.52262939450435,5.40353805459741e-13,1.204251325806666e-12,0.07280331017918178,0.0,645
EB-offset hybrid: main,208.3767205263975,-1.9504751675607395,397.7648969728293,1.405168065960265e-10,0.18752453416910136,0.11030871218668734,7.0,645
EB-offset hybrid: pairwise,209.0882124959507,-1.2389831980075314,380.6469962892967,1.7974968443614475e-14,3.051883142316222e-14,0.05761604108612265,7.0,645
Naive respondents,200.7690930461469,-11.243482720369599,487.99999999999955,0.39003337818405664,0.20748393228321574,0.4264526354592224,0.0,646
OLS prediction,212.43644083062853,0.42386506411202163,,,,,,646
EB main,211.45457386857882,-0.558001897937686,365.17563570610696,4.113700164951767e-10,0.1754091545882636,0.09546064507611185,0.0,646
EB pairwise,212.57868307747518,0.566107310958671,336.904720688261,3.918050797169837e-15,5.221325528444677e-15,0.018613986763481066,0.0,646
EB-offset hybrid: main,211.76299958908112,-0.24957617743538663,345.7571820732675,7.842881676842216e-11,0.12216369763653233,0.07007975244606661,9.0,646
EB-offset hybrid: pairwise,212.57595617167422,0.5633804051577158,324.83043612761037,1.4364111681129503e-14,1.703609537451099e-14,0.02431119802797491,17.0,646
Naive respondents,199.21379129300624,-11.57740141972306,509.00000000000017,0.40500783666645396,0.1957223524439492,0.4939786327650493,0.0,647
OLS prediction,206.60974981365257,-4.181442899076728,,,,,,647
EB main,204.5906855283065,-6.200507184422804,402.068545662099,3.411448859325885e-09,0.6218559220482057,0.27772421902144007,0.0,647
EB pairwise,208.2792373576236,-2.511955355105698,336.78358766405523,1.911413771151938e-15,2.1067328457341705e-15,0.11961882896145405,0.0,647
EB-offset hybrid: main,207.52334744394648,-3.267845268782821,402.38167628545625,2.3789260978553898e-11,0.32343185631900573,0.17662437887635615,12.0,647
EB-offset hybrid: pairwise,209.04719069565132,-1.7440020170779746,352.31571385125045,3.102385498008433e-14,5.399153098649094e-14,0.10246519834454311,5.0,647
Naive respondents,200.59527792114253,-7.493737862972495,498.0000000000003,0.4066932999027386,0.20824443462474237,0.41056805659482776,0.0,648
OLS prediction,206.68235320026122,-1.4066625838538016,,,,,,648
EB main,205.87856905740009,-2.2104467267149346,418.4944054653867,2.5912853958082774e-09,0.21786521983596116,0.10044859996902346,0.0,648
EB pairwise,206.8222776473242,-1.2667381367908206,396.05701259192193,8.93485711897599e-10,1.1248340809517196e-09,0.04714478051300235,0.0,648
EB-offset hybrid: main,206.52284308261198,-1.5661727015030351,417.50822863149284,4.1919112178786916e-10,0.18715080971666304,0.089509263088867,9.0,648
EB-offset hybrid: pairwise,207.44577186355687,-0.6432439205581488,398.4082342793883,1.523499568057173e-14,1.709405737833277e-14,0.024452078245842862,7.0,648
Naive respondents,200.9542751884067,-9.592784129271678,508.0,0.40920909012027284,0.17957081652937754,0.4405218441906481,0.0,649
OLS prediction,210.6032182343565,0.05615891667810047,,,,,,649
EB main,209.6101445703543,-0.9369147473240957,388.81516628910805,7.476746622972096e-09,0.23615351355403533,0.11494196929111164,0.0,649
EB pairwise,210.59208207885874,0.045022761180348425,365.62010817376864,4.5727251632735967e-10,5.51302751290919e-10,0.01834325377939733,0.0,649
EB-offset hybrid: main,209.98242231319136,-0.5646370044870253,373.08601921942767,6.624518694400368e-10,0.25365807286116737,0.11757382705272362,23.0,649
EB-offset hybrid: pairwise,211.5547262042351,1.0076668865567058,337.7893483778749,6.847969920385728e-13,1.3631735531686379e-12,0.03498830743207514,39.0,649
Naive respondents,201.7783345286413,-9.469613701403858,479.00000000000017,0.48207587294209847,0.20285898418087592,0.4812590170120861,0.0,650
OLS prediction,212.6022673032946,1.3543190732494566,,,,,,650
EB main,211.5801435331297,0.33219530308454637,312.21446861995776,9.534433430171273e-11,0.22580654917823018,0.16920613223984435,0.0,650
EB pairwise,212.80117031225367,1.5532220822085208,273.8665881486473,7.24524369235668e-15,2.112199361337647e-14,0.06941814681042618,0.0,650
EB-offset hybrid: main,211.58076041876663,0.33281218872147633,284.21053487787026,1.1121268066450216e-09,0.19804641970429443,0.13933600750349645,10.0,650
EB-offset hybrid: pairwise,212.41198312945113,1.1640348994059764,248.4257179013647,6.483246799488259e-10,1.4137860791503582e-09,0.061229261560057806,7.0,650
Naive respondents,198.99216689691085,-11.533926682791332,498.0000000000003,0.4591049489792022,0.18900220206831217,0.5080869216426334,0.0,651
OLS prediction,211.07338522997506,0.5472916502728822,,,,,,651
EB main,209.85924175900607,-0.6668518206961096,358.12076922673225,2.761658804660319e-10,0.3045982089419088,0.11474178291694945,0.0,651
EB pairwise,209.48224949562686,-1.0438440840753174,331.34283059195633,4.9535796270157025e-15,6.59215554627494e-15,0.1348262195306432,0.0,651
EB-offset hybrid: main,209.94456798433472,-0.5815255953674523,354.39084708793166,4.270505416448208e-09,0.21613468810598335,0.10320006539216575,10.0,651
EB-offset hybrid: pairwise,209.48224949562686,-1.0438440840753174,331.34283059195633,4.9535796270157025e-15,6.59215554627494e-15,0.1348262195306432,0.0,651
Naive respondents,201.29858945251294,-8.716753899648864,498.0000000000003,0.44389930081134754,0.1705694602518091,0.46462865599688896,0.0,652
OLS prediction,211.36090216367856,1.345558811516753,,,,,,652
EB main,210.20395568869998,0.18861233653817067,369.6519404693399,1.437161734796878e-10,0.25470961048856644,0.14540335047089462,0.0,652
EB pairwise,210.02459463583637,0.009251283674558408,320.1456891422417,2.636476103011679e-11,2.1321334232516746e-11,0.0528342345660211,0.0,652
EB-offset hybrid: main,210.0207163657995,0.005373013637694157,353.863062804954,8.605774245240448e-10,0.16929896095305874,0.10818942977495932,6.0,652
EB-offset hybrid: pairwise,210.03327027262853,0.01792692046672073,323.72791554666463,4.848991480274023e-15,5.0680459966340385e-15,0.05676612721419768,3.0,652
Naive respondents,200.78371003694278,-10.153017581389491,511.0,0.4099502240321938,0.21472435735847936,0.4466353620440278,0.0,653
OLS prediction,208.69441789353803,-2.2423097247942394,,,,,,653
EB main,207.3048996019662,-3.6318280163660575,383.4451813750846,1.5801326382337848e-15,0.38097707663509844,0.18201783488872372,0.0,653
EB pairwise,209.91353197958338,-1.0231956387488879,303.2583622955753,1.1234528170665005e-15,2.8227334655744163e-15,0.03724422760839018,0.0,653
EB-offset hybrid: main,208.9118603245551,-2.024867293777163,384.8628313002292,3.130752961101331e-09,0.29563874593575357,0.14457024071920935,11.0,653
EB-offset hybrid: pairwise,210.72604366027392,-0.21068395805835394,316.362055590238,4.407123052869342e-15,3.3110926919111093e-15,0.0144385251416175,6.0,653
Naive respondents,200.95299994775476,-9.9614584765105,494.9999999999998,0.42696504664319695,0.16568329875316315,0.4629563673755639,0.0,654
OLS prediction,209.33529575406646,-1.579162670198798,,,,,,654
EB main,208.71494838119116,-2.199510043074099,370.39118720974733,1.6867319749582946e-10,0.3162517318054129,0.19975838874751198,0.0,654
EB pairwise,211.0411280662386,0.1266696419733364,325.3218662660677,6.09307776308704e-11,6.920646996456881e-11,0.05362458624696726,0.0,654
EB-offset hybrid: main,209.3176341290584,-1.5968242952068579,360.80130091134095,2.1547241455748584e-11,0.2702442420349066,0.15974978873828155,7.0,654
EB-offset hybrid: pairwise,211.39671385068468,0.4822554264194139,319.4686660376067,2.329637027415654e-09,4.1916453459577824e-09,0.03902439534415566,17.0,654
Naive respondents,199.20523034890135,-11.763292453058256,468.99999999999983,0.412046310824886,0.12718262814430387,0.4809889809863787,0.0,655
OLS prediction,209.55531075811297,-1.4132120438466416,,,,,,655
EB main,208.29834115506668,-2.670181646892928,361.58288001516644,2.4699682502649986e-10,0.19049746635918188,0.16506877936277722,0.0,655
EB pairwise,208.40106365451086,-2.5674591474487443,335.8807681423347,7.959102255952662e-13,1.32213225308359e-12,0.15996416392594856,0.0,655
EB-offset hybrid: main,208.62939300975984,-2.3391297921997705,365.4991237815897,3.4070305008778915e-09,0.17238710051417175,0.15533876887216377,3.0,655
EB-offset hybrid: pairwise,208.96632745716667,-2.0021953447929377,337.4718181089228,1.4273191766528714e-13,4.500264854973681e-13,0.13196876628999846,5.0,655
Naive respondents,201.52012647820305,-7.820846789210435,520.9999999999999,0.40699816145022266,0.13069711240569445,0.409367086564816,0.0,656
OLS prediction,208.2338862192673,-1.1070870481461839,,,,,,656
EB main,206.5014087966503,-2.839564470763179,400.6707093550315,1.1845208045789947e-14,0.31975495339260646,0.15926999637652633,0.0,656
EB pairwise,208.00864100044836,-1.3323322669651247,387.9995842398911,8.893728902945377e-10,2.482331914562621e-09,0.09250785738246059,0.0,656
EB-offset hybrid: main,207.29521880693065,-2.04575446048284,413.5130404812395,1.4178324642959049e-10,0.1991473511611901,0.13193455640266463,6.0,656
EB-offset hybrid: pairwise,208.00864100044836,-1.3323322669651247,387.9995842398911,8.893728902945377e-10,2.482331914562621e-09,0.09250785738246059,0.0,656
Naive respondents,197.94814516240956,-11.018917282170406,490.99999999999994,0.46818046420292003,0.23075186766741038,0.5073514464427082,0.0,657
OLS prediction,208.74214833394402,-0.22491411063595024,,,,,,657
EB main,206.7993835021074,-2.167678942472577,323.56481508809856,8.734919371921424e-09,0.15080775992200107,0.11636031363783934,0.0,657
EB pairwise,208.09589477039236,-0.8711676741876033,302.02892559224813,1.243768738719694e-12,1.8580106588963073e-12,0.028679884355319377,0.0,657
EB-offset hybrid: main,207.3167099456024,-1.6503524989775542,338.31303062566536,1.9738203005407294e-10,0.17843210077092211,0.11859255193037369,8.0,657
EB-offset hybrid: pairwise,208.09589477039236,-0.8711676741876033,302.028925592248,1.243735752884286e-12,1.8580102094422273e-12,0.02867988435531938,0.0,657
Naive respondents,197.68058542269762,-11.932238685133939,479.99999999999983,0.4401444004246976,0.12517277310823727,0.4983434485257532,0.0,658
OLS prediction,208.49309170251863,-1.1197324053129307,,,,,,658
EB main,207.53520747149287,-2.077616636338689,346.7936283007334,1.1659984523599269e-09,0.21607701472290247,0.1810521210652069,0.0,658
EB pairwise,207.3866363584758,-2.226187749355745,317.79341780981116,1.1320818199355162e-10,1.25269585022931e-10,0.17902703017709862,0.0,658
EB-offset hybrid: main,208.10041833219358,-1.5124057756379727,337.87761367574484,1.4000328591036275e-09,0.1759871921992757,0.18086620139705809,12.0,658
EB-offset hybrid: pairwise,207.97045296142738,-1.642371146404173,318.2013169779081,1.0922936567005916e-15,8.910469233287537e-16,0.16705286346640566,8.0,658
Naive respondents,201.12108407603614,-8.995472453388174,505.9999999999996,0.3963860351125063,0.12961535582687275,0.4117993178878398,0.0,659
OLS prediction,210.9108768228275,0.7943202934031888,,,,,,659
EB main,209.9980930595217,-0.11846346990262191,393.9270321251911,4.777382029325753e-11,0.22444288633178072,0.11874311621869517,0.0,659
EB pairwise,210.2832675271843,0.1667109977599921,355.96548142631895,3.9386539561170667e-13,4.4884531091613726e-13,0.030962683680041972,0.0,659
EB-offset hybrid: main,210.05965973594573,-0.056896793478586005,385.8080734632006,2.5251676488012497e-10,0.18743988021310032,0.10662616421996017,8.0,659
EB-offset hybrid: pairwise,210.34288117936362,0.22632464993930057,352.4126858804631,1.8727279418457104e-09,2.5411735045142196e-09,0.035615681660050705,6.0,659
Naive respondents,196.66300935409262,-11.522057501508641,527.9999999999997,0.4445979970904172,0.23023098239507628,0.4846478686195111,0.0,660
OLS prediction,208.99592141672056,0.8108545611192994,,,,,,660
EB main,207.6710143707803,-0.5140524848209509,347.3941279365954,4.804824954840528e-09,0.28304058137010013,0.1496946900725504,0.0,660
EB pairwise,209.86799256048613,1.682925704884866,293.5663045693061,5.258882664237801e-13,9.758833331526404e-13,0.05417255288734323,0.0,660
EB-offset hybrid: main,207.68785867442722,-0.4972081811740452,332.88146406768345,1.6205548858102568e-09,0.26882628440926776,0.13248800724570697,5.0,660
EB-offset hybrid: pairwise,209.58629839172428,1.4012315361230208,279.83354246894555,5.905516865284097e-15,1.1410001131588417e-14,0.04547084644978654,5.0,660
Naive respondents,199.4242714102061,-10.355025603956506,504.0000000000002,0.4463113009622627,0.17690040565923204,0.47763651517682554,0.0,661
OLS prediction,208.3668458768494,-1.4124511373132123,,,,,,661
EB main,207.1694049033334,-2.6098921108292075,367.5695054795685,8.501852861493608e-10,0.2010197155615657,0.17602690019587025,0.0,661
EB pairwise,207.21637384482293,-2.5629231693396832,351.9818871891159,4.129064441178173e-14,5.291339878099569e-14,0.14565217658932017,0.0,661
EB-offset hybrid: main,207.85524957202324,-1.9240474421393685,375.1542501365876,3.082525343035202e-11,0.14934408465670587,0.15005839330948426,7.0,661
EB-offset hybrid: pairwise,207.44660909635513,-2.332687917807476,351.62584268875247,1.7248591305863922e-15,2.2336557070041825e-15,0.13737190526856397,3.0,661
Naive respondents,200.23916879015277,-10.298208211755309,482.9999999999999,0.4825892016102436,0.1339146544132379,0.49507402400824524,0.0,662
OLS prediction,209.97367037273145,-0.5637066291766359,,,,,,662
EB main,208.9107069587035,-1.6266700432045695,328.60707522561955,8.194312014952382e-09,0.17142473632798216,0.1773449538089462,0.0,662
EB pairwise,209.53208762261917,-1.0052893792889108,303.1989249490046,1.9798029199673864e-10,4.315621386679408e-10,0.10846297182524635,0.0,662
EB-offset hybrid: main,209.42086729498297,-1.1165097069251146,326.4049522252931,1.0845261469920172e-09,0.1468644611789133,0.1592768093858308,10.0,662
EB-offset hybrid: pairwise,210.0396542226823,-0.49772277922579633,298.4606370190382,3.1372353525565354e-15,3.362239023191556e-15,0.106516590806243,15.0,662
Naive respondents,201.9903425924587,-8.306147230003603,500.99999999999994,0.46125241013400736,0.18818030734691418,0.4742215188193948,0.0,663
OLS prediction,209.56178156258076,-0.7347082598815291,,,,,,663
EB main,208.41245714905685,-1.884032673405443,376.5621268729493,9.899556344642979e-09,0.320818519840031,0.17217063646719913,0.0,663
EB pairwise,210.78639556550334,0.4899057430410494,319.82450857004625,2.927910094698085e-14,5.558458473341359e-14,0.04537242197600692,0.0,663
EB-offset hybrid: main,209.07757519479435,-1.2189146276679423,375.5583169912909,8.142011752968483e-11,0.2795330452893375,0.14043199878096882,6.0,663
EB-offset hybrid: pairwise,210.9048251433259,0.6083353208636026,320.2647785303762,9.171232214514257e-10,1.0845560822711707e-09,0.044127362041105456,3.0,663
Naive respondents,198.7951788605892,-11.819800001484623,500.99999999999994,0.4377286429602551,0.24351842784939665,0.48576007442588015,0.0,664
OLS prediction,210.24157075445493,-0.3734081076189,,,,,,664
EB main,209.19953250534522,-1.4154463567286086,357.2555659617171,3.4196563917000328e-09,0.22197182116393385,0.18135958384858855,0.0,664
EB pairwise,210.9581600151576,0.3431811530837763,333.28749014379144,8.802733325128305e-10,6.31515713754347e-10,0.06632426459037405,0.0,664
EB-offset hybrid: main,209.9340291395641,-0.6809497225097232,330.51890290209167,5.1499130326481664e-12,0.16687904656823666,0.11546591210600651,20.0,664
EB-offset hybrid: pairwise,210.9280664140424,0.31308755196857874,319.75199771201056,8.684614284408633e-15,9.196369884009352e-15,0.054985302032518536,7.0,664
Naive respondents,201.5840275110795,-9.146499011576282,518.0,0.43599776168573723,0.18150607361984503,0.4480546605361518,0.0,665
OLS prediction,209.41490826567636,-1.315618256979434,,,,,,665
EB main,208.04198663386978,-2.6885398887860106,354.55912049001216,1.2625468032185281e-14,0.33252228000188466,0.21312894796913023,0.0,665
EB pairwise,210.09928639781128,-0.6312401248445099,281.7757436056642,2.9684715641150174e-14,2.90408890483313e-14,0.07669301662196536,0.0,665
EB-offset hybrid: main,208.43727702751093,-2.293249495144863,352.5693961889499,3.761906768942326e-09,0.28834571295926364,0.1838133678872849,4.0,665
EB-offset hybrid: pairwise,210.32071699578677,-0.40980952686902583,285.726257638207,9.959205767243935e-15,7.158502415929917e-15,0.0724433537575326,10.0,665
Naive respondents,200.5007528493355,-8.173984963256572,519.0,0.4375661650024448,0.1162506907672105,0.4411880516492722,0.0,666
OLS prediction,207.704380901195,-0.9703569113970616,,,,,,666
EB main,206.86904817190356,-1.805689640688513,418.8080638009921,3.625413532282871e-10,0.14067212034796256,0.11005889511313265,0.0,666
EB pairwise,206.63816504582977,-2.036572766762305,396.55195264998696,5.252070442960555e-10,6.650523923297332e-10,0.11840547818537041,0.0,666
EB-offset hybrid: main,207.04125611721273,-1.633481695379345,419.52297931313933,4.3818479301671864e-12,0.1366004977257642,0.11282467012103302,4.0,666
EB-offset hybrid: pairwise,206.7180667971569,-1.9566710154351767,395.19033402737034,9.386221109400119e-15,1.1176185133995244e-14,0.12388949752776947,4.0,666
Naive respondents,201.33194458966355,-9.182974198521606,500.0000000000005,0.42615876452320123,0.1757123240773557,0.44818067159590647,0.0,667
OLS prediction,209.4259802052399,-1.0889385829452465,,,,,,667
EB main,208.06082390363565,-2.454094884549505,376.35092896064657,1.7507329726980364e-15,0.4449382623005533,0.2516363108974809,0.0,667
EB pairwise,211.2663659615074,0.7514471733222479,291.6889505845939,1.3850555989006073e-12,1.3414181947346767e-12,0.06726300108408283,0.0,667
EB-offset hybrid: main,208.69193197604955,-1.8229868121356105,369.70814018249564,5.573161270499665e-09,0.36967411733395705,0.22715755273608598,13.0,667
EB-offset hybrid: pairwise,210.53838305586862,0.023464267683465323,261.4111042997088,9.442295055026778e-16,1.9237679701451923e-15,0.07043605711602727,55.0,667
Naive respondents,201.13655250525602,-10.970303860209441,517.0000000000002,0.4694656441626169,0.20195714076259363,0.5003287475101736,0.0,668
OLS prediction,211.61613586118276,-0.49072050428270586,,,,,,668
EB main,210.7271988476865,-1.379657517778952,374.45222027153153,7.822639347505791e-11,0.2183578074919388,0.16777959832122316,0.0,668
EB pairwise,211.5871079555246,-0.5197484099408598,326.47489758855187,1.3823671908711678e-14,3.3697210860969906e-14,0.057252396135502745,0.0,668
EB-offset hybrid: main,211.19316113340886,-0.9136952320565968,351.43575658400357,6.900082089520404e-10,0.16656029989030244,0.14107717003970194,10.0,668
EB-offset hybrid: pairwise,211.61947324933735,-0.4873831161281146,318.55457874978555,1.5127465370831458e-14,1.6807098815660563e-14,0.06739185243785986,10.0,668
Naive respondents,201.59076537807314,-9.068239952497578,537.0000000000003,0.4032276600907006,0.14611369882537517,0.4065463854734549,0.0,669
OLS prediction,211.13079241071404,0.47178708014331505,,,,,,669
EB main,210.15590238069785,-0.5031029498728685,383.9181321857603,2.1864075270886315e-15,0.20928616948638176,0.1376533943698309,0.0,669
EB pairwise,211.4128124174423,0.7538070868715749,347.6581953911482,3.558116139573284e-15,4.862544240085634e-15,0.03491482212366833,0.0,669
EB-offset hybrid: main,210.28810585211195,-0.37089947845876736,380.3726372181414,1.0948059714706118e-09,0.19025241151861733,0.12657774752391143,4.0,669
EB-offset hybrid: pairwise,211.39581680556762,0.7368114749968981,341.9503223817179,2.1357097284274644e-15,2.868162943742343e-15,0.030208598621340666,6.0,669
Naive respondents,199.75059360163414,-8.810188269880939,519.0,0.44867534809336035,0.21139453809304604,0.48154858621819585,0.0,670
OLS prediction,206.0825873607279,-2.4781945107871763,,,,,,670
EB main,205.41858884374747,-3.142193027767604,399.5881982573067,7.088191145861797e-10,0.4433467634697421,0.2585061199240354,0.0,670
EB pairwise,208.5329530456798,-0.027828825835285897,314.1486395721651,8.436860962331413e-10,1.834699133810596e-09,0.06640002560605117,0.0,670
EB-offset hybrid: main,205.61505694320715,-2.945724928307925,398.6226429019503,2.3910762997532193e-12,0.4305115238889725,0.25625551630432875,5.0,670
EB-offset hybrid: pairwise,209.05370863524976,0.4929267637346868,310.5151889393941,5.368000561970618e-15,5.071112125949897e-15,0.0475663559867488,22.0,670
Naive respondents,198.49460775977764,-9.711948540760574,510.0,0.44102381372604466,0.16783919833905478,0.458951061566934,0.0,671
OLS prediction,206.7410217980351,-1.4655345025031181,,,,,,671
EB main,206.10026875535584,-2.1062875451823686,379.8069772629114,9.9601028153596e-09,0.24450891009009182,0.1672944663946968,0.0,671
EB pairwise,207.1607625616767,-1.045793738861505,338.2421598001569,4.486692105407182e-14,4.369588310955644e-14,0.08608927725460032,0.0,671
EB-offset hybrid: main,206.63659599256073,-1.5699603079774818,378.18377429116936,1.2193035005151619e-11,0.19920478731105093,0.15205098552654756,8.0,671
EB-offset hybrid: pairwise,207.73619526580646,-0.47036103473175217,345.9988443377413,6.126928422940387e-11,8.411547944664713e-11,0.06183783567211712,11.0,671
Naive respondents,200.68938425126794,-9.06271527330864,487.99999999999955,0.4782822382450273,0.20192237155410406,0.4936529677969844,0.0,672
OLS prediction,209.4475775513421,-0.30452197323447194,,,,,,672
EB main,207.65781908761582,-2.0942804369607586,346.0817898297893,1.465744643252516e-11,0.38409937999543575,0.1452215431018803,0.0,672
EB pairwise,211.26107236256286,1.5089728379862777,288.00360622556735,9.526282657461009e-12,4.830157548582939e-12,0.057790962844962,0.0,672
EB-offset hybrid: main,208.53045395126983,-1.2216455733067448,344.85276041668453,1.255908351466339e-10,0.31861364576262297,0.1112377975750859,10.0,672
EB-offset hybrid: pairwise,211.82472555645953,2.0726260318829475,285.4602748398795,2.9623793205342616e-13,8.074997100266883e-13,0.0917212677961808,24.0,672
Naive respondents,200.06260147849324,-10.214149262558948,482.9999999999999,0.426228918957112,0.19259469323377915,0.4559300579817663,0.0,673
OLS prediction,209.96905369284332,-0.30769704820886545,,,,,,673
EB main,208.640527842011,-1.6362228990411722,362.9119147531068,1.9065387750234263e-11,0.28245619784313253,0.15108887490988954,0.0,673
EB pairwise,208.783201265956,-1.493549475096188,341.18819290056655,1.3602221864665523e-14,1.194743165367912e-14,0.15547978972746823,0.0,673
EB-offset hybrid: main,209.1110986617848,-1.1656520792673746,359.9204595428827,7.52086363279968e-09,0.19088712467067015,0.1285615011472292,12.0,673
EB-offset hybrid: pairwise,209.3790574536364,-0.897693287415791,325.3381039950497,2.4732921181084438e-14,4.768325534391301e-14,0.11736290620076165,24.0,673
Naive respondents,198.3918978413301,-11.182553004612174,489.99999999999994,0.3979167230336037,0.1782908686491587,0.44970545876275564,0.0,674
OLS prediction,209.01517645383643,-0.5592743921058343,,,,,,674
EB main,207.91768122273282,-1.656769623209442,380.11913554764124,1.7076905339030002e-09,0.19775594671687421,0.11529529108964204,0.0,674
EB pairwise,207.32541007374985,-2.2490407721924157,362.54758503126186,2.2043363975874008e-15,2.379498288119796e-15,0.15915693296871367,0.0,674
EB-offset hybrid: main,207.97701501936635,-1.5974358265759179,380.52778254250524,1.3407839386926016e-10,0.18310236368936336,0.11461881759785761,2.0,674
EB-offset hybrid: pairwise,207.61745488426357,-1.9569959616787003,365.7297631809067,6.910687461512103e-15,8.640772082691489e-15,0.15897223475672378,6.0,674
Naive respondents,197.81942333229406,-10.863089696882668,486.99999999999966,0.42109197503338486,0.2239729238903485,0.4599126569168449,0.0,675
OLS prediction,207.48368102504313,-1.1988320041336067,,,,,,675
EB main,206.61013735552336,-2.0723756736533687,360.6585414451552,9.934863139864573e-16,0.2748781927481605,0.14965663219697442,0.0,675
EB pairwise,208.6581234122909,-0.02438961688582708,319.2444306496776,3.6425624921596994e-12,6.473570864097331e-12,0.026852503544130085,0.0,675
EB-offset hybrid: main,207.06853944456023,-1.6139735846165024,345.30124177774593,1.3417592855826953e-15,0.31721660678126756,0.147686093346381,17.0,675
EB-offset hybrid: pairwise,209.28987338639746,0.6073603572207276,273.44892778008386,2.736690457594439e-13,6.261810746256124e-13,0.023089855691797997,28.0,675
Naive respondents,197.21936692814677,-11.882538074107174,484.0,0.4277474741976799,0.23291032132417228,0.47990322153563914,0.0,676
OLS prediction,208.0864153704078,-1.015489631846151,,,,,,676
EB main,207.2491316617633,-1.8527733404906428,346.4834290658005,4.6125752039045565e-10,0.30624201571142307,0.20959332602940534,0.0,676
EB pairwise,209.21909527439493,0.11719027214098787,278.11095434044864,6.844981506016809e-11,1.7789570222721828e-10,0.051364320190599305,0.0,676
EB-offset hybrid: main,207.19054405874536,-1.9113609435085834,347.1875316893528,5.364521591750418e-10,0.32285498209404306,0.21588570606123916,2.0,676
EB-offset hybrid: pairwise,210.3442827168859,1.2423777146319708,251.63348677120058,1.8031529053255814e-13,1.9517700818769625e-13,0.04527062242746903,63.0,676
Naive respondents,200.472175650078,-9.152672409530851,510.0,0.4164720271438915,0.18164585330052763,0.4301316857484694,0.0,677
OLS prediction,209.40841362317727,-0.21643443643156957,,,,,,677
EB main,208.5345886867539,-1.0902593728549448,392.0910341262653,2.6310021544824784e-15,0.2207313804592934,0.14120865002015873,0.0,677
EB pairwise,209.49687105896868,-0.1279770006401577,364.8220002670166,1.6255621661407549e-10,3.954333224904744e-10,0.07922616273589685,0.0,677
EB-offset hybrid: main,208.77592919546368,-0.8489188641451619,393.01712385145754,3.124449757228102e-09,0.19472181645350714,0.13131772762322672,4.0,677
EB-offset hybrid: pairwise,209.54336419737038,-0.08148386223845705,365.82155324275334,2.4962088676334845e-15,5.015717674208927e-15,0.07939626697941993,3.0,677
Naive respondents,200.53452147571448,-8.123693889185347,505.00000000000034,0.43793524831470076,0.2120172242181632,0.44351188380848217,0.0,678
OLS prediction,209.40076729500964,0.742551930109812,,,,,,678
EB main,208.49870281178173,-0.15951255311810542,376.8910899509409,1.520737873187534e-10,0.2104241882398783,0.11647948791755942,0.0,678
EB pairwise,209.36604242866747,0.7078270637676383,320.3108414087275,1.1332353433699753e-14,1.1529822063573071e-14,0.02299066648272234,0.0,678
EB-offset hybrid: main,208.55244567075408,-0.10576969414574933,340.5374142846285,2.269171678698752e-10,0.13778613546356253,0.07655375305172202,12.0,678
EB-offset hybrid: pairwise,209.3650948981766,0.7068795332767763,317.6597319936312,1.985406941177135e-16,7.702738732557942e-16,0.02258571186780408,2.0,678
Naive respondents,198.13837641109689,-10.688048108143448,514.0,0.4492297432158699,0.1786882684878265,0.49972482931364864,0.0,679
OLS prediction,207.26637274545774,-1.5600517737825896,,,,,,679
EB main,205.5784843401687,-3.247940179071634,361.97811469027937,1.5944792400491645e-15,0.3486270760404319,0.19420934460505793,0.0,679
EB pairwise,207.3973393974145,-1.4290851218258354,336.82413793949337,1.1941843664242756e-09,4.613145862986352e-09,0.08447152589177848,0.0,679
EB-offset hybrid: main,207.3076308352096,-1.518793684030726,352.1992554033721,5.114635530406065e-15,0.14496507378868267,0.14211906411502553,21.0,679
EB-offset hybrid: pairwise,208.03263504734932,-0.7937894718910172,330.3200430213478,1.809260800055407e-11,4.0877843515838283e-11,0.08169249329488003,14.0,679
Naive respondents,200.4067049832548,-9.819032517511118,520.9999999999999,0.4096292718666447,0.18612110712007507,0.437911255553366,0.0,680
OLS prediction,209.01752664300002,-1.2082108577658914,,,,,,680
EB main,208.36548940703352,-1.8602480937323946,398.8458752654904,2.0385547612249466e-13,0.24223155342910366,0.19230598981642846,0.0,680
EB pairwise,208.16747525671144,-2.0582622440544753,367.45941566470066,9.436035967200926e-16,9.399761468358805e-16,0.20381709935262848,0.0,680
EB-offset hybrid: main,208.72874192389298,-1.4969955768729335,388.47661072425706,3.6327708111532707e-09,0.2737904208906581,0.17011593758722504,4.0,680
EB-offset hybrid: pairwise,208.43643048735427,-1.7893070134116442,362.20641883772083,3.151396269884948e-15,4.560490216402291e-15,0.18657815700369093,6.0,680
Naive respondents,200.96901809912646,-10.02297372822423,474.9999999999996,0.4406661675128968,0.23595381370955196,0.4638960241880307,0.0,681
OLS prediction,208.8859340534195,-2.106057773931184,,,,,,681
EB main,208.14032396643566,-2.851667860915029,359.32660387493195,3.2444010189102504e-15,0.2084669894586246,0.19649099715547963,0.0,681
EB pairwise,209.62777458701802,-1.364217240332664,326.4661106688827,1.4036799600025849e-15,2.0431338620888522e-15,0.08807625444024793,0.0,681
EB-offset hybrid: main,208.44917993430138,-2.542811893049304,355.83139981687924,1.575218442029276e-09,0.24347845034536275,0.19451470635883064,8.0,681
EB-offset hybrid: pairwise,210.66232995433438,-0.3296618730163061,304.38663092127484,6.051382941322856e-14,8.283604082392863e-14,0.05484380140541421,36.0,681
Naive respondents,202.69508804838276,-9.319729173609659,494.9999999999998,0.4452749870059252,0.2483289596531047,0.45756580504305283,0.0,682
OLS prediction,210.42743583550384,-1.5873813864885733,,,,,,682
EB main,209.33269474361302,-2.682122478379398,345.97619201937385,7.811647408554322e-09,0.536072985938002,0.22413016925677653,0.0,682
EB pairwise,213.85319462322877,1.8383774012363574,197.29106749140584,1.5397161728807776e-15,2.7175784541924133e-15,0.0636121951601754,0.0,682
EB-offset hybrid: main,210.34500225903722,-1.6698149629552006,337.82403209799605,5.709943410821697e-13,0.5150928168077773,0.19117575305495665,19.0,682
EB-offset hybrid: pairwise,214.54817522242,2.5333580004275973,170.906065408155,2.8018273541627765e-13,3.0104991420692896e-13,0.10856159235071161,100.0,682
Naive respondents,201.30794709382656,-10.04340228774285,492.0000000000003,0.41337400177209593,0.21424085673746246,0.4333919017190284,0.0,683
OLS prediction,212.2488513607009,0.8975019791315049,,,,,,683
EB main,211.20445624137247,-0.1468931401969371,364.4577471112252,9.274070904794615e-10,0.11256955474822872,0.1011734813119204,0.0,683
EB pairwise,210.97718163226517,-0.3741677493042346,348.8963598315286,5.075785469472355e-10,5.100327187574576e-10,0.08774821167764746,0.0,683
EB-offset hybrid: main,211.0463978462901,-0.30495153527931507,350.3283210620293,8.47896123430557e-11,0.0922888907903366,0.09570768676705016,4.0,683
EB-offset hybrid: pairwise,211.01336265047567,-0.33798673109373567,339.7121249051859,4.042578153383977e-09,3.076532312317964e-09,0.07837607355992589,4.0,683
Naive respondents,202.28039282200933,-9.176440887411076,501.99999999999955,0.4376758407058719,0.13165870115480993,0.43860869127654356,0.0,684
OLS prediction,212.5528453341868,1.0960116247663905,,,,,,684
EB main,211.46271631382675,0.005882604406338032,361.9936764325746,1.231675604805133e-10,0.1637959161282451,0.11796620201619296,0.0,684
EB pairwise,211.71107141707213,0.2542377076517255,334.2856752638307,4.1610357241708593e-10,6.228841117547624e-10,0.05780493256604365,0.0,684
EB-offset hybrid: main,211.60961367030697,0.1527799608865621,337.8043068290324,4.286208386898083e-10,0.13313577310334587,0.10189957035820651,9.0,684
EB-offset hybrid: pairwise,211.8718773302438,0.41504362082338275,321.35099040091933,3.946316758439392e-09,4.231569244948449e-09,0.050472867317055525,6.0,684
Naive respondents,200.4759911121154,-7.90184854410046,509.00000000000017,0.38358471563879215,0.16667516881150374,0.3909187514856002,0.0,685
OLS prediction,208.52192830554284,0.14408864932698862,,,,,,685
EB main,207.7116801919853,-0.6661594642305602,399.89140982747097,4.653829290432138e-15,0.1668985257372454,0.1140724477002383,0.0,685
EB pairwise,207.56121558884155,-0.8166240673743062,379.1646100798707,3.817402306866052e-15,3.127682854870422e-15,0.09344454939237005,0.0,685
EB-offset hybrid: main,207.6978599198704,-0.6799797363454445,397.9069882771773,6.2627011762597975e-12,0.15062748427397246,0.10417917654112399,2.0,685
EB-offset hybrid: pairwise,207.6298946192491,-0.7479450369667688,378.11779801432453,3.859626500093598e-16,6.703219324232905e-16,0.09031690053573915,4.0,685
Naive respondents,200.65654501862204,-9.889125754913579,500.0000000000005,0.3766636454950122,0.24718527623801906,0.40593891585053754,0.0,686
OLS prediction,208.8835475489523,-1.6621232245833255,,,,,,686
EB main,207.89259126808594,-2.653079505449682,402.8470141866827,2.9716039959424258e-15,0.29495775736257307,0.15144802359680964,0.0,686
EB pairwise,209.368841085016,-1.176829688519632,356.69096159265337,2.605636842048241e-12,1.2387604075952874e-11,0.0435594240368757,0.0,686
EB-offset hybrid: main,208.29629843820845,-2.249372335327166,406.04753900229605,4.415321153217464e-09,0.2773656227429462,0.14996044196984445,8.0,686
EB-offset hybrid: pairwise,209.8684825939811,-0.6771881795545198,345.7900316721736,2.451955811513632e-14,3.6794895496061924e-14,0.022622523567283715,34.0,686
Naive respondents,199.00851259951284,-10.50132256842204,508.0,0.3795364210033632,0.14319000302790064,0.4328578780642091,0.0,687
OLS prediction,209.13603951742692,-0.37379565050795804,,,,,,687
EB main,208.2079261848885,-1.3019089830463884,395.003262674052,7.855334561730644e-11,0.1915893257991639,0.17744355914666884,0.0,687
EB pairwise,208.95538038916155,-0.5544547787733336,364.2139793351997,2.342337088977242e-09,2.930218256058398e-09,0.0872536719121966,0.0,687
EB-offset hybrid: main,208.43640969427145,-1.073425473663434,382.15914499262874,1.521023709739096e-09,0.14706886471994673,0.1511980474077538,7.0,687
EB-offset hybrid: pairwise,209.12757327905373,-0.3822618888811462,360.30283291781257,1.5106722201847445e-09,4.8287939241380255e-09,0.07953654120307156,7.0,687
Naive respondents,201.02874174387225,-8.608518723744481,523.0000000000001,0.4124726433703481,0.15147024551225524,0.41251766890921177,0.0,688
OLS prediction,209.47420812964566,-0.16305233797106666,,,,,,688
EB main,208.7789226135539,-0.8583378540628246,396.8591280239548,7.854079300927626e-11,0.2964249744776391,0.17381858282788556,0.0,688
EB pairwise,210.5709651593607,0.9337046917439693,350.8629373859665,4.467849915709442e-11,4.733562027194978e-11,0.05447414985707679,0.0,688
EB-offset hybrid: main,209.07093762638212,-0.5663228412346086,374.6620908325893,1.1570608857830789e-10,0.31561468915620694,0.14455276181792245,11.0,688
EB-offset hybrid: pairwise,210.38480382867567,0.7475433610589448,306.37446397029044,9.545187034936346e-14,1.8186172859322233e-13,0.04466736215365511,57.0,688
Naive respondents,200.12824856592414,-9.913103995063693,514.0,0.3877657366497103,0.18665931319872872,0.41925637848541475,0.0,689
OLS prediction,209.06150609222144,-0.9798464687663966,,,,,,689
EB main,208.5449868958642,-1.4963656651236192,411.0395082500792,3.813083187671902e-09,0.19594757226064313,0.15100541952592986,0.0,689
EB pairwise,209.23205179484998,-0.8093007661378522,382.6357141109525,6.963268357722141e-15,2.392356185024001e-14,0.0641962475342086,0.0,689
EB-offset hybrid: main,209.03141143287775,-1.0099411281100856,393.1213174803075,2.100887531679871e-10,0.18448172307413058,0.11968310275507908,13.0,689
EB-offset hybrid: pairwise,209.81256406297572,-0.22878849801210777,379.65744063553365,2.291385894685694e-15,2.9818162030406453e-15,0.043552255820762116,12.0,689
Naive respondents,199.36770331241493,-9.695645437012331,482.0000000000001,0.43497158038044126,0.2176660333704862,0.4720696866884935,0.0,690
OLS prediction,206.59949453424878,-2.463854215178486,,,,,,690
EB main,205.05551825758567,-4.007830491841588,359.83173821890983,5.5722914704106275e-15,0.29234427832734317,0.19895161980995743,0.0,690
EB pairwise,206.6437712961411,-2.4195774532861662,340.71101947056695,4.989936763457457e-15,4.019058268135935e-15,0.09902191088976786,0.0,690
EB-offset hybrid: main,205.96401981841646,-3.0993289310108025,371.79290103862587,1.4572597984714208e-14,0.22168071459732558,0.1645121942315169,4.0,690
EB-offset hybrid: pairwise,206.79657314805954,-2.2667756013677263,341.6772186195852,1.423862186976454e-15,2.5270082227279523e-15,0.09510224708491373,4.0,690
Naive respondents,198.2560871858123,-11.472921941224655,503.00000000000017,0.4204748024974003,0.20045168209446795,0.4692153564429873,0.0,691
OLS prediction,209.03164568837735,-0.6973634386596075,,,,,,691
EB main,208.60352048619606,-1.1254886408408993,364.68184358869905,7.09846990730092e-11,0.17726769941268947,0.1781643684299011,0.0,691
EB pairwise,209.90430708337584,0.17529795633888057,325.338445049207,3.303614105998776e-09,4.160059869246264e-09,0.08456826512164062,0.0,691
EB-offset hybrid: main,209.10653012719803,-0.6224789998389326,327.3430400523899,5.0987264855789184e-11,0.13594764191669886,0.13888195714978901,13.0,691
EB-offset hybrid: pairwise,209.8874417813548,0.15843265431783493,299.21762200496374,1.2144680993417029e-14,1.6494564237638137e-14,0.08427976652938501,9.0,691
Naive respondents,199.4972652384438,-10.064996038172353,485.0000000000001,0.46743954988069736,0.17341795074061597,0.4823977511978155,0.0,692
OLS prediction,208.25239191485127,-1.3098693617648678,,,,,,692
EB main,207.20535272709816,-2.356908549517982,351.6844027468154,1.1283999355116248e-09,0.25804031275929906,0.20793389592416395,0.0,692
EB pairwise,208.16756755840217,-1.394693718213972,303.98149904027906,1.9908284098409912e-14,1.626983636862e-14,0.118561713531913,0.0,692
EB-offset hybrid: main,207.91315148451042,-1.649109792105719,333.2476347535126,5.25877540708073e-10,0.18017713855112907,0.16584573992462798,12.0,692
EB-offset hybrid: pairwise,208.9096225133344,-0.6526387632817432,307.60689184477906,8.454544455299052e-15,9.133780199635821e-15,0.09080061601093721,22.0,692
Naive respondents,201.7733727476733,-10.041801606569322,482.9999999999999,0.43015272686241485,0.23750600565002145,0.4608365392475968,0.0,693
OLS prediction,209.24481158815092,-2.570362766091705,,,,,,693
EB main,207.87627235730554,-3.9389019969370906,388.62119127472505,3.0895025940803013e-13,0.42546074437773884,0.19942627524239726,0.0,693
EB pairwise,210.3005728616484,-1.5146014925942382,367.62703113476334,2.061999786788152e-12,9.210997057686408e-12,0.06865188528089153,0.0,693
EB-offset hybrid: main,209.63560354398604,-2.1795708102565925,384.3769079508756,1.3509603379983564e-09,0.18349673523692775,0.13492021808368063,12.0,693
EB-offset hybrid: pairwise,210.50425648207633,-1.3109178721663,368.47677244211684,2.794920678942124e-15,4.998949964924081e-15,0.06722940720627553,4.0,693
Naive respondents,202.5255959612278,-8.558349224476643,496.9999999999997,0.40143273861365014,0.19965256229228676,0.455161759923727,0.0,694
OLS prediction,209.85711062900057,-1.2268345567038637,,,,,,694
EB main,208.99285350862925,-2.091091677075184,401.33419250072257,4.439624374839047e-11,0.3657823977696313,0.22329933857327794,0.0,694
EB pairwise,211.02457848174734,-0.05936670395709598,339.74089672257963,2.048291020414166e-14,4.747736337326605e-14,0.06964704330193702,0.0,694
EB-offset hybrid: main,209.3304066168301,-1.7535385688743474,386.5716173967193,1.7170922381587406e-09,0.3065351535630069,0.181609295290745,10.0,694
EB-offset hybrid: pairwise,211.59008059932296,0.506135413618523,327.9988023572766,1.4953787184949347e-15,2.259400079335756e-15,0.049840605310222955,14.0,694
Naive respondents,199.8881024205058,-10.549074540448316,503.00000000000017,0.39001885460578073,0.11712047679826187,0.43575318626834,0.0,695
OLS prediction,209.6159580504144,-0.8212189105396988,,,,,,695
EB main,208.90059080383824,-1.5365861571158632,388.0557468924724,9.403608139330944e-09,0.13339543990937283,0.14343518100494954,0.0,695
EB pairwise,208.84977577381397,-1.5874011871401308,367.722277949265,2.5530990485408327e-14,3.863399055728718e-14,0.12936936984536923,0.0,695
EB-offset hybrid: main,209.080994436773,-1.3561825241810936,386.15841613814473,1.4418076674956404e-09,0.1352776010684212,0.13760025275466395,3.0,695
EB-offset hybrid: pairwise,208.96414586191867,-1.4730310990354383,373.6609867797295,1.0687130333614587e-09,1.4273098647117365e-09,0.14055264551648003,6.0,695
Naive respondents,195.99540642557443,-12.10156726423483,479.99999999999983,0.4544911047267958,0.16314846365321145,0.5118414062220438,0.0,696
OLS prediction,206.94330760087527,-1.1536660889339885,,,,,,696
EB main,205.32945655690796,-2.767517132901304,345.7565853317703,4.595832544319927e-11,0.13584319942396386,0.14923638591901128,0.0,696
EB pairwise,205.44486268984147,-2.652110999967789,321.64369581818545,4.571978429744593e-13,7.468348923677914e-13,0.11872934260664407,0.0,696
EB-offset hybrid: main,206.34803205608642,-1.7489416337228363,343.83334792322614,8.418468629979578e-09,0.10751242496243306,0.12085822809476383,8.0,696
EB-offset hybrid: pairwise,206.54105645786666,-1.5559172319426011,325.2560058693554,1.7582572757760697e-15,2.4240814874622738e-15,0.09594938129024928,8.0,696
Naive respondents,202.3982468070217,-7.948001843575867,495.9999999999997,0.4092802341287131,0.10442633731174712,0.4087163007461494,0.0,697
OLS prediction,210.61173890963997,0.2654902590423944,,,,,,697
EB main,209.72099960135512,-0.6252490492424556,385.78901266337743,3.584669954838508e-15,0.20917906229053315,0.08945618237755588,0.0,697
EB pairwise,209.6080849541532,-0.7381636964443601,375.23936937582783,2.509852172284398e-09,5.862473441026468e-09,0.09179914797456465,0.0,697
EB-offset hybrid: main,209.7142340493101,-0.6320146012874659,385.7214379985992,8.104588276473744e-10,0.20346407095256447,0.08916524258107894,1.0,697
EB-offset hybrid: pairwise,209.59173823743564,-0.7545104131619382,375.01212975409265,4.065967406310543e-13,1.0478587702914802e-12,0.09257362865376592,2.0,697
Naive respondents,199.51057842700675,-9.366699690879386,521.9999999999999,0.39039384498519686,0.11597704710638175,0.41607435604141857,0.0,698
OLS prediction,208.98605770479205,0.10877958690591072,,,,,,698
EB main,208.16624550015663,-0.7110326177295008,393.19366859477134,2.2476996643684502e-10,0.17552481122318847,0.1505614549453852,0.0,698
EB pairwise,208.35931586779216,-0.5179622500939729,357.7880335917839,1.8919124476116965e-10,2.9353310379889404e-10,0.0884059715035567,0.0,698
EB-offset hybrid: main,208.20447191546256,-0.6728062024235726,383.6173414695925,3.1516577056865165e-10,0.13679360012824823,0.13063987665766047,6.0,698
EB-offset hybrid: pairwise,208.74397032524413,-0.13330779264200032,361.3672700923912,4.0783995110467447e-14,3.212155794442931e-14,0.08204943872809392,10.0,698
Naive respondents,201.08076907648677,-9.744295086358363,493.99999999999955,0.4405728989998438,0.16779014030177838,0.4474062764285688,0.0,699
OLS prediction,210.78784004378312,-0.03722411906201728,,,,,,699
EB main,209.75192871546923,-1.073135447375904,352.31159479468215,3.1574337896462856e-09,0.17515745912522987,0.13741935890510465,0.0,699
EB pairwise,210.3250700616926,-0.49999410115253795,322.79987297868115,7.995248453255965e-14,7.781014718696463e-14,0.06696401066930048,0.0,699
EB-offset hybrid: main,209.84013611116396,-0.9849280516811802,341.1252792565596,4.228035597254454e-10,0.2003236329502304,0.13258334905252334,10.0,699
EB-offset hybrid: pairwise,210.99120021387256,0.16613605102742213,310.35690701551925,1.1288385117524247e-13,1.663072647323083e-13,0.032374728551105236,16.0,699
Naive respondents,199.73363282589875,-11.340876286365642,482.9999999999999,0.49159216536428474,0.2038925772448309,0.5099010767910687,0.0,700
OLS prediction,213.2981973857983,2.223688273533895,,,,,,700
EB main,211.7460045943007,0.6714954820363062,307.56002882964225,4.339592844709211e-09,0.1069970762526485,0.10607515456548539,0.0,700
EB pairwise,211.70591306024318,0.6314039479787823,296.70765044664483,4.609076514207213e-14,4.2893102688350046e-14,0.07796146403227273,0.0,700
EB-offset hybrid: main,211.9675797000677,0.8930705878032938,284.3989377982072,1.5680460045522764e-09,0.12381987731061303,0.07703328900574406,23.0,700
EB-offset hybrid: pairwise,211.6928378967417,0.6183287844773133,292.37174900918706,4.291377702257647e-15,7.74283057920454e-15,0.08229911261271017,11.0,700
Naive respondents,199.26687566880173,-10.662944677143742,486.00000000000034,0.43712235607865674,0.16511674732402862,0.48532723549544954,0.0,701
OLS prediction,208.96058429658106,-0.9692360493644117,,,,,,701
EB main,207.34243207343582,-2.5873882725096564,337.95056982005707,1.1267327821828838e-11,0.2596416596131558,0.1837686320747322,0.0,701
EB pairwise,208.4393949602586,-1.4904253856868763,269.2263337720247,2.106325059940144e-09,2.5947222933481107e-09,0.07397446981035435,0.0,701
EB-offset hybrid: main,207.60850273770725,-2.3213176082382176,342.1601234911162,9.133412318186661e-09,0.25231306785468016,0.18712858518887923,6.0,701
EB-offset hybrid: pairwise,209.36190165437336,-0.5679186915721175,290.731641648648,1.6838845550194935e-13,6.649027513944236e-14,0.06757695382618327,23.0,701
Naive respondents,201.59408374233348,-9.047026598728934,498.99999999999994,0.43617526024365044,0.2518169032684373,0.4764037499892404,0.0,702
OLS prediction,210.81057713887554,0.16946679781312923,,,,,,702
EB main,209.44640898373285,-1.1947013573295635,372.40634112100474,2.473458666233662e-15,0.206625692698316,0.15255235120474936,0.0,702
EB pairwise,210.45672854899286,-0.18438179206955851,340.2357505158356,7.361118317486233e-10,8.214433866820155e-10,0.0367182623184536,0.0,702
EB-offset hybrid: main,210.0035458992639,-0.6375644417985029,348.46922338821935,7.3993758796362895e-09,0.1406732731908985,0.10264501059637374,18.0,702
EB-offset hybrid: pairwise,210.86170406304097,0.22059372197855964,331.8514432890682,5.9115073183714915e-15,7.639304645709778e-15,0.025267924131332338,8.0,702
Naive respondents,196.9898677362758,-13.76075695592283,525.0000000000006,0.420285087052998,0.21207826493572407,0.4845234824277256,0.0,703
OLS prediction,210.8873400522217,0.13671536002306084,,,,,,703
EB main,208.1390193214745,-2.611605370724135,298.3836264603662,1.509045964858697e-11,0.36801287964096907,0.19034262289922507,0.0,703
EB pairwise,210.93097564862498,0.18035095642633792,310.26989848491104,1.2620693190519716e-15,2.2183823956507885e-15,0.03814001548516347,0.0,703
EB-offset hybrid: main,208.85326517462983,-1.897359517568816,326.6589508372178,3.425530094635288e-11,0.29124759474067974,0.15890247447048908,4.0,703
EB-offset hybrid: pairwise,211.1478567769516,0.39723208475297156,312.16621771411303,8.984880646713748e-15,6.641846394323982e-15,0.0386436153353758,4.0,703
Naive respondents,201.20198718688687,-9.364012729780455,485.0000000000001,0.45595401562617643,0.16977055392820423,0.4648762455098988,0.0,704
OLS prediction,211.25550076057525,0.689500843907922,,,,,,704
EB main,209.36967304491492,-1.1963268717524045,343.1475377603613,2.20975419479141e-09,0.13079378737147646,0.1040328041327147,0.0,704
EB pairwise,209.57615878980044,-0.9898411268668781,327.68294669652363,8.33885350346736e-14,1.0118952408716859e-13,0.04766906040253024,0.0,704
EB-offset hybrid: main,209.71848057606152,-0.8475193406057997,349.41835741550483,3.3173047094025046e-11,0.10568274227767363,0.08438221886544342,5.0,704
EB-offset hybrid: pairwise,209.65708306911972,-0.9089168475476015,328.7837503378673,1.27667535643968e-10,3.7804761725268384e-10,0.045755759104499694,2.0,704
Naive respondents,199.27819595124,-9.098424645119792,505.9999999999996,0.38319971007848946,0.16507216487270326,0.436123311804877,0.0,705
OLS prediction,206.9576082378481,-1.4190123585117078,,,,,,705
EB main,206.2048423275173,-2.171778268842502,401.4072697245921,4.380502481349338e-14,0.13539857351855017,0.16715931362406533,0.0,705
EB pairwise,206.48481725602602,-1.8918033403337802,379.0103480559106,2.285705200442669e-15,2.652618527383605e-15,0.10316452538864955,0.0,705
EB-offset hybrid: main,207.40231293351934,-0.9743076628404594,384.1187761018341,9.431540721487742e-10,0.11208071883453906,0.13102577454613296,22.0,705
EB-offset hybrid: pairwise,207.59007929767074,-0.786541298689059,378.03254784320103,1.276309091020417e-13,1.905048518812321e-13,0.08437830419652305,13.0,705
Naive respondents,200.10045852072983,-10.25937295246132,493.99999999999955,0.44226269454294337,0.12243206856405632,0.4902668601596255,0.0,706
OLS prediction,209.20356506293058,-1.1562664102605709,,,,,,706
EB main,208.0225917566977,-2.337239716493457,360.0889794910572,1.295354935608441e-11,0.37438400185086296,0.2158736606431803,0.0,706
EB pairwise,208.22075383292918,-2.1390776402619736,310.5385377573698,1.0230678806537261e-15,8.364167447175246e-16,0.15544800138204204,0.0,706
EB-offset hybrid: main,207.96511321910936,-2.394718254081795,317.5985465565509,3.1594102745200264e-09,0.24730856138414772,0.20178851082162438,18.0,706
EB-offset hybrid: pairwise,207.98366337008017,-2.3761681031109845,286.73831572307705,7.744562699532631e-16,4.207494956307447e-15,0.20235202429390417,13.0,706
Naive respondents,200.08772512194116,-9.213003587181419,520.9999999999999,0.42768914155143345,0.20182728879853687,0.4431290175695372,0.0,707
OLS prediction,209.63416916100653,0.3334404518839449,,,,,,707
EB main,208.59464424610897,-0.7060844630136103,391.31880990323657,1.8057856914868352e-10,0.1996311789411563,0.12382659812207568,0.0,707
EB pairwise,209.85270915896652,0.5519804498439385,367.47006618609583,1.1344929155090854e-12,2.275291650726151e-12,0.04286475931632688,0.0,707
EB-offset hybrid: main,208.9800832328148,-0.3206454763077886,386.42844851832484,3.8234584992040664e-09,0.20057344272315727,0.11390523729789202,11.0,707
EB-offset hybrid: pairwise,210.19696241015538,0.8962337010327985,363.5087293326404,1.4289575781510448e-12,2.64580780678592e-12,0.03944398949895124,8.0,707
Naive respondents,200.65630353121574,-10.619774512800689,477.9999999999997,0.4121683197002057,0.18748737571160407,0.46387167919225114,0.0,708
OLS prediction,209.87987585007696,-1.396202193939473,,,,,,708
EB main,208.42206071477978,-2.8540173292366546,365.5151017327053,1.4247763831284422e-12,0.3592236164639627,0.18934305746342334,0.0,708
EB pairwise,210.74666869128706,-0.529409352729374,327.4755221222727,9.14185162903242e-11,2.439518749460587e-10,0.05958596696451503,0.0,708
EB-offset hybrid: main,209.47223199290272,-1.8038460511137089,352.1070908042716,3.4977415826215536e-10,0.21775574371521497,0.15342204872426748,11.0,708
EB-offset hybrid: pairwise,210.80665627513847,-0.4694217688779645,327.9634384008541,1.9583543656987336e-13,5.352428588294932e-13,0.05966698034143693,3.0,708
Naive respondents,198.47194075970788,-11.845578776556351,493.99999999999955,0.44870665229881135,0.16405840786703138,0.5105662004619868,0.0,709
OLS prediction,208.1623213642954,-2.1551981719688342,,,,,,709
EB main,206.26250733764095,-4.055012198623274,348.54602657828156,1.9689490319571765e-15,0.12300221648475125,0.19655383065833415,0.0,709
EB pairwise,206.54492642699614,-3.7725931092680867,336.82682818867454,1.0626969807226294e-13,1.9911932194869173e-13,0.16030539952986836,0.0,709
EB-offset hybrid: main,207.0831098508899,-3.2344096853743167,363.8118548126087,1.6724793747998264e-09,0.09867307466326376,0.17320212026461163,9.0,709
EB-offset hybrid: pairwise,207.0974609788726,-3.2200585573916385,345.9618074894803,1.0005627976958638e-09,1.5746272567092304e-09,0.14798733835169306,6.0,709
Naive respondents,200.49004336715998,-10.060475513108031,490.99999999999994,0.5139377565706691,0.18433924653596984,0.530106460479489,0.0,710
OLS prediction,209.809012532414,-0.7415063478540276,,,,,,710
EB main,208.02819247558065,-2.5223264046873624,321.0810101925769,1.2551355194403014e-09,0.20065533451299136,0.16828295184634476,0.0,710
EB pairwise,207.79766312705084,-2.752855753217176,297.336565554606,2.017329043948466e-14,2.17654031828965e-14,0.16567306187582895,0.0,710
EB-offset hybrid: main,209.15802295077853,-1.3924959294894848,332.7702563813018,9.753070121531446e-11,0.17980757715538784,0.13846547449376073,19.0,710
EB-offset hybrid: pairwise,208.79242016922842,-1.7580987110395938,303.70539524029135,2.583425004092016e-13,6.0003536982288e-13,0.1256560359882281,15.0,710
Naive respondents,200.4969465637737,-8.313684487121265,519.9999999999998,0.40863671035167837,0.1585809928694708,0.42013305607674706,0.0,711
OLS prediction,210.56935037896667,1.7587193280717202,,,,,,711
EB main,209.4902163390498,0.6795852881548399,388.47383098449006,5.450067738099226e-11,0.25122025238324425,0.1323278416169001,0.0,711
EB pairwise,210.70376413220697,1.8931330813120155,350.0952505984944,8.719546470099735e-15,8.30018383374106e-15,0.0689832736418608,0.0,711
EB-offset hybrid: main,209.64617671624237,0.8355456653474107,382.0911062444188,9.042029070721938e-10,0.21080023796315386,0.10886155286296155,5.0,711
EB-offset hybrid: pairwise,210.70085794768562,1.890226896790665,348.6404914847067,3.382636966686008e-14,4.3288862095689535e-14,0.06921637513815644,1.0,711
Naive respondents,199.84475948083815,-10.879455804133954,505.9999999999996,0.4419419857049677,0.20225127387735783,0.4568344433009295,0.0,712
OLS prediction,210.9268794843317,0.2026641993595888,,,,,,712
EB main,210.04206856512613,-0.6821467198459743,354.6153032361029,2.3035613298330127e-09,0.13189821575781033,0.140580673619218,0.0,712
EB pairwise,210.36672813753714,-0.35748714743496635,338.8757997383644,3.562149911739773e-10,5.336187537937043e-10,0.09709389393262292,0.0,712
EB-offset hybrid: main,209.87693476752122,-0.8472805174508835,333.5819231285225,2.381591209816082e-10,0.14852729960213681,0.14354486555844437,5.0,712
EB-offset hybrid: pairwise,210.413096068656,-0.31111921631611494,326.09787005637827,2.352489996486345e-15,1.9601392755662716e-15,0.09718581689720862,7.0,712
Naive respondents,200.64196770776408,-9.273730855010967,481.0,0.47585424390652553,0.1537919654811979,0.4798058481850247,0.0,713
OLS prediction,210.7326060105278,0.8169074477527545,,,,,,713
EB main,209.45836377293844,-0.457334789836608,333.96934269363106,6.879296055908298e-14,0.21614589711512622,0.12190466206037245,0.0,713
EB pairwise,209.25070686013916,-0.6649917026358878,302.62738998310584,2.1072764806334585e-09,3.5124460735752515e-09,0.08213087389987807,0.0,713
EB-offset hybrid: main,209.8068414146696,-0.108857148105443,321.17997352305235,1.9102536938901342e-10,0.1762791744110548,0.08153221206670286,12.0,713
EB-offset hybrid: pairwise,209.29519138805495,-0.6205071747201032,305.3125238850441,2.29023017196876e-15,3.535510824051175e-15,0.08603814600219677,6.0,713
Naive respondents,202.4612463919732,-9.237860105974164,482.9999999999999,0.41685491009892195,0.13125536178115074,0.4480463972456209,0.0,714
OLS prediction,211.3456101445347,-0.35349635341265184,,,,,,714
EB main,210.18859250387962,-1.5105139940677361,378.0964977763227,1.640902744902801e-15,0.3725717237424069,0.12776073677352012,0.0,714
EB pairwise,209.58800181854843,-2.1111046793989203,347.824246131197,2.6949723862960787e-09,3.541123996154564e-09,0.14749518589857546,0.0,714
EB-offset hybrid: main,210.52049129313295,-1.178615204814406,377.9026769335652,1.6149037657315143e-09,0.27516117428129194,0.11907348067819999,6.0,714
EB-offset hybrid: pairwise,209.66313015038426,-2.0359763475630928,348.09138216398685,8.950676293347723e-13,4.070843736505631e-12,0.14646609385224788,1.0,714
Naive respondents,201.07293869931468,-8.875896917903646,496.9999999999997,0.4145948513909556,0.22484702761482522,0.4375608494613258,0.0,715
OLS prediction,209.01699398460784,-0.9318416326104852,,,,,,715
EB main,208.32615123748496,-1.6226843797333572,379.2529164200476,7.76538580254187e-10,0.37767193991607634,0.17293891041539045,0.0,715
EB pairwise,211.64568954093988,1.6968539237215623,308.5243011927594,7.542452618373518e-11,6.776634188962236e-11,0.07307520678695381,0.0,715
EB-offset hybrid: main,208.9840867129949,-0.964748904223427,366.5979923650246,1.5640347021441992e-11,0.34806630569886554,0.14795256685376174,22.0,715
EB-offset hybrid: pairwise,211.3917441910967,1.442908573878384,285.6214070436245,8.140490197858117e-16,9.358299844500102e-16,0.07069399251039453,66.0,715
Naive respondents,198.84037470451747,-10.297428199783326,489.99999999999994,0.49004756102057184,0.1449260932845234,0.5031103937416862,0.0,716
OLS prediction,210.93405037622992,1.7962474719291208,,,,,,716
EB main,209.53866740324105,0.4008644989402512,320.98765617784454,2.1133007644726855e-10,0.33069121470995216,0.11928925039386161,0.0,716
EB pairwise,208.07255811613905,-1.065244788161749,281.15222113571986,4.3598662600757355e-11,1.010916087212046e-10,0.14794216786477438,0.0,716
EB-offset hybrid: main,209.3870383606147,0.24923545631389743,311.9419880895283,1.7224232581692264e-09,0.23191862825672713,0.0993955114131111,15.0,716
EB-offset hybrid: pairwise,208.23481368647907,-0.9029892178217267,277.6656058501806,3.641260738131203e-15,5.660766328452058e-15,0.12574618634031207,13.0,716
Naive respondents,200.04664999159522,-9.014699119133212,511.0,0.37222362406590237,0.1753661856747511,0.4088531681442082,0.0,717
OLS prediction,208.43078952898827,-0.6305595817401581,,,,,,717
EB main,207.29888275597767,-1.7624663547507566,398.9259173843996,1.1632377994786527e-14,0.3100575155529651,0.1672068708558675,0.0,717
EB pairwise,209.57915852322276,0.51780941249433,338.51964603458765,1.9717977646728107e-15,2.746692371197677e-15,0.030992430940920166,0.0,717
EB-offset hybrid: main,208.00606370954532,-1.055285401183113,398.4897058864237,2.539677155230088e-09,0.2536806071978832,0.13309984773126643,8.0,717
EB-offset hybrid: pairwise,209.84575476956348,0.7844056588350554,340.17021347243997,4.399237682442159e-09,3.6999786838213323e-09,0.030326245829522702,16.0,717
Naive respondents,199.72744268070466,-9.862509723097645,489.99999999999994,0.4556990248397403,0.13538039131154067,0.46036131589626866,0.0,718
OLS prediction,210.53211169573402,0.9421592919317163,,,,,,718
EB main,208.940180405355,-0.6497719984473065,330.74966286143115,7.176673668498305e-15,0.1716356910078193,0.12248528392698121,0.0,718
EB pairwise,209.17975321703923,-0.4101991867630659,307.56048602670114,3.930441936735678e-09,4.911629862379225e-09,0.06923840324146283,0.0,718
EB-offset hybrid: main,208.95830233540946,-0.6316500683928439,332.0224511563833,6.24331761132894e-10,0.1689608901076671,0.1245100348189817,2.0,718
EB-offset hybrid: pairwise,209.2180031410528,-0.3719492627494958,310.44515006461086,2.831714999939332e-15,2.189196284052761e-15,0.0743679111882468,6.0,718
Naive respondents,200.84748145058762,-9.24125676014566,487.99999999999955,0.4363387024574487,0.13155784140338267,0.46522302634228985,0.0,719
OLS prediction,208.64191501457913,-1.4468231961541562,,,,,,719
EB main,207.55779859833865,-2.530939612394633,370.8850039746048,3.9270270635103e-14,0.25245723953895416,0.13622986533737677,0.0,719
EB pairwise,209.19763757134933,-0.89110063938395,351.3692499964287,4.342034891737808e-15,8.030657372847335e-15,0.03601361309186502,0.0,719
EB-offset hybrid: main,208.07032539796472,-2.0184128127685597,373.57295560391515,5.742927086091036e-10,0.21244176550269198,0.12355692326456484,6.0,719
EB-offset hybrid: pairwise,209.15670788228545,-0.9320303284478371,351.49530123535135,3.72379655639561e-15,5.4119009229610715e-15,0.04193366330075971,5.0,719
Naive respondents,197.64181883496624,-10.739794566891163,494.9999999999998,0.45904059872009145,0.1598189690342888,0.4893133430642897,0.0,720
OLS prediction,208.46144041445547,0.07982701259805935,,,,,,720
EB main,206.95494880054252,-1.426664601314883,338.6752402393548,3.0903389250597036e-13,0.1827425248566306,0.11674676393051035,0.0,720
EB pairwise,208.10210621151177,-0.2795071903456403,317.3736383846039,3.067347791351361e-11,5.631021627219026e-11,0.009592107698398715,0.0,720
EB-offset hybrid: main,207.1816223735829,-1.1999910282744963,342.0340284977365,2.810033615317895e-09,0.15098543227193514,0.10590218851633947,5.0,720
EB-offset hybrid: pairwise,208.10210621151177,-0.2795071903456403,317.3736383846039,3.067347791351361e-11,5.631021627219026e-11,0.009592107698398715,0.0,720
Naive respondents,199.09591875902655,-10.008200861505145,526.9999999999998,0.4111830084856815,0.20671805226976603,0.4481246683693305,0.0,721
OLS prediction,208.86778302994156,-0.23633659059012757,,,,,,721
EB main,207.7271660947955,-1.3769535257361838,390.1771111518344,1.94610477708416e-15,0.270822074614017,0.15217845685024953,0.0,721
EB pairwise,209.3783117681591,0.27419214762741717,331.0289172617894,2.0216716757194103e-14,5.302239374233259e-14,0.022409358188854776,0.0,721
EB-offset hybrid: main,208.59190070189157,-0.5122189186401158,376.65693066799804,6.697398626483983e-11,0.21607421536962362,0.1123444918548585,20.0,721
EB-offset hybrid: pairwise,210.02027149785846,0.9161518773267687,348.5044233646098,2.320531067277192e-15,2.9744707356195692e-15,0.03173060231983115,13.0,721
Naive respondents,200.1191783816305,-10.06896255188741,509.00000000000017,0.4428928734842517,0.13754357626856756,0.4626612131771427,0.0,722
OLS prediction,210.15060340846924,-0.0375375250486627,,,,,,722
EB main,208.93624788774713,-1.251893045770771,369.5496383869371,2.435022658745899e-13,0.21809250399579602,0.1266144580310672,0.0,722
EB pairwise,208.79183870941722,-1.3963022241006797,348.01658835857927,2.0639852577162515e-15,2.456302286383469e-15,0.1433100231400393,0.0,722
EB-offset hybrid: main,208.99797381925703,-1.1901671142608734,370.59364506076486,1.2596188800886283e-10,0.21577980578459863,0.12603009055926695,1.0,722
EB-offset hybrid: pairwise,208.79183870941722,-1.3963022241006797,348.01658835857927,2.0639852577162515e-15,2.456302286383469e-15,0.1433100231400393,0.0,722
Naive respondents,200.43495126308187,-9.677366204763103,513.0000000000001,0.44374126200415875,0.21761731995654163,0.4719372156833138,0.0,723
OLS prediction,209.10974564604146,-1.0025718218035138,,,,,,723
EB main,208.30778363402237,-1.8045338338226031,393.3261763026369,4.0505819975771715e-09,0.2318561350055423,0.15731545935423846,0.0,723
EB pairwise,209.10227277323443,-1.0100446946105421,356.4151817378341,4.1866072402175586e-14,5.527174665188978e-14,0.0614980655455811,0.0,723
EB-offset hybrid: main,208.82852680654648,-1.2837906612984966,388.7799628389485,1.571208059204302e-09,0.1951950642819185,0.13653640841086948,8.0,723
EB-offset hybrid: pairwise,209.9109071687258,-0.20141029911917485,352.98194315970784,1.0401974092662792e-09,1.6730844045029524e-09,0.04210314400397376,14.0,723
Naive respondents,198.24244127758564,-10.73407150294608,493.99999999999955,0.42976816878556723,0.1790109837765065,0.45913277021476995,0.0,724
OLS prediction,208.22001833869484,-0.7564944418368782,,,,,,724
EB main,206.74796044915217,-2.2285523313795466,347.8707232480683,1.342046708076899e-13,0.32815876918537845,0.1773219177521547,0.0,724
EB pairwise,209.05463155211515,0.0781187715834335,307.6157668120525,3.474586122050538e-13,5.984089153917054e-13,0.05168629980325327,0.0,724
EB-offset hybrid: main,207.55447637936652,-1.422036401165201,345.0435543532053,1.008095133002441e-09,0.24416951916742824,0.1476503995212385,11.0,724
EB-offset hybrid: pairwise,209.27339239052623,0.29687960999450524,310.2691655977588,3.1351254489239757e-09,9.361975714582678e-09,0.048913820315871034,7.0,724
Naive respondents,198.4173000237546,-11.426355005728936,505.9999999999996,0.4041350524925858,0.21484361579868633,0.47171561112727073,0.0,725
OLS prediction,206.54173059205633,-3.3019244374272034,,,,,,725
EB main,204.29706975946493,-5.546585270018596,355.50755819266334,7.930717118665815e-15,0.8856382030451422,0.2966578752122997,0.0,725
EB pairwise,209.9542231848965,0.11056815541297738,276.0986653271229,1.2998544675606742e-13,1.459098468731179e-13,0.09157341253963537,0.0,725
EB-offset hybrid: main,206.1090912818811,-3.7345637476024365,357.2062611692146,3.560566025403371e-15,0.6416398004130335,0.22275757184715772,7.0,725
EB-offset hybrid: pairwise,210.74692467690886,0.9032696474253328,287.13958755940337,1.776514354118208e-13,5.162215606187489e-13,0.07871755128111653,22.0,725
Naive respondents,198.67005035921963,-10.224782284452118,531.0,0.3814219450847626,0.11651218187458738,0.42035841391810763,0.0,726
OLS prediction,207.11308244635893,-1.7817501973128174,,,,,,726
EB main,206.07179003412367,-2.8230426095480823,421.57867098558313,1.382760991567482e-13,0.23241505498803047,0.17056466974172982,0.0,726
EB pairwise,207.77590532697053,-1.1189273167012175,385.9696347562454,4.1595817671338764e-16,7.706878772334243e-16,0.060556940209849655,0.0,726
EB-offset hybrid: main,206.21670295219707,-2.6781296914746804,424.42977120253113,2.116964455141863e-10,0.22291088280822421,0.1675776718839443,1.0,726
EB-offset hybrid: pairwise,207.77590532697053,-1.1189273167012175,385.9696347562454,4.1595817671338764e-16,7.706878772334243e-16,0.060556940209849655,0.0,726
Naive respondents,200.6391543855201,-9.719362870065993,484.0,0.38171328405944566,0.14903878605546825,0.4389080183564838,0.0,727
OLS prediction,209.03320534409548,-1.3253119114906156,,,,,,727
EB main,208.37113118359767,-1.9873860719884249,381.35125381997585,5.077232344978955e-11,0.22834494973130157,0.22507154142646169,0.0,727
EB pairwise,209.76564698827434,-0.5928702673117527,345.99929630307753,5.003827734618709e-10,8.165811370120376e-10,0.1074197934334147,0.0,727
EB-offset hybrid: main,208.83503719529412,-1.5234800602919734,366.9773499956215,1.5662871021824959e-10,0.19361313587411594,0.19429859956144374,10.0,727
EB-offset hybrid: pairwise,209.72032722270154,-0.6381900328845518,339.10734710544386,4.148647166369445e-14,6.240115278841807e-14,0.10861565956246255,11.0,727
Naive respondents,198.7437355480436,-9.391261153121519,485.0000000000001,0.4544623588386048,0.16265008905675257,0.47140433502575024,0.0,728
OLS prediction,208.7186147783221,0.5836180771569843,,,,,,728
EB main,207.40928873369475,-0.7257079674703562,350.64384000270076,2.3669001365322166e-15,0.24848300292993142,0.1291574663057255,0.0,728
EB pairwise,207.2467739428856,-0.888222758279511,301.67587972330745,7.873104721350746e-13,1.134377465557486e-12,0.04073307346921847,0.0,728
EB-offset hybrid: main,207.99464354082536,-0.14035316033974254,347.3637597424285,1.8250001433080508e-09,0.20269908712253287,0.10699587494150122,9.0,728
EB-offset hybrid: pairwise,207.46171429043352,-0.6732824107315878,309.9151189709168,6.6870190064137095e-15,6.987700870374664e-15,0.05644749805468074,7.0,728
Naive respondents,201.38216656622984,-8.356794237859049,517.0000000000002,0.43889852080523795,0.16875237273335858,0.4392421974326042,0.0,729
OLS prediction,209.32429256582517,-0.41466823826371524,,,,,,729
EB main,208.30323618435892,-1.4357246197299673,390.75708208383753,4.4770277309749544e-11,0.15599574195182572,0.13811658252097128,0.0,729
EB pairwise,208.50518646093613,-1.23377434315276,369.61480611568015,2.1130674520697812e-15,4.748440517669905e-15,0.09407596565805657,0.0,729
EB-offset hybrid: main,208.43607956192702,-1.3028812421618738,394.6048637075368,3.336579050607805e-09,0.1427354169076644,0.1335372327922348,2.0,729
EB-offset hybrid: pairwise,208.45973819352625,-1.2792226105626412,368.40448444177633,8.751137938256726e-16,1.9607805731579007e-15,0.09248228642097375,3.0,729
Naive respondents,201.0704573482707,-9.562531409892415,494.9999999999998,0.42714529891686875,0.17694752033102437,0.4461569631545639,0.0,730
OLS prediction,210.19360007586474,-0.4393886822983859,,,,,,730
EB main,209.16717622816353,-1.4658125299995959,381.022543797178,4.22334689819724e-10,0.21093208268520333,0.1490694694617836,0.0,730
EB pairwise,209.83216978754265,-0.8008189706204689,353.58294215391703,2.1545649945451282e-10,2.3525062110727913e-10,0.07148190117808415,0.0,730
EB-offset hybrid: main,209.43425618063858,-1.198732577524538,377.5114188009328,6.268537114677148e-10,0.2172797823732597,0.14836274781706071,7.0,730
EB-offset hybrid: pairwise,210.65940774360817,0.026418985445047838,350.862766276167,3.2208272579609746e-13,8.724065888285638e-13,0.05517750972010965,18.0,730
Naive respondents,201.3624321303466,-7.9896468959005915,529.0000000000003,0.40084380745798964,0.18647559613573442,0.4056042488390488,0.0,731
OLS prediction,208.12378021059618,-1.2282988156510157,,,,,,731
EB main,207.03808385217698,-2.3139951740702145,424.924954186763,9.15610864243542e-15,0.4283391441303915,0.16692945702271123,0.0,731
EB pairwise,209.79750271151113,0.4454236852639326,368.8927407941212,1.337502749131678e-10,1.1991168655947675e-10,0.029219780459876683,0.0,731
EB-offset hybrid: main,207.46932496853847,-1.8827540577087234,422.1001146781993,4.587794239822056e-11,0.3756175287054119,0.14096850168772176,4.0,731
EB-offset hybrid: pairwise,209.87847818005227,0.5263991538050732,368.18704931696124,2.896233665758768e-10,8.233808944692513e-10,0.028631366501071395,3.0,731
Naive respondents,202.08024516410148,-9.748072957009782,466.9999999999997,0.4619167957323887,0.24067151293601477,0.49729874072700764,0.0,732
OLS prediction,212.487115382968,0.6587972618567335,,,,,,732
EB main,210.9691568488403,-0.859161272270967,328.4811020316488,9.080939816234744e-15,0.23340753154151972,0.14156821593432142,0.0,732
EB pairwise,211.28568793500415,-0.5426301861071181,297.17852176117947,1.291139213574796e-12,1.7408357627015114e-12,0.08778078682271238,0.0,732
EB-offset hybrid: main,211.1644767133463,-0.663841407764977,332.4254590277771,1.2311584248824243e-11,0.21970653536982693,0.14310039230468133,5.0,732
EB-offset hybrid: pairwise,211.4804355607026,-0.3478825604086637,296.57773249205087,5.649787329591888e-10,9.380585147020399e-10,0.08131661849058683,9.0,732
Naive respondents,198.41468256099358,-11.923365388789165,475.99999999999983,0.4346614998070672,0.2592721407421754,0.49931158536483283,0.0,733
OLS prediction,209.1738481770501,-1.164199772732644,,,,,,733
EB main,208.48507986882885,-1.8529680809539002,323.74698569131,5.064055665467602e-09,0.36913952155451973,0.22966270771935576,0.0,733
EB pairwise,211.85741811866106,1.5193701688783108,254.5241941320486,4.695395708360161e-11,9.328623056941775e-11,0.05370273568493647,0.0,733
EB-offset hybrid: main,209.07862031270295,-1.2594276370797957,307.3800447921872,1.432507260615317e-09,0.3503075330989831,0.19013545485525402,17.0,733
EB-offset hybrid: pairwise,212.06240924930367,1.7243612995209219,230.32250132987846,3.402133007314357e-13,4.3380545288675986e-13,0.06446668722874739,81.0,733
Naive respondents,201.34070078693853,-8.957728570331597,485.0000000000001,0.43419056891989527,0.10593562755217711,0.46093187491684623,0.0,734
OLS prediction,208.55206037017643,-1.746368987093689,,,,,,734
EB main,207.3448305122629,-2.9535988450072352,372.8239501511348,5.549895042534264e-12,0.278717937280617,0.20385338670301956,0.0,734
EB pairwise,208.14913314484,-2.14929621243013,330.7077228472493,8.710967436357788e-14,2.1137734395151722e-13,0.10151897464536624,0.0,734
EB-offset hybrid: main,208.03927333742098,-2.2591560198491436,376.7948192934606,3.3720641128610406e-15,0.20988638059463965,0.17744256139530065,7.0,734
EB-offset hybrid: pairwise,209.05750955100137,-1.2409198062687494,331.11114793161863,7.673822631132927e-12,1.2272460807675997e-11,0.07467163767818641,10.0,734
Naive respondents,201.56859556583626,-10.185060151893964,486.99999999999966,0.4495864906830756,0.21938480847496783,0.4703013846764553,0.0,735
OLS prediction,211.1015296836703,-0.6521260340599326,,,,,,735
EB main,208.8221708169241,-2.9314849008061117,328.63466973511504,7.181606079504035e-16,0.5871424941206544,0.15895804605832664,0.0,735
EB pairwise,212.83644262528665,1.0827869075564251,284.38998575212423,5.006653780951056e-15,9.53994647415482e-15,0.04452628263006266,0.0,735
EB-offset hybrid: main,210.55541880600626,-1.198236911723967,336.64993028441,2.1111194745166584e-10,0.351337807705277,0.11373124171609524,20.0,735
EB-offset hybrid: pairwise,213.32603917068113,1.572383452950902,287.4193625606223,9.657058756784173e-15,6.074144736528023e-15,0.06928239537032865,22.0,735
Naive respondents,200.52381372145587,-9.611688911729686,530.0,0.38269874265501486,0.23372102656567673,0.4273096425405721,0.0,736
OLS prediction,206.3719595177026,-3.763543115482946,,,,,,736
EB main,205.76762016118323,-4.3678824720023215,429.3512743593312,9.966966129726391e-09,0.4342511547005765,0.25424498225754083,0.0,736
EB pairwise,207.59069346108993,-2.5448091720956256,359.2209146026237,1.6666528320442066e-10,5.262509976085666e-10,0.137458902331957,0.0,736
EB-offset hybrid: main,206.3110847281842,-3.8244179050013543,428.16529729426,1.375071214505585e-15,0.38081172127027285,0.2484903620606521,5.0,736
EB-offset hybrid: pairwise,208.28666795118687,-1.8488346819986816,368.8368524845853,5.213038498564338e-10,1.1338081421519637e-09,0.13091657125003667,9.0,736
Naive respondents,200.52251897095104,-9.650932398068079,501.99999999999955,0.4203034263149731,0.11910473621105364,0.4489199483206686,0.0,737
OLS prediction,209.26515713449857,-0.9082942345205538,,,,,,737
EB main,208.34271055444665,-1.830740814572465,380.2809226477983,7.728783566792855e-15,0.1074162745548206,0.13136947204687288,0.0,737
EB pairwise,208.63486811355023,-1.5385832554688932,368.4785211715068,1.5974574989567865e-09,2.800021399279967e-09,0.09786157211751643,0.0,737
EB-offset hybrid: main,208.4518313356087,-1.7216200334104315,380.58279027235085,1.4703628511506378e-09,0.10487963747762057,0.1256294535401305,2.0,737
EB-offset hybrid: pairwise,209.03144087249584,-1.1420104965232838,369.0588669940031,1.636642286570727e-09,3.1327107677028023e-09,0.08550654833598956,7.0,737
Naive respondents,201.0072717476504,-10.567566181844796,485.0000000000001,0.43430219914666324,0.22114470971809755,0.46098609910884475,0.0,738
OLS prediction,210.62566212890093,-0.9491758005942756,,,,,,738
EB main,209.67548959160814,-1.8993483378870621,349.4989802247274,6.176866684755352e-09,0.2741536245726369,0.16957780593049587,0.0,738
EB pairwise,210.97498150654175,-0.5998564229534509,281.28995397532566,2.0209242038430826e-09,2.6876748101790464e-09,0.04653370359637097,0.0,738
EB-offset hybrid: main,210.38617421505882,-1.1886637144363874,330.14969153497503,5.027397324704202e-10,0.23125390672168022,0.15488346066993158,14.0,738
EB-offset hybrid: pairwise,211.71709712498236,0.14225919548715638,286.12854830342604,1.287082261655449e-14,1.5442391461327306e-14,0.033624722382461045,10.0,738
Naive respondents,202.10293666775257,-8.107285496328217,517.0000000000002,0.3847553280059911,0.13019030435596965,0.40118157467464066,0.0,739
OLS prediction,209.27398381685646,-0.9362383472243323,,,,,,739
EB main,208.856385378406,-1.3538367856747868,420.1645746862404,1.171172022195111e-11,0.2172698661162672,0.13327187840587687,0.0,739
EB pairwise,209.45682180158576,-0.7534003624950287,384.9807560895991,2.6435288428873477e-15,1.987926687881374e-15,0.05733489895802761,0.0,739
EB-offset hybrid: main,208.8477339317978,-1.362488232282999,419.15230552451584,1.5965790705191837e-09,0.22474895345834817,0.13694858755791803,2.0,739
EB-offset hybrid: pairwise,209.5159797677376,-0.694242396343185,384.3894806938432,2.1965204851659625e-14,2.969504044292714e-14,0.05711491517087604,1.0,739
Naive respondents,200.7564131435609,-8.81628089036306,511.0,0.43075593829895964,0.2089029460640481,0.44306940568145753,0.0,740
OLS prediction,210.02544167873356,0.45274764480959107,,,,,,740
EB main,208.82228162009818,-0.750412413825785,401.04115204575857,2.1520575092316406e-09,0.11806785668323376,0.055770993905786145,0.0,740
EB pairwise,209.1625021455162,-0.410191888407752,389.3393816624004,1.5818153026579732e-12,2.0081208598550264e-12,0.02116291028811001,0.0,740
EB-offset hybrid: main,208.82228162009818,-0.750412413825785,401.04115204575857,2.1520575092316406e-09,0.11806785668323376,0.055770993905786145,0.0,740
EB-offset hybrid: pairwise,209.28352508178605,-0.2891689521379135,389.7966753678761,1.4780600922680242e-13,1.8135768616172125e-13,0.0182472251467782,3.0,740
Naive respondents,198.5718823039971,-10.071956701776827,509.00000000000017,0.43854391242701424,0.19079637051906628,0.46934360904433114,0.0,741
OLS prediction,209.3113122765315,0.6674732707575686,,,,,,741
EB main,207.47906753974644,-1.1647714660275028,368.2826371512046,1.4049048683036904e-12,0.3215710074178522,0.12268609479191159,0.0,741
EB pairwise,209.86917065753883,1.2253316517648898,353.1793580897688,4.155729708114412e-14,3.6657424584317535e-14,0.03987993221008274,0.0,741
EB-offset hybrid: main,207.59470780250885,-1.049131203265091,370.2023063851592,1.7845091513561016e-09,0.30929983945306255,0.12222950548481218,2.0,741
EB-offset hybrid: pairwise,209.845939949608,1.2021009438340684,350.7788991812904,5.039685549159626e-14,9.03714380488208e-14,0.04187774321455895,13.0,741
Naive respondents,200.040795885111,-10.690272587927382,517.0000000000002,0.4375189088319395,0.1731073833853095,0.4809625333629218,0.0,742
OLS prediction,210.4037134854071,-0.32735498763128135,,,,,,742
EB main,208.78950417810051,-1.9415642949378764,378.49819862970617,2.537278135570051e-09,0.30323356251572015,0.10393708859499394,0.0,742
EB pairwise,208.14208598751242,-2.5889824855259747,366.18606418912117,1.9596459237961945e-11,4.9495471685544945e-11,0.17014218884883772,0.0,742
EB-offset hybrid: main,209.07347439008393,-1.6575940829544606,382.8120868337532,3.818983735585245e-15,0.26448600544313483,0.10003208463431905,5.0,742
EB-offset hybrid: pairwise,208.21620007316753,-2.5148683998708634,367.7529696948091,2.5998845696376493e-14,6.170167447946763e-14,0.1793275255188611,6.0,742
Naive respondents,198.9496536858461,-10.664652669551174,503.00000000000017,0.44843074759415774,0.23200373922048712,0.47912461416193775,0.0,743
OLS prediction,208.51336580367905,-1.1009405517182245,,,,,,743
EB main,207.55611853943708,-2.0581878159601956,364.71533314325745,2.3605187544910796e-09,0.32314119192548607,0.1812745737181519,0.0,743
EB pairwise,210.35027730907075,0.7359709536734726,307.88267970973453,6.144112470561786e-11,4.872162356626915e-11,0.031481887232895515,0.0,743
EB-offset hybrid: main,207.60644791266054,-2.007858442736733,358.07235805535214,3.034219954283125e-09,0.3420300608535802,0.17797272571299277,7.0,743
EB-offset hybrid: pairwise,210.49329641432297,0.8789900589256945,303.0481442769527,8.42616167986404e-15,7.096921049513652e-15,0.03532796878148058,20.0,743
Naive respondents,202.81693275899474,-5.9753180976514955,534.0000000000002,0.34255427519528536,0.11794148033249234,0.34709503865067337,0.0,744
OLS prediction,207.56695241336436,-1.225298443281872,,,,,,744
EB main,207.02881278698908,-1.7634380696571554,465.7614075451458,1.4854660446838825e-09,0.11208369715153202,0.11709556641623407,0.0,744
EB pairwise,207.1576200543511,-1.6346308022951348,438.44152997856884,2.5928888639670953e-12,3.0455499067477796e-12,0.07359908346720097,0.0,744
EB-offset hybrid: main,207.17753068446746,-1.614720172178778,467.75495752261565,6.812249508700878e-09,0.11000180345239702,0.11541492870243371,3.0,744
EB-offset hybrid: pairwise,207.41845646631597,-1.3737943903302607,439.53250833677924,6.307741993142062e-15,6.324312247966534e-15,0.07054157053579403,4.0,744
Naive respondents,201.39732492062697,-9.334485209753382,516.0,0.4051494203056151,0.0824859700574272,0.42959867913117206,0.0,745
OLS prediction,211.0283167255205,0.2965065951401584,,,,,,745
EB main,209.95702427484156,-0.774785855538795,394.50348192267677,2.5215613372377468e-15,0.19026375019860053,0.11089894214530989,0.0,745
EB pairwise,210.18802083424364,-0.5437892961367083,366.25455099470537,2.6925032838870063e-12,3.700569151945075e-12,0.05016202379025692,0.0,745
EB-offset hybrid: main,210.11464855316635,-0.6171615772140058,396.7128190276911,3.100984605948584e-10,0.18036680122845505,0.10477505692954506,2.0,745
EB-offset hybrid: pairwise,210.18802083424364,-0.5437892961367083,366.25455099470537,2.6925032838870063e-12,3.700569151945075e-12,0.05016202379025692,0.0,745
Naive respondents,200.36579602214385,-9.961503603970243,473.9999999999998,0.4803416751598764,0.21986489892145913,0.5089585484972315,0.0,746
OLS prediction,210.43784739043463,0.11054776432052904,,,,,,746
EB main,209.12380642175205,-1.2034932043620472,325.70760009056977,2.13636834491471e-15,0.26395150911713605,0.1624117157756621,0.0,746
EB pairwise,211.1677139656309,0.8404143395167978,275.2810661565429,2.5156178419570124e-12,2.400471550647141e-12,0.04704699975642947,0.0,746
EB-offset hybrid: main,209.29608259081607,-1.0312170352980274,325.83710587717377,4.447080393388377e-09,0.26234014101252734,0.15289327764036487,2.0,746
EB-offset hybrid: pairwise,211.3827769753076,1.0554773491934952,270.5112928550228,3.467061713133657e-15,3.3724398560089883e-15,0.06535329515736409,23.0,746
Naive respondents,199.34794413623132,-10.970083478724632,523.0000000000001,0.41892631916131173,0.11779884026255134,0.45822131946927963,0.0,747
OLS prediction,209.6508739615713,-0.6671536533846449,,,,,,747
EB main,208.39881243377937,-1.9192151811765825,381.0645529937423,7.427749848636158e-14,0.26624798999403565,0.18366123319887126,0.0,747
EB pairwise,209.99164291840634,-0.32638469654961,360.3213576027569,1.487160650778678e-11,1.7940262051640424e-11,0.07892505302060836,0.0,747
EB-offset hybrid: main,208.39881243377937,-1.9192151811765825,381.0645529937423,7.427749848636158e-14,0.26624798999403565,0.18366123319887126,0.0,747
EB-offset hybrid: pairwise,210.20690420241405,-0.11112341254190028,349.7368603582228,4.248883546990114e-14,8.500220703950786e-14,0.07641601734456087,13.0,747
Naive respondents,197.3976479552043,-10.11704995169515,510.0,0.4182545575531176,0.1608878417236792,0.4456192823957665,0.0,748
OLS prediction,206.8576919886521,-0.6570059182473358,,,,,,748
EB main,205.97018223888435,-1.5445156680150944,394.3376803557742,2.1986539429998892e-10,0.17348137071867165,0.13694681737596368,0.0,748
EB pairwise,206.58452966366133,-0.9301682432381142,364.11660950650236,1.0128468967455921e-10,1.377056125830307e-10,0.06815922888148924,0.0,748
EB-offset hybrid: main,206.27836454974488,-1.2363333571545638,393.2181922112902,6.015187833530679e-10,0.18339283512962506,0.14335680955497315,6.0,748
EB-offset hybrid: pairwise,207.07569603112665,-0.4390018757727887,360.22145478861705,4.850423913021399e-09,7.631862542301902e-09,0.06610264486901564,9.0,748
Naive respondents,201.3736081133233,-9.148233792891716,505.00000000000034,0.40122443951601805,0.17351077370392723,0.4300713193537675,0.0,749
OLS prediction,210.02187735204976,-0.49996455416524554,,,,,,749
EB main,209.0419209671677,-1.4799209390473038,377.63398536292567,1.1630449088258732e-11,0.133509601301221,0.1335596575803998,0.0,749
EB pairwise,209.352615811507,-1.1692260947079944,357.8897238438666,2.96484890476059e-12,6.773519869745271e-12,0.06570509486482398,0.0,749
EB-offset hybrid: main,209.27522679694462,-1.2466151092703797,380.0200011072267,1.7299754590815647e-09,0.10719502905665171,0.11622509654305634,6.0,749
EB-offset hybrid: pairwise,209.47079747161533,-1.0510444345996746,359.4140364300429,1.0479396558536163e-14,1.2415766396082346e-14,0.06791395344711222,5.0,749
Naive respondents,198.77025162104823,-10.740535642716651,493.99999999999955,0.45358302578982446,0.15862207732563258,0.4917488679269752,0.0,750
OLS prediction,208.30178937532526,-1.208997888439626,,,,,,750
EB main,207.16451775211542,-2.346269511649467,362.8023325880523,8.578348400619438e-14,0.5425580868729876,0.20018225189775424,0.0,750
EB pairwise,210.73585014147787,1.2250628777129862,294.3877438399834,2.307606592377169e-12,4.482287900748536e-12,0.05283925232836281,0.0,750
EB-offset hybrid: main,207.87778378601806,-1.6330034777468256,350.57172050803956,5.899760633421374e-11,0.4444653644910964,0.1451685167186517,8.0,750
EB-offset hybrid: pairwise,210.71074003384138,1.199952770076493,274.0938426368207,2.475855144041653e-14,2.8048398257184075e-14,0.05393570890640957,52.0,750
Naive respondents,201.42457309774912,-9.396163843789509,520.9999999999999,0.412915692449015,0.14750231662109878,0.43135424462677,0.0,751
OLS prediction,210.32325995727822,-0.4974769842604019,,,,,,751
EB main,209.57143543086576,-1.2493015106728649,401.87398791424545,1.3591880138695237e-15,0.17050833778190366,0.1426048348836837,0.0,751
EB pairwise,209.51871188607697,-1.3020250554616553,376.2541522014992,2.7329649493806e-10,4.713652805974457e-10,0.09629009806075062,0.0,751
EB-offset hybrid: main,209.6639976007555,-1.1567393407831332,400.85082435565414,1.2603747793959777e-09,0.1514207110826455,0.14733160430295564,8.0,751
EB-offset hybrid: pairwise,209.92564071759654,-0.8950962239420903,375.48292955757427,1.8736215852900357e-15,2.316356712032748e-15,0.09141720616377746,9.0,751
Naive respondents,198.32149363288025,-10.90315642751824,503.00000000000017,0.43713767334839543,0.2096261331304277,0.49116192048457696,0.0,752
OLS prediction,208.95479933259136,-0.2698507278071247,,,,,,752
EB main,207.61769208550086,-1.6069579748976253,368.21078445349565,5.364716905578867e-10,0.20782645872707098,0.12284289829638104,0.0,752
EB pairwise,207.32431804447646,-1.9003320159220323,352.40773254408583,2.7555838713024573e-15,2.275767457192073e-15,0.1245664825492083,0.0,752
EB-offset hybrid: main,207.90345698515569,-1.3211930752428032,370.9715212825532,3.310082462197949e-10,0.18548951123097127,0.12069443541432193,4.0,752
EB-offset hybrid: pairwise,207.72134286724028,-1.5033071931582072,352.3048782903643,1.0556597673055066e-13,2.5098113644980233e-13,0.11333973785250782,11.0,752
Naive respondents,200.039929967046,-10.301240780164449,500.99999999999994,0.405812524858928,0.16847330058674215,0.44888409170906707,0.0,753
OLS prediction,209.82529737760748,-0.5158733696029572,,,,,,753
EB main,208.78337186329222,-1.557798883918224,390.5770040775244,1.6422859951825837e-09,0.17723176312948594,0.15449105627818646,0.0,753
EB pairwise,209.2891433274491,-1.0520274197613446,371.67931718352907,7.862305399049722e-12,1.20892491774517e-11,0.08530574503891229,0.0,753
EB-offset hybrid: main,208.9490247710706,-1.3921459761398296,392.44769593393846,1.2391056101578857e-10,0.1690683392636934,0.15009484453813782,2.0,753
EB-offset hybrid: pairwise,209.49953319103594,-0.8416375561745042,373.49100108792425,3.3369975473925764e-14,4.3765968516026444e-14,0.07853433455023737,3.0,753
Naive respondents,198.72674071019108,-11.198046715766509,479.99999999999983,0.4631318634910062,0.20405118779735176,0.49298154594258153,0.0,754
OLS prediction,208.91324482269056,-1.0115426032670314,,,,,,754
EB main,207.88590529317915,-2.03888213277844,327.6445505595473,3.489897283587506e-13,0.18306511233491596,0.16850599146559667,0.0,754
EB pairwise,208.5119588760619,-1.4128285498956927,304.3637269360611,7.323062107245329e-15,7.198872845098725e-15,0.11972047901378542,0.0,754
EB-offset hybrid: main,208.26871726654107,-1.6560701594165153,330.65827380347287,1.6970188763772777e-15,0.16240497089354192,0.1566454070621072,8.0,754
EB-offset hybrid: pairwise,208.8093354827798,-1.1154519431777885,309.25880911049865,5.983631409833959e-16,2.308499519465788e-15,0.11648577815936055,10.0,754
Naive respondents,197.5821088089346,-8.615864541861441,535.0000000000001,0.4388565638465699,0.15943009356250462,0.44060486619483813,0.0,755
OLS prediction,205.5815230784471,-0.616450272348942,,,,,,755
EB main,204.86078813231174,-1.3371852184843078,416.5086597271524,7.233453812748454e-11,0.12581100209959054,0.11986575919729259,0.0,755
EB pairwise,205.53264085967368,-0.6653324911223706,403.66684961679516,2.1806172730807043e-14,1.88705145167466e-14,0.0671908764019895,0.0,755
EB-offset hybrid: main,204.91059261426759,-1.287380736528462,413.5670642491432,3.613627551578526e-11,0.11817287212482466,0.11554516192787344,2.0,755
EB-offset hybrid: pairwise,205.5853179535827,-0.6126553972133593,399.5756708757334,6.199465433904994e-15,6.779008659065915e-15,0.06585498949351057,4.0,755
Naive respondents,201.0496029973315,-11.593416854768833,465.0000000000003,0.45212132205298594,0.1388077261176959,0.4990242492865044,0.0,756
OLS prediction,211.80876611888934,-0.8342537332109998,,,,,,756
EB main,210.57079035766145,-2.0722294944388864,322.17284454797857,1.9831392605620054e-09,0.37849013175377677,0.12018342006778636,0.0,756
EB pairwise,210.37536539554188,-2.2676544565584607,309.0381085714326,2.8097677684390426e-15,3.88498167938934e-15,0.18166587454631028,0.0,756
EB-offset hybrid: main,211.04447628754565,-1.5985435645546886,333.79281461425927,6.0851683613831806e-15,0.23785650583865933,0.11968133514488745,8.0,756
EB-offset hybrid: pairwise,210.3615911944226,-2.2814286576777363,304.0475962763603,9.801036692351852e-16,1.7830265608549295e-15,0.20313811642548388,19.0,756
Naive respondents,201.31813642332204,-9.839343669940718,486.00000000000034,0.423315051520094,0.12790448055651746,0.4451779878721657,0.0,757
OLS prediction,210.31459245346457,-0.8428876397981924,,,,,,757
EB main,209.3162671381739,-1.8412129550888494,376.79392894111834,3.7304848880042156e-15,0.22510642315676901,0.14746456532619065,0.0,757
EB pairwise,209.12011496953596,-2.0373651237268007,351.70427023533335,1.6669807179180065e-11,2.8854224192034675e-11,0.1254472754039198,0.0,757
EB-offset hybrid: main,209.63086083003472,-1.5266192632280422,376.6373416634426,6.852180408933112e-11,0.17625867216820196,0.12615191761753047,5.0,757
EB-offset hybrid: pairwise,209.23905339084402,-1.918426702418742,352.8072303200633,5.847090624834794e-09,4.9985801805360315e-09,0.1288932458148577,5.0,757
Naive respondents,200.9142523237408,-8.744033216432314,510.0,0.40753177303478105,0.2159814717083207,0.4540293101550137,0.0,758
OLS prediction,207.52265915852792,-2.13562638164521,,,,,,758
EB main,206.27995238318977,-3.3783331569833592,415.5667282810809,1.0588811483446725e-13,0.4485146660121792,0.18137117395613198,0.0,758
EB pairwise,208.91087577806346,-0.7474097621096689,351.76621722121655,3.169351762048587e-12,8.677565064219478e-12,0.025223992821094072,0.0,758
EB-offset hybrid: main,207.42052176607936,-2.2377637740937644,413.9085016571373,1.1483522893781975e-10,0.3184563536245418,0.13774266673532945,7.0,758
EB-offset hybrid: pairwise,209.05921302433498,-0.5990725158381451,355.2260001927565,4.588588599828027e-10,7.961764104569146e-10,0.021379871152553923,4.0,758
Naive respondents,201.14084944898053,-9.996629758112334,474.9999999999996,0.4166742081612825,0.30532342372156696,0.42233691545249197,0.0,759
OLS prediction,210.36717078200454,-0.7703084250883308,,,,,,759
EB main,209.55561828101105,-1.5818609260818164,355.3420303089806,2.0129055178448857e-09,0.2854495004542916,0.14845436136361223,0.0,759
EB pairwise,211.76192724310303,0.6244480360101647,290.1649723078983,1.7439525027721107e-12,3.892248355579177e-12,0.020809173949863608,0.0,759
EB-offset hybrid: main,209.57828177721188,-1.5591974298809816,356.46351627108356,3.1905241587912027e-09,0.2876736046417242,0.14790167268565016,1.0,759
EB-offset hybrid: pairwise,211.6899975545215,0.552518347428645,291.6002709753283,1.0973062674181905e-14,2.178406921635889e-14,0.019114573684100918,4.0,759
Naive respondents,199.50249830876479,-11.890050341194296,498.0000000000003,0.4198176232905782,0.1891034724135432,0.45283004052174197,0.0,760
OLS prediction,210.5989538468944,-0.7935948030646784,,,,,,760
EB main,209.8268566273512,-1.565692022607891,361.192596644912,1.309502691394948e-15,0.2192797327801347,0.1325686156248065,0.0,760
EB pairwise,210.4533772668043,-0.9391713831547861,332.3186730645014,1.82841086381386e-14,4.0643749538984863e-14,0.05832904932326826,0.0,760
EB-offset hybrid: main,210.6482159421868,-0.744332707772287,360.5850780835061,5.532593018985914e-10,0.1571251007094684,0.09089267391459481,9.0,760
EB-offset hybrid: pairwise,210.73693578491643,-0.6556128650426558,339.8615077429445,3.3428120978575193e-09,5.301327148585009e-09,0.053138860831777456,5.0,760
Naive respondents,197.75674384956025,-11.351543303774804,485.0000000000001,0.46233971829653286,0.21343883806207126,0.5035944461407276,0.0,761
OLS prediction,208.27298430477384,-0.8353028485612128,,,,,,761
EB main,207.38880841114698,-1.7194787421880733,300.81124689978327,8.022154095885048e-09,0.2789271269446297,0.23766758486032438,0.0,761
EB pairwise,208.61840960931497,-0.4898775440200893,231.9809339935773,1.6213832980515474e-12,1.7089976685868636e-12,0.10834662282085537,0.0,761
EB-offset hybrid: main,207.81581056812345,-1.2924765852116025,270.49248755900487,2.7810183647330535e-10,0.19883126785880173,0.1867865920121303,14.0,761
EB-offset hybrid: pairwise,209.2928724404773,0.18458528714225508,234.21950138501566,5.147102419144924e-15,5.233709456597819e-15,0.06373720923382824,26.0,761
Naive respondents,200.52154957832263,-8.6930995513367,496.9999999999997,0.44778257222185885,0.1915670304769697,0.4558046188028477,0.0,762
OLS prediction,207.2084135635336,-2.0062355661257243,,,,,,762
EB main,206.13624157633657,-3.078407553322762,381.41238902391734,7.99146048073189e-15,0.2649985334601569,0.16639047011360025,0.0,762
EB pairwise,207.62697362220578,-1.5876755074535538,329.66405667759335,2.138974786348408e-15,1.8625835502315348e-15,0.05380990393013483,0.0,762
EB-offset hybrid: main,206.65876487211193,-2.5558842575474046,386.6646148912313,1.0827762498468232e-11,0.24665257287421027,0.15763629774318225,5.0,762
EB-offset hybrid: pairwise,208.0611088756008,-1.1535402540585267,334.55978199650326,1.7278042505519656e-14,2.9110794085771386e-14,0.040601001829863044,4.0,762
Naive respondents,197.9630522119546,-10.408369677921655,503.00000000000017,0.41193659867592963,0.17356764931872593,0.45726801004385287,0.0,763
OLS prediction,206.06618528268862,-2.3052366071876236,,,,,,763
EB main,204.99627027960383,-3.375151610272411,378.6682266517531,1.330796223010027e-13,0.2291480392245225,0.22272146185027114,0.0,763
EB pairwise,205.67744617329356,-2.6939757165826848,341.90606969914575,3.085327315063257e-14,3.8881099323885776e-14,0.1590079478017023,0.0,763
EB-offset hybrid: main,205.99018454861996,-2.3812373412562806,378.58668623860217,1.4967299990252688e-15,0.20081745878419952,0.19534123452756266,17.0,763
EB-offset hybrid: pairwise,206.8450313923634,-1.5263904975128355,346.1505596109749,6.074300445025708e-14,7.069996529101346e-14,0.1236675941967226,23.0,763
Naive respondents,200.71374848506508,-8.585422511954533,493.99999999999955,0.44505877864820514,0.1759413795912988,0.4580683354579174,0.0,764
OLS prediction,208.50923423480407,-0.7899367622155467,,,,,,764
EB main,207.63490418203062,-1.6642668149889914,364.97157134067265,8.128903887265462e-09,0.3300562813023765,0.1847502826717081,0.0,764
EB pairwise,209.77440176276687,0.47523076574725565,318.8476342275541,7.176236907948906e-15,1.1335482559680181e-14,0.04821739583318768,0.0,764
EB-offset hybrid: main,208.08276263724807,-1.216408359771549,362.72327460430233,8.592285492682026e-10,0.30102293162303007,0.15867409260368548,6.0,764
EB-offset hybrid: pairwise,209.79041017670878,0.49123917968915976,307.9918303493222,4.881769192317029e-14,9.26157433391144e-14,0.041339694178529306,13.0,764
Naive respondents,199.6351940233237,-10.961757085900842,494.9999999999998,0.3943436743630466,0.1889930662629825,0.439778239561968,0.0,765
OLS prediction,209.8044824949474,-0.7924686142771407,,,,,,765
EB main,209.01585053249715,-1.5811005767273798,396.95947179620447,1.3318828766231553e-09,0.08338267027345651,0.08867030005608074,0.0,765
EB pairwise,209.0415469476173,-1.5554041616072425,388.7775111120585,1.6602696928412645e-11,2.548023903046007e-11,0.07361136407841337,0.0,765
EB-offset hybrid: main,209.5852217330444,-1.011729376180142,394.2195247813528,4.784436394850012e-10,0.06838517235984973,0.07566238397720795,10.0,765
EB-offset hybrid: pairwise,209.563466771572,-1.0334843376525384,382.82887906845934,1.4258445522387017e-15,7.747798543216411e-16,0.07131216251900598,14.0,765
Naive respondents,199.8580014848381,-10.56903018366188,484.0,0.44382312388583206,0.1819687620535033,0.4735265141093528,0.0,766
OLS prediction,210.49422975642383,0.06719808792385606,,,,,,766
EB main,209.597399041625,-0.8296326268749681,326.64482837894303,1.6067201183319698e-12,0.21341074736129378,0.18298918204791736,0.0,766
EB pairwise,210.09652848767723,-0.33050318082274543,299.72665318150104,5.397040454107915e-10,1.253640528666081e-09,0.11605329379979996,0.0,766
EB-offset hybrid: main,210.07778687320948,-0.34924479529050245,321.7811210531855,6.0431171827095595e-09,0.19797864305938473,0.14950796605765107,8.0,766
EB-offset hybrid: pairwise,210.01915993838588,-0.4078717301140955,286.5082216985819,3.637788529431135e-09,4.299237950369014e-09,0.11616409649118414,14.0,766
Naive respondents,199.41035221867534,-9.661483674049691,482.0000000000001,0.39082826344093563,0.17830900135371514,0.42797526497852345,0.0,767
OLS prediction,209.62548170074263,0.5536458080175919,,,,,,767
EB main,208.44595380571525,-0.625882087009785,380.5148790785502,3.584185036921063e-09,0.14810889264806526,0.09235540057800619,0.0,767
EB pairwise,208.02068022544148,-1.0511556672835525,346.50523720742564,3.819172495323357e-14,3.3424370994019494e-14,0.10168675240215815,0.0,767
EB-offset hybrid: main,208.50278657791768,-0.5690493148073585,381.14852933691463,5.9289266998825845e-09,0.161921707580198,0.0919053262063369,2.0,767
EB-offset hybrid: pairwise,208.00266837141172,-1.069167521313318,343.6654318612482,1.1371586873610505e-13,2.1896504160266563e-13,0.1227910812192434,13.0,767
Naive respondents,201.24981690143227,-9.749766814884225,490.99999999999994,0.4808953860166141,0.11996415451292432,0.48261257891819054,0.0,768
OLS prediction,212.4535526731547,1.453968956838196,,,,,,768
EB main,210.94491024241802,-0.05467347389847532,329.1325470268737,6.817419564382884e-10,0.25782878108824386,0.08365673322699822,0.0,768
EB pairwise,210.21616486939598,-0.7834188469205117,305.95347981305133,5.586004482144484e-12,3.3208144036035202e-12,0.11157850628138229,0.0,768
EB-offset hybrid: main,211.17969714033754,0.18011342402104447,326.75406957683214,2.4249983013675153e-09,0.29126682988821284,0.06995930897137237,7.0,768
EB-offset hybrid: pairwise,210.13148300679015,-0.8681007095263453,291.47257969631846,1.3799182841439267e-11,4.3315655086435635e-11,0.14930952881620327,49.0,768
Naive respondents,199.84740155646546,-10.164185654163248,492.0000000000003,0.39720019056347977,0.14678605459126984,0.42500067962357496,0.0,769
OLS prediction,210.22018904715387,0.20860183652516184,,,,,,769
EB main,209.23358259091245,-0.7780046197162562,378.08873677964004,3.0045003816317473e-14,0.186269488904843,0.08391138048772905,0.0,769
EB pairwise,209.1082893741271,-0.9032978365015936,361.36496984483034,1.3776478189814548e-11,3.500867905188103e-11,0.10683448049998037,0.0,769
EB-offset hybrid: main,209.58746445906536,-0.42412275156334545,368.07329091596404,5.038376891087118e-10,0.1797852509507656,0.0855786997480506,20.0,769
EB-offset hybrid: pairwise,209.19060030895557,-0.8209869016731375,361.2029687086154,1.6640392219519305e-15,1.9677515193753707e-15,0.10590738520008652,5.0,769
Naive respondents,200.84575274098196,-10.080156954203403,504.0000000000002,0.40819569431592917,0.1595216767940259,0.4490118400461672,0.0,770
OLS prediction,210.39507378864923,-0.5308359065361401,,,,,,770
EB main,209.2638534603806,-1.6620562348047656,387.3078932422515,4.424864398735527e-15,0.17649834019497102,0.1591058669293771,0.0,770
EB pairwise,209.65366474967118,-1.2722449455141884,356.18426045848196,3.532067604607255e-15,4.4523427739039555e-15,0.09214494919640033,0.0,770
EB-offset hybrid: main,210.0419247146103,-0.8839849805750646,378.6632185426683,7.353968358414362e-10,0.14560405637765222,0.12818545392125033,19.0,770
EB-offset hybrid: pairwise,209.91279421818302,-1.0131154770023443,358.34536042237636,1.599588362859364e-15,1.4795960826472105e-15,0.09285946060193631,6.0,770
Naive respondents,200.86729660304016,-10.500585768707566,492.0000000000003,0.4428700197259756,0.14825257213600324,0.48260124938832216,0.0,771
OLS prediction,210.67723125313188,-0.6906511186158468,,,,,,771
EB main,209.46406912667825,-1.9038132450694718,359.9696881998495,9.138707140798373e-15,0.3857957751569445,0.18222874703800343,0.0,771
EB pairwise,212.59248681055843,1.224604438810701,297.2074402140199,2.2677274199013586e-14,4.776535377309057e-14,0.046532099854522245,0.0,771
EB-offset hybrid: main,209.5612720569882,-1.8066103147595243,359.93190046599847,6.798323397717279e-12,0.38142902001581164,0.18528886220626337,2.0,771
EB-offset hybrid: pairwise,212.7665265314639,1.3986441597161843,282.6253283544088,6.383028074209976e-14,1.0093823099788181e-13,0.04992856887644343,74.0,771
Naive respondents,196.64692084385052,-9.26018116417805,492.0000000000003,0.42438775820211777,0.1681496479856179,0.4476176195841546,0.0,772
OLS prediction,205.6172310631535,-0.2898709448750765,,,,,,772
EB main,204.82473338055686,-1.082368627471709,356.16782990731866,2.5911704625248146e-15,0.13616616199184572,0.15319976208492933,0.0,772
EB pairwise,204.55580819433712,-1.3512938136914556,342.82455856510217,2.2668908065858637e-10,4.014030631763611e-10,0.16176378500849464,0.0,772
EB-offset hybrid: main,204.8302687924685,-1.0768332155600717,354.31985742761907,3.7327573701421985e-09,0.10606117843775402,0.14809512741529385,4.0,772
EB-offset hybrid: pairwise,204.62903429545523,-1.2780677125733462,342.5705975603388,1.7013582566377857e-15,1.607118084408008e-15,0.15552862869095652,1.0,772
Naive respondents,199.1756678179532,-10.113970231680156,489.00000000000006,0.41454062670663877,0.1673191428334636,0.4339231786978955,0.0,773
OLS prediction,210.05051970247976,0.7608816528463933,,,,,,773
EB main,208.62627039640049,-0.663367653232882,354.4256379933879,3.893998297857099e-14,0.1750855999118132,0.09419022765108954,0.0,773
EB pairwise,208.80705770578956,-0.4825803438438072,342.0462036840016,1.7079921056871182e-09,2.275503878760097e-09,0.04295124195316446,0.0,773
EB-offset hybrid: main,208.86217145256288,-0.4274665970704916,358.44697384059367,3.1903223807674497e-15,0.1587661614248924,0.08415181228025785,2.0,773
EB-offset hybrid: pairwise,208.80705770578956,-0.4825803438438072,342.0462036840016,1.7079921056871182e-09,2.275503878760097e-09,0.04295124195316446,0.0,773
Naive respondents,198.97796590838215,-10.39772935700475,519.0,0.3875154921672372,0.22857758973324133,0.4168833638693591,0.0,774
OLS prediction,210.00883447308712,0.6331392077002249,,,,,,774
EB main,208.91190013677763,-0.463795128609263,376.66299032805045,1.0528329707534412e-13,0.1276856317238185,0.1277779950536802,0.0,774
EB pairwise,209.05049819185376,-0.32519707353313265,351.63455862486,4.007016476233491e-14,5.040674145500649e-14,0.07760178381700772,0.0,774
EB-offset hybrid: main,209.01315058925644,-0.3625446761304545,363.7188531434839,1.0776694543063812e-09,0.11224730098142825,0.11451760925431263,11.0,774
EB-offset hybrid: pairwise,209.1118309778749,-0.26386428751200697,350.1880704325129,2.391745531827878e-09,4.332627335651766e-09,0.07619569840650686,4.0,774
Naive respondents,204.50598455872316,-7.137848047518531,511.0,0.3934001871770837,0.25552790139879883,0.3910049283196638,0.0,775
OLS prediction,210.67403015273294,-0.9698024535087484,,,,,,775
EB main,209.53295179979872,-2.110880806442964,407.89910530793634,5.909585835289716e-12,0.323208240441426,0.11496883366864143,0.0,775
EB pairwise,212.15655915741544,0.5127265511737562,370.26718894017085,2.9865631873439586e-15,6.5760557884019506e-15,0.03621146384047976,0.0,775
EB-offset hybrid: main,210.0352081873159,-1.6086244189257854,408.0562971452997,4.8676871785006586e-11,0.28310934723342723,0.09141335389504765,5.0,775
EB-offset hybrid: pairwise,212.1926070902887,0.5487744840470157,350.1467998797763,1.1640025862388672e-14,8.840742625184918e-15,0.04479310364791214,18.0,775
Naive respondents,201.41641862599093,-9.41014780843659,505.00000000000034,0.4033755774426161,0.0762670449857689,0.44069136856847213,0.0,776
OLS prediction,208.76089253873207,-2.065673895695454,,,,,,776
EB main,207.93804035171115,-2.8885260827163677,406.5106284288175,8.637631654884898e-14,0.21260015564011833,0.17635360857313162,0.0,776
EB pairwise,207.69620339926652,-3.130363035160997,380.73172981337,1.7800537468443516e-15,3.6342643128053795e-15,0.1776634802147445,0.0,776
EB-offset hybrid: main,208.0724287438918,-2.754137690535714,408.13063501115164,1.6244834197942694e-10,0.1682375485338062,0.18264701976634307,5.0,776
EB-offset hybrid: pairwise,208.08134954295812,-2.745216891469397,374.7991303185328,1.0142796656725446e-15,1.8316462085798752e-15,0.1649921943171067,7.0,776
Naive respondents,198.38750479190503,-10.858409777040038,498.0000000000003,0.39725339986649877,0.2583221844163206,0.44875733935160944,0.0,777
OLS prediction,208.31990196570484,-0.926012603240224,,,,,,777
EB main,207.45638810287525,-1.789526466069816,369.2190370671153,5.624818674298236e-14,0.20830478931011853,0.18220566227511784,0.0,777
EB pairwise,208.1024462282953,-1.1434683406497754,343.5184984279537,5.0570119756637367e-14,9.911165581056336e-14,0.1138677539739243,0.0,777
EB-offset hybrid: main,207.659031122588,-1.5868834463570636,369.01295221516995,1.4810965250905017e-09,0.18636072050288874,0.17423906291252478,2.0,777
EB-offset hybrid: pairwise,208.1570352574145,-1.088879311530576,345.12807227990226,6.413282560741614e-13,1.4095357875502125e-12,0.11281558535355346,1.0,777
Naive respondents,200.81270443406208,-10.161711435769718,519.0,0.3795756339814565,0.19822505493119205,0.413423785405441,0.0,778
OLS prediction,209.1195903740464,-1.8548254957854056,,,,,,778
EB main,208.17016884593338,-2.8042470238984265,405.7614895642091,2.458303414377976e-13,0.23423426913544793,0.18729125795587095,0.0,778
EB pairwise,209.4863769297691,-1.4880389400626939,378.98001364073554,5.4954742098072885e-15,7.528030748377029e-15,0.07590811771213357,0.0,778
EB-offset hybrid: main,208.31752955237536,-2.65688631745644,409.7162280073985,4.704683504631911e-09,0.23166259340516285,0.18449866795320852,2.0,778
EB-offset hybrid: pairwise,209.9658803597146,-1.0085355101172127,381.22429966699576,3.5032505341457783e-09,2.994558133094514e-09,0.05843939249383457,13.0,778
Naive respondents,199.28149601921646,-10.42492404677401,487.99999999999955,0.4244800402269524,0.24702647302966288,0.4810441549286568,0.0,779
OLS prediction,209.19992781108752,-0.5064922549029518,,,,,,779
EB main,207.52258656481177,-2.1838335011786967,338.81226473588157,7.901576532330732e-09,0.32779749327664925,0.15973972737909728,0.0,779
EB pairwise,207.35804513494804,-2.3483749310424287,321.13170726201537,1.489380839813698e-14,2.4440253838001313e-14,0.173980231374123,0.0,779
EB-offset hybrid: main,207.99291250216623,-1.713507563824237,345.4108014294204,1.3137437031514098e-14,0.25748946273595236,0.14702858470588834,9.0,779
EB-offset hybrid: pairwise,207.4428405690542,-2.2635794969362735,323.02558015823007,2.0210400400940474e-15,2.4265699898153185e-15,0.17510878354981319,2.0,779
Naive respondents,202.03280173570224,-8.70917148739997,506.9999999999999,0.42274362026604423,0.1728690173273618,0.447031419689397,0.0,780
OLS prediction,210.30065338693004,-0.44131983617216974,,,,,,780
EB main,209.1681766339051,-1.5737965891971157,390.7943624814804,1.7995567965129163e-14,0.24264658550145182,0.15326879426818554,0.0,780
EB pairwise,210.31134815119714,-0.4306250719050695,349.9836431650514,1.6786838351592888e-09,1.1959844633083265e-09,0.04314778775989393,0.0,780
EB-offset hybrid: main,209.99806134409835,-0.7439118790038606,378.96929904057913,3.0941399901707794e-11,0.21194059871775212,0.1284301290785109,14.0,780
EB-offset hybrid: pairwise,211.3671690569292,0.6251958338270072,348.71798955820225,1.2881679862236676e-15,1.1424928848845558e-15,0.04529780829230435,12.0,780
Naive respondents,198.7134948450572,-10.173857001023379,512.0,0.4749797103851866,0.16376261593977914,0.46394268269982253,0.0,781
OLS prediction,209.05974838935313,0.17239654327255494,,,,,,781
EB main,207.95540585525933,-0.931945990821248,346.0480122493031,9.06453492580975e-14,0.11933256616798592,0.08757932874068877,0.0,781
EB pairwise,207.73016160146747,-1.1571902446131048,334.0089089278065,3.9541844394412995e-09,3.2151683566723317e-09,0.09055438390968025,0.0,781
EB-offset hybrid: main,208.04161242191054,-0.8457394241700342,349.19874852169977,2.9130225952033026e-11,0.12053085789897537,0.08754130017002786,4.0,781
EB-offset hybrid: pairwise,208.0780045602816,-0.8093472857989639,339.8297971330471,1.1244170921096536e-09,8.675038032704288e-10,0.0887020083231652,5.0,781
Naive respondents,199.7229441540476,-9.965738890789254,510.0,0.40458748619390755,0.09916783395439488,0.44477688358819845,0.0,782
OLS prediction,208.7561525849134,-0.9325304599234698,,,,,,782
EB main,207.9401438205739,-1.74853922426297,413.27127591706056,4.1342678592630615e-09,0.24684740490560833,0.15715502306075863,0.0,782
EB pairwise,207.7924648241506,-1.8962182206862508,385.06488077037585,6.896076048008547e-09,4.614416376043239e-09,0.1350272574493421,0.0,782
EB-offset hybrid: main,208.06014469101933,-1.6285383538175324,404.958819124164,2.210818797680553e-09,0.1771961157847455,0.15225069354603607,4.0,782
EB-offset hybrid: pairwise,207.9112925861817,-1.7773904586551623,384.7177710358706,3.119668681262854e-10,5.37038516033801e-10,0.12888726896286787,2.0,782
Naive respondents,201.25002143389298,-8.53476737054271,509.00000000000017,0.40927231403476605,0.16032943488954227,0.4308245882537064,0.0,783
OLS prediction,208.44279935285533,-1.3419894515803605,,,,,,783
EB main,207.75664157964303,-2.0281472247926615,415.06053347192477,1.2344177210261494e-10,0.12927438806323957,0.17087146773269393,0.0,783
EB pairwise,207.54623778994997,-2.238551014485722,386.3079805030236,1.2668171231009205e-10,2.4466484635995517e-10,0.1551580634629454,0.0,783
EB-offset hybrid: main,208.7517637166931,-1.033025087742601,400.82517933132044,1.4691100336365923e-10,0.08902706957436662,0.11806389527643674,19.0,783
EB-offset hybrid: pairwise,208.31277718163463,-1.4720116228010625,386.0735051141494,2.0094909098362993e-09,1.7529288466161858e-09,0.12060238114463585,10.0,783
Naive respondents,200.93277043690796,-9.12016286151109,514.0,0.42454137983017226,0.08641355097925513,0.44827788259194024,0.0,784
OLS prediction,209.17254426081,-0.8803890376090351,,,,,,784
EB main,207.8763663518521,-2.176566946566936,390.00210265131307,1.9608968533667445e-14,0.21227113285749769,0.15186792086759227,0.0,784
EB pairwise,208.79981563369887,-1.253117664720179,363.3702167457908,7.668431524786025e-13,7.87673306134243e-13,0.10451809272222376,0.0,784
EB-offset hybrid: main,208.31954961756858,-1.7333836808504657,391.10970019567225,2.818279694123885e-09,0.18610686604340348,0.13897844551525826,5.0,784
EB-offset hybrid: pairwise,208.79981563369887,-1.253117664720179,363.3702167457908,7.668431524786025e-13,7.87673306134243e-13,0.10451809272222376,0.0,784
Naive respondents,200.20534596267134,-8.564920503032909,493.99999999999955,0.44469813702277855,0.1746505074949973,0.445356415290569,0.0,785
OLS prediction,208.33721197014427,-0.4330544955599862,,,,,,785
EB main,207.46677121455656,-1.3034952511476945,363.9253156402007,3.871741019672851e-11,0.2385193150804367,0.18165486417527021,0.0,785
EB pairwise,208.6383125684181,-0.13195389728616647,327.59374498358443,1.0576459589778139e-13,8.47103771737223e-14,0.07615709120055852,0.0,785
EB-offset hybrid: main,207.70455892409996,-1.0657075416042971,355.2535210745031,2.1997561220238404e-11,0.22580316290093122,0.16594752544206282,6.0,785
EB-offset hybrid: pairwise,208.71507103674207,-0.055195428962178994,315.1725923430624,1.0513681206050924e-14,9.289810679109564e-15,0.07614298563961117,12.0,785
Naive respondents,201.2753314902629,-10.680957638870638,489.00000000000006,0.4544488768054634,0.2531165385941596,0.49060288158285653,0.0,786
OLS prediction,210.71768345821033,-1.2386056709231923,,,,,,786
EB main,209.50975984702418,-2.4465292821093385,352.1515490147347,3.0776853999245755e-14,0.457743185478683,0.16790408082823324,0.0,786
EB pairwise,212.74639764688737,0.7901085177538505,285.0858654595225,1.8975962204546656e-13,4.021552210712831e-13,0.053786540342658,0.0,786
EB-offset hybrid: main,209.97389219322997,-1.9823969359035516,352.350392731766,1.644375208384579e-09,0.4263805186560346,0.1615382065826685,7.0,786
EB-offset hybrid: pairwise,213.5085986392922,1.5523095101586648,251.01843450631975,1.6074441583544568e-15,1.759793445027636e-15,0.07359276238041065,70.0,786
Naive respondents,200.64558408148812,-10.236414109859595,482.0000000000001,0.40912185417180347,0.20859454694362373,0.4545864846102826,0.0,787
OLS prediction,208.9184981080097,-1.9635000833380332,,,,,,787
EB main,207.7602186012739,-3.121779590073828,375.13213104572054,2.25370541905708e-10,0.12154057547001022,0.15909443712750104,0.0,787
EB pairwise,207.58919464131927,-3.2928035500284523,372.443463138864,1.8947820968493266e-15,1.8671977589975653e-15,0.16880937152197795,0.0,787
EB-offset hybrid: main,208.15264709011413,-2.72935110123359,383.7954880923253,4.035046139771283e-15,0.09571772638818235,0.15786971996406615,4.0,787
EB-offset hybrid: pairwise,208.07710075749418,-2.80489743385354,375.3721061446329,3.2255537918947947e-12,9.73165649670108e-12,0.14997174792073928,3.0,787
Naive respondents,200.9641371558239,-9.209861048318771,495.9999999999997,0.42066116592418085,0.14502198400087657,0.4393321947343588,0.0,788
OLS prediction,208.31434936986446,-1.8596488342782038,,,,,,788
EB main,207.89172248650846,-2.2822757176342066,367.33186724234645,1.4870923704886822e-10,0.3015264451434135,0.22902655408660672,0.0,788
EB pairwise,209.6419614701785,-0.5320367339641621,313.56543745259773,3.42979919118306e-09,7.033233120497854e-09,0.09407619285952179,0.0,788
EB-offset hybrid: main,208.67976788740748,-1.4942303167351838,327.7947419195694,2.3243226160397388e-10,0.24201883006879615,0.17207362005802612,15.0,788
EB-offset hybrid: pairwise,209.73546517067146,-0.4385330334712023,309.49106244080383,3.620873334930377e-15,5.317590456105166e-15,0.08682787503962508,6.0,788
Naive respondents,198.942288028634,-10.965680980216149,510.0,0.4199706450825657,0.10329718951542323,0.4612915898487215,0.0,789
OLS prediction,211.4303418770137,1.5223728681635293,,,,,,789
EB main,210.08389659176302,0.1759275829128626,353.88113363754593,7.245263770420665e-12,0.21969120471200235,0.10396264253320481,0.0,789
EB pairwise,209.61339867850947,-0.29457033034069013,328.49859888329627,2.5111382155455903e-15,3.984596102741178e-15,0.11846681907750052,0.0,789
EB-offset hybrid: main,210.2433496409277,0.33538063207754476,352.2151895299575,2.859349330648485e-10,0.2285009181987458,0.10004257019930408,5.0,789
EB-offset hybrid: pairwise,210.12912597440587,0.22115696555570707,317.3013421711691,6.427767835900913e-14,1.3949599401689673e-13,0.10160285679482091,45.0,789
Naive respondents,198.7136037078281,-11.056345511175152,514.0,0.3872054495612903,0.25923508576788024,0.4515518229663161,0.0,790
OLS prediction,207.05004575645947,-2.7199034625437832,,,,,,790
EB main,206.5784479299664,-3.1915012890368644,410.2673820859133,5.143300175959733e-09,0.30960930748905824,0.2326886462462298,0.0,790
EB pairwise,208.29657734837093,-1.4733718706323202,358.67931239339305,2.8263595546136493e-14,6.438013183836736e-14,0.1163110966171233,0.0,790
EB-offset hybrid: main,207.0575726158969,-2.7123766031063496,409.4663499754459,1.6950814424443612e-09,0.25921496661326815,0.2099418438788589,5.0,790
EB-offset hybrid: pairwise,208.82517801503138,-0.9447712039718681,362.3666551887076,8.844174823681876e-16,1.5995945552337624e-15,0.09551619677633166,8.0,790
Naive respondents,196.52808068088515,-11.106303591255653,486.00000000000034,0.4631403638949129,0.15918442477860037,0.4910612029638909,0.0,791
OLS prediction,206.10392233492726,-1.5304619372135448,,,,,,791
EB main,205.26872699664347,-2.365657275497341,349.7276388644622,6.848566200239954e-11,0.26549105418813584,0.2567336814452853,0.0,791
EB pairwise,206.44825048875458,-1.186133783386225,297.6594542804358,3.2419067380036904e-13,5.119093451903674e-13,0.16628084572608384,0.0,791
EB-offset hybrid: main,205.49517660956832,-2.1392076625724883,342.26029118754496,8.066545722546552e-11,0.2286594761870508,0.23598580190605167,6.0,791
EB-offset hybrid: pairwise,206.54638059268024,-1.08800367946057,299.5358030616499,4.410649232591715e-13,6.060353058089857e-13,0.16017046639654592,3.0,791
Naive respondents,201.83005334045657,-9.397330278139464,501.99999999999955,0.4277421724402267,0.17540597538589559,0.46210211018094066,0.0,792
OLS prediction,211.39346711580703,0.16608349721099103,,,,,,792
EB main,210.50261388765438,-0.7247697309416594,355.64395477222524,3.8550267200602016e-15,0.16713069814235132,0.1868000310044675,0.0,792
EB pairwise,210.8349893360043,-0.3923942825917379,330.3419374758274,7.759632550026189e-13,1.3224857649270246e-12,0.13510736992632222,0.0,792
EB-offset hybrid: main,210.52320066457733,-0.7041829540187052,339.0346514472308,1.7037217842772685e-09,0.1494152556855991,0.15876137422990985,8.0,792
EB-offset hybrid: pairwise,211.0001234692127,-0.2272601493833406,315.32669405152365,2.849987018020284e-13,5.403934502599378e-13,0.10670576353406049,11.0,792
Naive respondents,198.55887147139717,-10.203650129274223,503.00000000000017,0.45789777749932264,0.19420012806164588,0.4660004522849192,0.0,793
OLS prediction,207.42359272628784,-1.338928874383555,,,,,,793
EB main,206.53373305721723,-2.228788543454158,343.3282988881845,7.53467723754197e-09,0.3278948358919725,0.21613401179317715,0.0,793
EB pairwise,208.69933339245182,-0.0631882082195716,286.3724941337212,1.6048811751753015e-11,2.0388992043946358e-11,0.07645411330425364,0.0,793
EB-offset hybrid: main,207.14942942820235,-1.6130921724690381,329.61508650633857,8.03657252880288e-10,0.29970440328592846,0.17027920274363856,21.0,793
EB-offset hybrid: pairwise,209.0319569209922,0.2694353203208095,288.85982819617936,5.89049463458887e-14,6.445134654494065e-14,0.05477473461565874,14.0,793
Naive respondents,199.9595739246952,-11.049003571714337,485.0000000000001,0.4123751411553335,0.18577812653557646,0.47252323268386975,0.0,794
OLS prediction,210.09931421180247,-0.9092632846070785,,,,,,794
EB main,208.89461852655043,-2.1139589698591124,357.0121183567249,2.1211812722228294e-15,0.15195920389456752,0.2002025245390297,0.0,794
EB pairwise,209.20977832775657,-1.7987991686529767,336.1722983554742,2.4159424941417346e-09,2.4316286376702987e-09,0.15225801650406146,0.0,794
EB-offset hybrid: main,209.04887403499066,-1.9597034614188829,332.89446377923525,1.5763514986448924e-09,0.14874217182061514,0.19068119938391517,13.0,794
EB-offset hybrid: pairwise,209.96696515787352,-1.0416123385360265,324.76011038352976,1.4042856837786772e-09,1.1334326087871765e-09,0.12545337491035236,17.0,794
Naive respondents,201.089286176925,-10.42883627366976,496.9999999999997,0.39659531294802874,0.16454187216887387,0.438473152300058,0.0,795
OLS prediction,210.28343751563074,-1.234684934964008,,,,,,795
EB main,208.74958914467967,-2.7685333059150707,379.0270775396419,2.2342400001434367e-11,0.40640112286800656,0.16533244788439136,0.0,795
EB pairwise,211.224345773427,-0.2937766771677559,356.4637605922732,2.583169706454169e-09,3.2679749498982673e-09,0.06411619764351925,0.0,795
EB-offset hybrid: main,208.86602345988737,-2.6520989907073726,376.2725300724094,1.0359803338114001e-09,0.3643921782232295,0.1576654121489021,5.0,795
EB-offset hybrid: pairwise,211.65695221539494,0.13882976480019238,355.0459752565391,2.1599731019769104e-15,1.9597648354716588e-15,0.05156253411387979,10.0,795
Naive respondents,198.72975990412152,-12.523631996830517,468.99999999999983,0.4898203580638278,0.19719340646126784,0.5334200555832712,0.0,796
OLS prediction,211.0082294134121,-0.24516248753994319,,,,,,796
EB main,210.02112061351485,-1.232271287437186,294.4440872903144,4.5622051776023054e-10,0.2924032092566334,0.24273431709210544,0.0,796
EB pairwise,211.9398297285435,0.6864378275914476,247.39792853428838,4.204058405141839e-13,7.652273561429757e-13,0.10684192424132152,0.0,796
EB-offset hybrid: main,210.58427088582377,-0.6691210151282689,251.2355443732008,1.5144309924941277e-10,0.23584904074424282,0.1630230114137971,17.0,796
EB-offset hybrid: pairwise,211.71561089936466,0.4622189984126237,217.1204078982959,3.4822395278965317e-09,4.361215895559593e-09,0.07250257770963883,39.0,796
Naive respondents,198.88848485637055,-11.719899993356847,493.99999999999955,0.41724750333530386,0.20006783667320094,0.48693801615237214,0.0,797
OLS prediction,209.1724622677734,-1.435922581954003,,,,,,797
EB main,207.60063510827712,-3.007749741450283,363.69917975497356,6.415900567161469e-10,0.09564974190162008,0.1671505397726581,0.0,797
EB pairwise,207.69974914294806,-2.908635706779336,345.8051955694539,4.848836410550191e-15,2.70304677162673e-15,0.13141569067875963,0.0,797
EB-offset hybrid: main,208.49288700006133,-2.1154978496660704,375.5788810281453,4.573690469034658e-10,0.08272975219121212,0.1612469897271406,12.0,797
EB-offset hybrid: pairwise,208.2205275366429,-2.3878573130845098,356.529825715116,3.657266200963699e-15,4.87267242658264e-15,0.12989742217716752,6.0,797
Naive respondents,199.66352064881502,-10.285376201445047,481.0,0.4224636134640782,0.1720612338355637,0.4544101031452272,0.0,798
OLS prediction,208.8211202717931,-1.1277765784669782,,,,,,798
EB main,207.24300805286953,-2.7058887973905428,360.68891694166496,1.842020740377994e-12,0.18290110601358503,0.1579508063309277,0.0,798
EB pairwise,208.13452991790598,-1.8143669323540905,354.51953161415366,2.1780726715229556e-10,2.101906292602493e-10,0.10361975971371463,0.0,798
EB-offset hybrid: main,207.77340257045012,-2.1754942798099535,363.19577391873935,2.8518095821359656e-11,0.16485596356234253,0.13042566574460235,3.0,798
EB-offset hybrid: pairwise,208.27794423325554,-1.6709526170045308,353.61409304827896,1.8592551045894496e-09,3.933213184489565e-09,0.09549337167076888,3.0,798
Naive respondents,198.0503713184918,-10.884935782669004,508.0,0.4101334237565256,0.2787142796834426,0.4634533877593941,0.0,799
OLS prediction,206.684808144174,-2.250498956986803,,,,,,799
EB main,205.59225126861085,-3.3430558325499646,385.68672619116694,7.707097187613674e-15,0.4688187185648939,0.19483954215822236,0.0,799
EB pairwise,209.06532837940017,0.1300212782393544,272.9270111586112,1.517428991130817e-15,2.6067462889774693e-15,0.02894189476585293,0.0,799
EB-offset hybrid: main,207.25720949377703,-1.6780976073837905,376.01122448886355,1.6482343309070386e-10,0.39830787380370564,0.12509886761581024,12.0,799
EB-offset hybrid: pairwise,209.79919143235188,0.8638843311910591,282.07680930543387,2.035196640041417e-15,4.908228025335607e-15,0.05131843446552955,23.0,799
Naive respondents,199.42890537731714,-8.697038827221718,525.9999999999999,0.40379332853292815,0.2315231374995233,0.44017681321808727,0.0,800
OLS prediction,206.87286738094477,-1.2530768235940855,,,,,,800
EB main,206.27201657219288,-1.8539276323459717,415.69135308349934,2.1331197185940146e-10,0.30066241889461415,0.17534036669801525,0.0,800
EB pairwise,207.62176560169445,-0.5041786028444051,352.5536926128285,2.464221772432316e-15,1.9286848768071402e-15,0.028024474537777053,0.0,800
EB-offset hybrid: main,206.31782991433593,-1.8081142902029228,415.2744871605318,1.0120052864357961e-10,0.29637519266314966,0.17272752996383564,1.0,800
EB-offset hybrid: pairwise,207.79701621800805,-0.32892798653080035,354.05056746830996,2.0079474607375676e-13,2.1917397359447058e-13,0.022577260043617667,6.0,800
Naive respondents,202.27903706544893,-9.501185539970095,484.0,0.43035597188850605,0.13364938887139347,0.45549618394487046,0.0,801
OLS prediction,209.91396788415514,-1.8662547212638856,,,,,,801
EB main,208.20687111118286,-3.5733514942361637,373.040714300075,7.806032247163357e-16,0.3857064801280833,0.15554981392663267,0.0,801
EB pairwise,210.99562390052654,-0.7845987048924883,323.80753803189987,4.4172423612360425e-10,6.457414283166119e-10,0.04009878031815847,0.0,801
EB-offset hybrid: main,208.99847382844493,-2.781748776974098,378.02965921441876,4.975510941598799e-11,0.2727436254003878,0.1291833030042875,6.0,801
EB-offset hybrid: pairwise,211.43159765517242,-0.34862495024660234,317.7265506028693,2.1967616665902786e-13,3.5669064867902405e-13,0.028990828788175056,25.0,801
Naive respondents,199.5509935977364,-10.45020738782577,482.0000000000001,0.43225766524396836,0.1294602261889469,0.4755015295999588,0.0,802
OLS prediction,209.27935696512048,-0.7218440204416936,,,,,,802
EB main,207.82572826663056,-2.1754727189316156,370.51322001770836,7.764513538070842e-11,0.40375040142940777,0.14277081957142806,0.0,802
EB pairwise,206.9750234418841,-3.026177543678074,296.86974769224815,3.6867674078652184e-13,9.363080038551711e-13,0.11294508185141491,0.0,802
EB-offset hybrid: main,208.8236233911829,-1.1775775943792723,367.90116424926526,7.58928720480068e-10,0.3092645388193774,0.1225983375251153,7.0,802
EB-offset hybrid: pairwise,207.94868423671718,-2.052516748844994,316.75529463327234,2.0309087840489863e-15,2.749411390581218e-15,0.10335426703537867,13.0,802
Naive respondents,199.4165287200911,-10.367743387815153,475.99999999999983,0.39252145447658593,0.24069739192323295,0.44311781086632557,0.0,803
OLS prediction,206.54743902269215,-3.2368330852141014,,,,,,803
EB main,206.0492233332296,-3.735048774676642,377.89597468513205,2.333444974086346e-15,0.41946893377640754,0.24197416140391229,0.0,803
EB pairwise,208.66719561799496,-1.117076489911284,341.6609135538055,6.614846367504909e-15,1.0052351344523724e-14,0.09291888041548554,0.0,803
EB-offset hybrid: main,206.68005176023314,-3.104220347673106,376.24405486885206,1.1429673641300363e-09,0.37061019988504257,0.22151864326127127,6.0,803
EB-offset hybrid: pairwise,209.19188194785164,-0.592390160054606,331.8548319633896,7.107416974748955e-14,9.943856725887935e-14,0.09163943134957536,25.0,803
Naive respondents,197.93397185956744,-11.22854964798023,509.00000000000017,0.4227844725481246,0.20702458408957172,0.497168246204567,0.0,804
OLS prediction,207.25552655143693,-1.9069949561107364,,,,,,804
EB main,205.24240535285972,-3.920116154687946,367.7221715543626,9.68754057301926e-16,0.4893771647292829,0.24596049076839568,0.0,804
EB pairwise,207.16051003736334,-2.0020114701843283,273.03971199419044,1.2491702749431533e-09,5.0161894353563696e-09,0.08941511567541881,0.0,804
EB-offset hybrid: main,206.99483899394022,-2.1676825136074456,373.414610116536,2.289919775086827e-15,0.4028667285594585,0.1899951703207981,16.0,804
EB-offset hybrid: pairwise,209.17947411463945,0.016952607091781147,297.5697713373255,1.4845354981455267e-14,3.40270548452415e-14,0.04541380823086784,25.0,804
Naive respondents,198.59684166904967,-10.711581021762413,486.00000000000034,0.446703310693497,0.16950527070566443,0.48356295321571946,0.0,805
OLS prediction,209.99280959096188,0.6843869001498035,,,,,,805
EB main,208.62107467115976,-0.687348019652319,360.2017518983044,1.8237203175198362e-10,0.2329112106585825,0.12675024148295994,0.0,805
EB pairwise,209.95579492046687,0.6473722296547919,330.96888110231924,5.339347508395394e-15,4.462416912061666e-15,0.024083142881600978,0.0,805
EB-offset hybrid: main,208.4028663925393,-0.9055562982727849,351.83004547568447,2.820941346357221e-09,0.23709660042418684,0.12451259823647326,7.0,805
EB-offset hybrid: pairwise,209.9817446346092,0.6733219437971343,325.4847514446587,3.566710475210855e-15,4.091197383994678e-15,0.02419250251352364,5.0,805
Naive respondents,200.55623594273393,-9.737919120561116,486.00000000000034,0.4175156990071302,0.08683144767335231,0.45085535282205225,0.0,806
OLS prediction,207.9615211748889,-2.33263388840615,,,,,,806
EB main,207.2445185806016,-3.049636482693444,375.18132228948366,1.3041934438169628e-15,0.2949566621707957,0.22241947996768469,0.0,806
EB pairwise,208.60688041396415,-1.6872746493309023,340.2035919597612,1.0844051888362652e-13,2.3451523062546634e-13,0.13065477141165885,0.0,806
EB-offset hybrid: main,207.71312293218222,-2.581032131112835,368.1939084315555,4.1744546295043556e-10,0.2485695343427968,0.20268061705971732,9.0,806
EB-offset hybrid: pairwise,209.04139845722761,-1.252756606067436,342.4007584910552,7.776024992674542e-16,9.559983011659166e-16,0.12326672338009831,11.0,806
Naive respondents,197.7284291975316,-10.41131522769632,525.0000000000006,0.425826162569798,0.174753604256046,0.46723522904807574,0.0,807
OLS prediction,206.46371387380884,-1.6760305514190748,,,,,,807
EB main,205.42039636084468,-2.71934806438324,391.15621483659186,2.99816012992689e-12,0.15143204100791285,0.17127028728589022,0.0,807
EB pairwise,205.61534756932892,-2.524396855898999,366.9192368973952,3.136082904748624e-14,3.0771907798943786e-14,0.1302327257917216,0.0,807
EB-offset hybrid: main,205.7854953974832,-2.3542490277447143,392.1615076094458,5.013520383684608e-15,0.13108947050456612,0.16348839168405677,6.0,807
EB-offset hybrid: pairwise,206.07504400048828,-2.064700424739641,374.0483671651333,9.770275649445403e-10,4.034504504730022e-09,0.12157387030746071,5.0,807
Naive respondents,199.41073423480432,-11.782645721617683,472.00000000000017,0.4417576828693209,0.2426772563049618,0.5253331621303042,0.0,808
OLS prediction,207.57638880560052,-3.616991150821491,,,,,,808
EB main,205.89713768433984,-5.296242272082168,362.0318846809472,1.1086362158531812e-15,0.4331847784228944,0.2678606857776408,0.0,808
EB pairwise,207.82416540823536,-3.3692145481866476,313.8865445314734,1.3218177510883924e-13,4.212433771074279e-13,0.1639123745844237,0.0,808
EB-offset hybrid: main,207.2100602157625,-3.9833197406595104,365.23826708129116,5.8162385382931135e-09,0.29256097866442055,0.23089183673653496,8.0,808
EB-offset hybrid: pairwise,208.3727352502179,-2.8206447062041207,321.52381278686113,4.301130732497871e-14,4.24386520681051e-14,0.17342165162205878,9.0,808
Naive respondents,198.08594113043952,-10.890998497801945,504.0000000000002,0.40119910915668133,0.2047331142499975,0.4518723078405325,0.0,809
OLS prediction,207.95668531698914,-1.0202543112523301,,,,,,809
EB main,207.16046783492368,-1.8164717933177883,369.6465908654478,3.6062006673572022e-12,0.25660421355356317,0.18243071725033785,0.0,809
EB pairwise,207.65600351361678,-1.3209361146246863,345.92816809196484,1.6199594401194228e-14,5.257141376119635e-14,0.1671114159229923,0.0,809
EB-offset hybrid: main,207.50765303474154,-1.4692865934999304,368.56469594302285,1.5401004883169869e-09,0.2085932314449847,0.16006568360533993,5.0,809
EB-offset hybrid: pairwise,208.35089074157113,-0.6260488866703326,339.76005866416455,7.57168013522809e-13,1.1057663388490409e-12,0.12095842417772154,15.0,809
Naive respondents,198.47518258568715,-10.828607545885887,513.0000000000001,0.4436368914060035,0.21671062342574898,0.4779552957760341,0.0,810
OLS prediction,208.92230947931438,-0.38148065225865935,,,,,,810
EB main,207.7917099557162,-1.5120801758568518,378.0788672780375,1.2467658013259092e-09,0.18202695749643333,0.16750506334031223,0.0,810
EB pairwise,208.4261434206163,-0.877646710956725,355.5648251070451,2.5816085971944475e-09,3.600382068255862e-09,0.09539707672772797,0.0,810
EB-offset hybrid: main,207.99383708147866,-1.3099530500943786,369.63911510582744,8.43119715264527e-11,0.14313267889527836,0.14469628564574158,4.0,810
EB-offset hybrid: pairwise,208.4827084124894,-0.8210817190836508,356.11074281005756,9.37769940686131e-16,1.1380652008996336e-15,0.09624819736236995,4.0,810
Naive respondents,197.60755801713773,-8.973098000701327,514.0,0.3628602470618316,0.18316256422403296,0.39954540246619086,0.0,811
OLS prediction,203.99930801655944,-2.581348001279622,,,,,,811
EB main,202.95513548764455,-3.625520530194507,418.5160077730462,1.0920986518994737e-13,0.3402203682622653,0.21267012526277973,0.0,811
EB pairwise,206.02585545395416,-0.5548005638848963,345.37489747604695,6.4779527764055606e-15,8.681871126841705e-15,0.0507321521335533,0.0,811
EB-offset hybrid: main,203.21589679857908,-3.3647592192599802,421.843201132247,3.6484621772344873e-09,0.31905676305964914,0.21042368584065488,2.0,811
EB-offset hybrid: pairwise,206.06620506572477,-0.5144509521142879,346.7277085337547,4.371130137074415e-14,2.9330905674098406e-14,0.051644069303089166,8.0,811
Naive respondents,198.71333699021176,-9.802736784117968,515.0000000000001,0.4301905910255139,0.1492798494556035,0.44584775800510595,0.0,812
OLS prediction,207.63437866007118,-0.8816951142585481,,,,,,812
EB main,206.6652598411627,-1.850813933167018,383.5725517321948,5.818082794907606e-13,0.11948802852829826,0.1450432804164971,0.0,812
EB pairwise,206.76141402049942,-1.7546597538303104,366.9784407695016,8.47919567795682e-15,1.0004693791688773e-14,0.1186249550279433,0.0,812
EB-offset hybrid: main,207.0407519747759,-1.475321799553825,385.40888770178606,7.677371957370403e-12,0.09408552602024339,0.13564220711778296,8.0,812
EB-offset hybrid: pairwise,206.98900872872915,-1.5270650456005797,366.7850143806429,8.092369255993574e-14,1.4293128193942996e-13,0.12226282755066338,8.0,812
Naive respondents,199.05370766240654,-10.46346848946311,495.9999999999997,0.48820770048514167,0.17673818519819245,0.497353075218134,0.0,813
OLS prediction,208.9023741034394,-0.6148020484302492,,,,,,813
EB main,207.1728693249366,-2.3443068269330354,295.96986843623864,6.414138004900419e-12,0.26385382243230643,0.20536666409793178,0.0,813
EB pairwise,208.9748955715031,-0.5422805803665369,258.3982890286773,1.1568338156229093e-14,2.1378672224569706e-14,0.07303433548440112,0.0,813
EB-offset hybrid: main,207.9584781015634,-1.5586980503062478,297.8673346994846,1.4865912608127793e-12,0.19300577923166456,0.1589435881955171,5.0,813
EB-offset hybrid: pairwise,208.97489557150305,-0.5422805803665938,258.3982890286773,1.1561526359509945e-14,2.1392527192530302e-14,0.07303433548440114,0.0,813
Naive respondents,199.3327231759109,-9.94742669269499,495.9999999999997,0.40696476704851503,0.12162497263806141,0.45542919092098283,0.0,814
OLS prediction,208.3546715848379,-0.9254782837680011,,,,,,814
EB main,207.30949110605815,-1.9706587625477425,369.54636357216543,4.0460015980083246e-15,0.13293588400587955,0.19431269480408833,0.0,814
EB pairwise,207.5141023343338,-1.7660475342720758,346.2675436864315,7.52429695277354e-11,1.1769900848361012e-10,0.155320493969134,0.0,814
EB-offset hybrid: main,207.68362995674374,-1.5965199118621456,354.0337794075907,7.884724120093724e-10,0.12388241476314109,0.19029177528442973,12.0,814
EB-offset hybrid: pairwise,207.85604617252864,-1.4241036960772533,337.8008154981093,3.949760487252738e-16,1.2880015162438882e-15,0.15936075149358747,11.0,814
Naive respondents,198.78697971539816,-11.267483799656901,501.99999999999955,0.42997016430309604,0.2683496529018804,0.4748337808371047,0.0,815
OLS prediction,208.4547277588824,-1.599735756172663,,,,,,815
EB main,207.05103717082054,-3.0034263442345264,361.51796790887596,4.668170507713334e-14,0.46775004273196735,0.23687038173945058,0.0,815
EB pairwise,210.91971693127934,0.8652534162242773,283.9915234117476,1.2031781079373823e-14,2.346720941179813e-14,0.043889185508188246,0.0,815
EB-offset hybrid: main,207.6252082518906,-2.429255263164464,359.6400474461769,1.7373907948393665e-09,0.3958730894787801,0.20610553951685417,6.0,815
EB-offset hybrid: pairwise,211.31141376408615,1.2569502490310924,277.66330802438523,7.346680769170651e-14,7.66008180613856e-14,0.051204344942073286,21.0,815
Naive respondents,200.96313432948713,-9.011752541021707,512.0,0.407226612423963,0.17684978283261882,0.42384449833276694,0.0,816
OLS prediction,210.71022763264406,0.7353407621352233,,,,,,816
EB main,209.4466820216672,-0.5282048488416535,368.2112008373515,6.695307868689032e-14,0.2663611425987617,0.11292830420367969,0.0,816
EB pairwise,211.6411827834813,1.6662959129724584,337.9743995835016,7.950950241025098e-13,1.1627097668367644e-12,0.05805425734952961,0.0,816
EB-offset hybrid: main,209.76851833120588,-0.2063685393029573,355.5649490717259,1.455474876950821e-09,0.23286310684118805,0.0774774607872377,8.0,816
EB-offset hybrid: pairwise,211.7312270598507,1.75634018934187,329.1098949657515,9.529664172606919e-13,1.8326197862095835e-12,0.06838357468887474,12.0,816
Naive respondents,199.7980145994015,-10.779224738648225,493.0,0.4214104220027858,0.14447039455751096,0.44681132428625664,0.0,817
OLS prediction,208.7092890858857,-1.8679502521640359,,,,,,817
EB main,207.74803760801015,-2.8292017300395855,373.50459808695217,2.521200304922649e-10,0.2787324222595595,0.13729511097359098,0.0,817
EB pairwise,207.74537866695886,-2.8318606710908796,358.65457934905834,8.069734319791204e-15,3.898443569677789e-15,0.17326118069424495,0.0,817
EB-offset hybrid: main,208.5742162734526,-2.00302306459713,380.6539771666809,4.314041325521572e-12,0.18730323356206174,0.11883920514348222,7.0,817
EB-offset hybrid: pairwise,208.5652287660747,-2.0120105719750256,359.00780954747154,2.0564172384223668e-14,5.3799074222537615e-14,0.1396625795339156,8.0,817
Naive respondents,199.81886442076404,-10.18118287206218,517.0000000000002,0.3696490771968416,0.16921723450901296,0.43150522950028286,0.0,818
OLS prediction,208.30094432911056,-1.69910296371566,,,,,,818
EB main,207.29125894630627,-2.7087883465199525,422.3559557826144,1.3518148242034052e-14,0.17593040379451297,0.1805570593731367,0.0,818
EB pairwise,207.6305365077656,-2.369510785060612,381.0555812561068,5.265502548787109e-15,4.7194936400998586e-15,0.09838748537179268,0.0,818
EB-offset hybrid: main,208.00614919866442,-1.993898094161807,413.98977520924427,1.237521547043454e-15,0.17107661308000452,0.14142235319861193,9.0,818
EB-offset hybrid: pairwise,208.70744143372633,-1.2926058590998935,384.57589530902766,5.843329097191452e-13,1.462484234061374e-12,0.07382973346316746,12.0,818
Naive respondents,201.0715172564001,-9.607345730443853,500.0000000000005,0.4300797999005813,0.1012354873236877,0.450568742021392,0.0,819
OLS prediction,210.23618259646616,-0.44268039037780227,,,,,,819
EB main,209.2129699353206,-1.4658930515233806,387.7327692594778,9.775177421763441e-16,0.4339074109129368,0.09813654352641252,0.0,819
EB pairwise,209.094910707773,-1.5839522790709566,356.07391415674084,1.819396989399458e-12,1.5345605254832916e-12,0.11647986226378963,0.0,819
EB-offset hybrid: main,209.5749041874239,-1.1039587994200701,385.1451512243362,9.24690027708329e-09,0.4295300990497964,0.08081761479882424,10.0,819
EB-offset hybrid: pairwise,209.97265415131602,-0.7062088355279457,347.747974722841,7.658345845144823e-14,3.272701492799521e-13,0.08893298087471704,15.0,819
Naive respondents,199.9577676485043,-10.52229323681479,493.0,0.4454169990536507,0.17220415259396768,0.4816977029052719,0.0,820
OLS prediction,208.94019627099425,-1.5398646143248413,,,,,,820
EB main,208.51095142584325,-1.9691094594758454,355.4718119600016,1.8571294954929457e-10,0.24361013732316486,0.19801319322694214,0.0,820
EB pairwise,210.09479521275426,-0.38526567256482736,326.01656801522324,2.158416643727476e-14,2.8117413971293746e-14,0.09020748307728331,0.0,820
EB-offset hybrid: main,208.85560230363254,-1.6244585816865538,341.1449236364716,8.33440461508193e-10,0.2531039053783563,0.1775473276081246,11.0,820
EB-offset hybrid: pairwise,210.61198709733412,0.1319262120150313,307.83485228132247,2.1821263722356498e-13,4.422131100174501e-13,0.061890676125283685,45.0,820
Naive respondents,201.1130685996187,-9.73219893919861,490.99999999999994,0.4885064948271593,0.18278553507411496,0.5105837637767557,0.0,821
OLS prediction,212.09280281599368,1.247535277176354,,,,,,821
EB main,210.01868894406198,-0.8265785947553468,310.7969821844805,2.126001708950566e-10,0.27477648135976074,0.1033169167776812,0.0,821
EB pairwise,211.44313960470413,0.5978720658868042,282.552839595909,1.07191014483523e-12,1.1967988865733302e-12,0.04711897175441575,0.0,821
EB-offset hybrid: main,210.44073730889207,-0.4045302299252569,313.31455154766587,1.6373374920049518e-11,0.22101870830749495,0.0826977027550609,6.0,821
EB-offset hybrid: pairwise,211.4232960848086,0.5780285459912875,273.1388273004777,8.98200714744612e-16,2.1091983348187595e-15,0.05344606617854689,14.0,821
Naive respondents,199.51336070196982,-9.657153122633417,492.0000000000003,0.4821270826780657,0.16784538894943224,0.48790830228101245,0.0,822
OLS prediction,209.22288340308128,0.052369578478050016,,,,,,822
EB main,208.2455642684906,-0.9249495561126366,320.67938316638003,2.4827004975949876e-10,0.1307631874002848,0.20002371862617488,0.0,822
EB pairwise,208.99466609044003,-0.17584773416319877,299.5736018964419,1.3236023599609653e-14,2.172409281946941e-14,0.1390263954192545,0.0,822
EB-offset hybrid: main,208.8413122321759,-0.3292015924273244,301.3207452331119,1.051599379916072e-09,0.10362777515876234,0.14381197142632018,10.0,822
EB-offset hybrid: pairwise,209.15235495975975,-0.01815886484348539,288.73732679842936,1.4857095385491357e-13,2.1944477579991347e-13,0.11741699698033832,10.0,822
Naive respondents,201.78418370712635,-8.683557608841795,526.9999999999998,0.4055443378489735,0.1391586974860426,0.42745797124271223,0.0,823
OLS prediction,209.5567968681776,-0.9109444477905413,,,,,,823
EB main,208.5440493418056,-1.9236919741625513,413.65968308781413,3.6752797741551606e-12,0.1755248247087608,0.11037095222914485,0.0,823
EB pairwise,208.23840090275823,-2.2293404132099113,397.6909309105649,1.2163390929425408e-13,1.647658228440485e-13,0.13307907986708112,0.0,823
EB-offset hybrid: main,208.70365476538524,-1.7640865505829026,416.2804426185609,8.07559755325151e-11,0.16229813736707954,0.10694921981604445,7.0,823
EB-offset hybrid: pairwise,208.28808703117707,-2.17965428479107,398.8986689935529,1.4581349111010806e-13,2.371539529556451e-13,0.13206496384519426,1.0,823
Naive respondents,199.10759005053177,-10.558353649880615,509.00000000000017,0.40501794035216504,0.1960147781174428,0.45649525901654636,0.0,824
OLS prediction,207.87212982299155,-1.7938138774208312,,,,,,824
EB main,206.41380578488008,-3.252137915532302,385.17169691711587,3.010114028759695e-11,0.5324829049835841,0.20903539205339575,0.0,824
EB pairwise,209.0282324296888,-0.637711270723571,323.4424665963052,4.2184027061448747e-13,1.0505566313558353e-12,0.038337769361265435,0.0,824
EB-offset hybrid: main,207.61723246035845,-2.048711240053933,387.9538937928926,7.949811157601056e-12,0.4004759564540326,0.15530704743871454,8.0,824
EB-offset hybrid: pairwise,209.7642370143407,0.09829331392830909,327.5170662092398,2.4875380460127955e-13,2.5289431826392346e-13,0.01637297116291487,7.0,824
Naive respondents,200.86222317559424,-9.894448493394776,492.0000000000003,0.436345582827269,0.22943289331457287,0.4516468907137697,0.0,825
OLS prediction,210.39515395737442,-0.3615177116145958,,,,,,825
EB main,209.2242236831831,-1.5324479858059021,358.0688193006079,1.0066974090259573e-09,0.2520622133266788,0.13019460321022636,0.0,825
EB pairwise,209.14043585205428,-1.6162358169347328,350.6462399049344,1.0250620651712485e-14,2.2190030459887788e-14,0.1455126257067168,0.0,825
EB-offset hybrid: main,209.36204185247024,-1.3946298165187727,359.26349836447633,2.165462638106173e-15,0.18129175470047532,0.11918789887198349,8.0,825
EB-offset hybrid: pairwise,209.2755592420258,-1.4811124269632217,348.26358837263604,1.9088251246237678e-15,3.828352745903822e-15,0.13894952890304424,3.0,825
Naive respondents,198.67660256552415,-9.416900717787968,501.99999999999955,0.43033257177562134,0.2012366402720156,0.44539418633573713,0.0,826
OLS prediction,207.1223785345366,-0.9711247487755088,,,,,,826
EB main,206.40282160928308,-1.6906816740290367,373.20853152191165,2.5784789449010677e-11,0.27581935392628937,0.19657855887971698,0.0,826
EB pairwise,208.35877122908238,0.2652679457702618,330.56460717434857,4.840479441594662e-16,1.2139018857829185e-15,0.0661102756861412,0.0,826
EB-offset hybrid: main,207.0641714957073,-1.0293317876048036,353.35378020940414,4.5899570209849177e-11,0.23579819269295127,0.15016133086082342,16.0,826
EB-offset hybrid: pairwise,208.4931138053278,0.3996105220156778,323.2491161173773,2.8603741164432974e-09,3.145648913976024e-09,0.05541461099555867,9.0,826
Naive respondents,202.1520098323206,-9.476106995356531,493.0,0.441913935784693,0.17275351645192902,0.4870306738153541,0.0,827
OLS prediction,212.1579226578505,0.529805830173359,,,,,,827
EB main,210.65233775656364,-0.975779071113493,371.3906183407722,3.1972672613812864e-10,0.21662153650039098,0.17331572054275132,0.0,827
EB pairwise,211.09065443272974,-0.5374623949473971,329.74640963458626,3.343682715492899e-10,6.068109884206338e-10,0.07096898120121223,0.0,827
EB-offset hybrid: main,210.60758869706544,-1.0205281306116945,354.1465895434699,1.162609208474927e-09,0.1769952461958341,0.15116568948196005,16.0,827
EB-offset hybrid: pairwise,211.5336778076464,-0.0944390200307339,330.97837518761924,3.4065030337314674e-15,2.57884849030247e-15,0.05726239059615969,8.0,827
Naive respondents,199.89465375061545,-9.494751618388449,493.0,0.391243095106625,0.1943159829629677,0.4198060690391044,0.0,828
OLS prediction,208.1715198997175,-1.2178854692863865,,,,,,828
EB main,206.99236718099243,-2.3970381880114644,386.80609604433687,3.46010298105305e-15,0.41214410914451766,0.2039270113063471,0.0,828
EB pairwise,209.47007544813255,0.08067007912865165,348.8218527584045,5.12509897714013e-13,4.050627257824194e-13,0.0507608195124325,0.0,828
EB-offset hybrid: main,207.63717005840306,-1.7522353106008381,384.9499967291589,1.1480873195196722e-10,0.31312941575953424,0.17522490111786793,6.0,828
EB-offset hybrid: pairwise,209.47734895497567,0.08794358597177165,346.5503408079272,1.850032793598657e-10,2.712620509167137e-10,0.044058538075736765,2.0,828
Naive respondents,199.84957345989278,-9.463521578226988,519.9999999999998,0.44146497264906964,0.162344864111405,0.45252835172914213,0.0,829
OLS prediction,208.5513127054159,-0.7617823327038593,,,,,,829
EB main,207.11307339677637,-2.2000216413433975,390.8942473326386,1.464313853443895e-12,0.25610042379455705,0.11457879131265239,0.0,829
EB pairwise,208.6282019833438,-0.6848930547759551,365.1879963624317,3.415635468670102e-12,5.6977047248519275e-12,0.024681714985246024,0.0,829
EB-offset hybrid: main,207.5104707851355,-1.802624252984259,396.19788883225823,1.3048147765223198e-10,0.22599923010364467,0.10380951998284423,3.0,829
EB-offset hybrid: pairwise,208.87582994855643,-0.43726508956333987,367.3090541681907,7.54651552305326e-15,6.622649861187269e-15,0.019418031510770734,3.0,829
Naive respondents,200.03857370619374,-11.07165936930312,489.00000000000006,0.4430517776094388,0.25168456366956643,0.5066631781897046,0.0,830
OLS prediction,209.30710679857754,-1.803126276919329,,,,,,830
EB main,208.5486306722749,-2.5616024032219684,360.98351055684856,5.1352238224439676e-15,0.3662605225906493,0.22720249056310288,0.0,830
EB pairwise,210.7717865300974,-0.3384465453994778,298.180890403961,3.0183869583708775e-16,1.3702734355207644e-15,0.05216405748691388,0.0,830
EB-offset hybrid: main,209.42240823594653,-1.6878248395503306,342.8229246631922,1.1860994468065932e-09,0.3115765567028105,0.17345236628630512,20.0,830
EB-offset hybrid: pairwise,211.184934765233,0.07470168973614477,293.96116281780127,3.128988508543249e-14,4.383309879105353e-14,0.04676570912435098,19.0,830
Naive respondents,202.146697475775,-9.72470322857123,492.0000000000003,0.442232803251093,0.217136942274656,0.4676620698183378,0.0,831
OLS prediction,210.80875079463956,-1.0626499097066642,,,,,,831
EB main,210.11292173192254,-1.7584789724236884,355.082974048305,1.962960340286712e-14,0.2603258233268049,0.1812642018832335,0.0,831
EB pairwise,211.5813597772637,-0.29004092708251505,310.3796074317319,2.5581701645959026e-13,4.5287765775368677e-13,0.0739226192185394,0.0,831
EB-offset hybrid: main,210.35555537066753,-1.5158453336786977,354.8328463724524,1.7156351812769052e-09,0.23952031501546459,0.17447833589250725,4.0,831
EB-offset hybrid: pairwise,211.67234542191892,-0.19905528242730952,312.5247178323272,5.269883596010734e-14,5.875557950112278e-14,0.07338565322234898,10.0,831
Naive respondents,199.2532197597454,-10.456711436131144,508.0,0.39418211793294705,0.2386061309123621,0.43021353718465954,0.0,832
OLS prediction,208.42373584766165,-1.2861953482149033,,,,,,832
EB main,207.43825867223617,-2.271672523640376,387.73862088638833,1.9468180459631506e-15,0.2854575275227046,0.17232940499153748,0.0,832
EB pairwise,209.4849360325177,-0.22499516335884095,358.94639005996527,8.496488112857775e-12,5.5376473308144294e-12,0.036529048906642075,0.0,832
EB-offset hybrid: main,208.33205862875792,-1.3778725671186294,371.5593764021251,4.304324667575598e-11,0.21605686651918998,0.14463374507045937,15.0,832
EB-offset hybrid: pairwise,209.9465724295993,0.23664123372276435,348.54139953295817,1.7262096455746628e-15,1.4561685560113223e-15,0.03545604217467052,14.0,832
Naive respondents,200.9020360411714,-9.066496233607097,511.0,0.37599476055157227,0.13964883312140514,0.40233112545342964,0.0,833
OLS prediction,209.6456130565833,-0.3229192181952101,,,,,,833
EB main,208.87447901985988,-1.0940532549186344,409.5272358112248,7.914806217801356e-10,0.1516474067914696,0.1235794205433186,0.0,833
EB pairwise,208.96138434053967,-1.0071479342388443,386.6160801441706,1.3262810965835892e-14,1.6479688957460832e-14,0.0900886013288354,0.0,833
EB-offset hybrid: main,209.1585456243604,-0.8099866504180966,393.2104788449689,1.5464910025468206e-12,0.11001766406853164,0.09562431351652154,10.0,833
EB-offset hybrid: pairwise,209.09121956519445,-0.8773127095840607,387.0623310392753,1.171797393056104e-14,1.9022032264126245e-14,0.08592119105969877,5.0,833
Naive respondents,202.94888658068885,-9.574525301046236,519.0,0.4159165415000991,0.2644584403230453,0.4521430647501129,0.0,834
OLS prediction,209.9488877006385,-2.574524181096592,,,,,,834
EB main,209.59591877663277,-2.9274931051023145,411.4615877698493,4.8100981734416116e-09,0.34374765936671253,0.18642995801135967,0.0,834
EB pairwise,212.18238523009538,-0.3410266516397087,351.5867128981903,6.644176546563623e-13,1.0714503887276466e-12,0.024716936675904834,0.0,834
EB-offset hybrid: main,210.78455966037302,-1.738852221362066,402.9182543659173,1.220259044832954e-10,0.2823769018537884,0.14367882818780162,11.0,834
EB-offset hybrid: pairwise,212.4455863305946,-0.07782555114047796,354.29113437211396,1.1500810926081053e-12,1.961147656085033e-12,0.020984738162850396,4.0,834
Naive respondents,198.27279910399477,-12.059746026633206,511.0,0.42230773595515325,0.230989760645935,0.4851612337756087,0.0,835
OLS prediction,209.36505923353175,-0.9674858970962248,,,,,,835
EB main,207.7645918997685,-2.567953230859473,373.628821237017,1.3124608705121653e-15,0.16146692832692783,0.1440112134083033,0.0,835
EB pairwise,207.7638072462235,-2.56873788440447,357.61137514137073,1.0927955103923938e-15,7.099879031394567e-16,0.11305363927828943,0.0,835
EB-offset hybrid: main,208.13668413515967,-2.1958609954683084,379.08384193044674,1.7995833309952687e-10,0.13006538946963153,0.1290901637472776,3.0,835
EB-offset hybrid: pairwise,208.03428862228742,-2.2982565083405575,364.9933135999738,3.752503055904785e-13,1.0491820933230084e-12,0.10945353055782249,2.0,835
Naive respondents,202.1248798336675,-8.41072089942682,518.0,0.3945623977031759,0.15408975964716695,0.40600832442621526,0.0,836
OLS prediction,208.66054077731744,-1.8750599557768908,,,,,,836
EB main,207.6181326190724,-2.917468114021915,414.18497590948505,4.4301721607386354e-13,0.20402043271388592,0.1857841056407302,0.0,836
EB pairwise,207.99250807522384,-2.5430926578704884,377.6087380919077,1.0179661831307105e-14,1.3482635178290534e-14,0.12885952729773578,0.0,836
EB-offset hybrid: main,207.95385454103118,-2.58174619206315,418.51317723642325,6.091073991102117e-09,0.19215744310734,0.17303711972014796,2.0,836
EB-offset hybrid: pairwise,208.30742105123366,-2.2281796818606665,381.8583427312551,6.960589119042182e-14,1.4301887155875867e-13,0.12069076521623216,3.0,836
Naive respondents,201.0844717380579,-9.752184338298633,498.99999999999994,0.4589060958362426,0.1733996795678022,0.47044797859160575,0.0,837
OLS prediction,210.9559060022832,0.11924992592665262,,,,,,837
EB main,208.6810374245197,-2.1556186518368463,345.8100575304196,5.359221065200591e-15,0.3555659682449296,0.17092887872956844,0.0,837
EB pairwise,210.76643671686753,-0.07021935948901614,343.7282599785597,4.6416493481815786e-11,8.83180463774488e-11,0.037845533872062735,0.0,837
EB-offset hybrid: main,209.79444161862912,-1.0422144577274253,360.21958689878795,8.80188351963808e-09,0.18411914514172184,0.11776345409179151,9.0,837
EB-offset hybrid: pairwise,210.85071880189207,0.014062725535524123,342.28177035027136,2.793161023104176e-09,2.4680591931472384e-09,0.03552592574163226,4.0,837
Naive respondents,200.660612744628,-10.598942754141945,505.00000000000034,0.44466044031514185,0.19332068657125967,0.4758883337850337,0.0,838
OLS prediction,211.6353468199121,0.3757913211421453,,,,,,838
EB main,210.42983076115067,-0.8297247376192729,352.9594178531789,3.0577762323094858e-15,0.21961903439486186,0.13974498457863965,0.0,838
EB pairwise,211.6766710154145,0.41711551664457147,307.53074514378915,3.89917239716375e-09,5.952170343362229e-09,0.02379089341905607,0.0,838
EB-offset hybrid: main,211.0118144856332,-0.24774101313673214,340.0488951464992,1.3468874328734523e-10,0.18060054499811246,0.1111677996943343,12.0,838
EB-offset hybrid: pairwise,212.49061078818468,1.2310552894147406,306.7270171793743,2.1671898252003453e-13,2.3964373249926866e-13,0.056544865341613564,22.0,838
Naive respondents,201.6082540878054,-9.133736818547135,487.99999999999955,0.4489562729146601,0.21124241910136507,0.433114309212016,0.0,839
OLS prediction,211.4131229710878,0.671132064735275,,,,,,839
EB main,210.33158884063744,-0.41040206571508975,353.2443891525448,4.508526176964738e-10,0.20645355747074634,0.1349070061906126,0.0,839
EB pairwise,211.2817688859407,0.5397779795881661,317.379559829495,2.2578276116789632e-10,1.8455073140544838e-10,0.03251782722223766,0.0,839
EB-offset hybrid: main,210.24384276675016,-0.4981481396023639,349.284492102722,2.034892062029801e-10,0.19946311168332156,0.12501041478111663,4.0,839
EB-offset hybrid: pairwise,211.23131524426174,0.4893243379092098,309.19314076378294,4.366084912758245e-15,3.6941812122092414e-15,0.03491923182081335,9.0,839
Naive respondents,202.37255414749293,-10.29335594390571,496.9999999999997,0.38613075216988246,0.15191448601996954,0.43412421813014446,0.0,840
OLS prediction,211.982438755445,-0.6834713359536408,,,,,,840
EB main,211.24397782916714,-1.4219322622315076,382.3105225778935,1.7778450094456736e-10,0.18632983827366864,0.17052968788153142,0.0,840
EB pairwise,212.28673553579563,-0.37917455560301505,352.3755985279937,3.645207507093019e-09,4.824045650277093e-09,0.06931559486871236,0.0,840
EB-offset hybrid: main,211.58716759545035,-1.0787424959482905,369.45078923548334,4.920070869062921e-10,0.15199440464153371,0.14502547353409556,11.0,840
EB-offset hybrid: pairwise,212.40568169814688,-0.26022839325176506,351.44932625069254,1.5679756105112283e-09,8.664945699024075e-10,0.06610185988462056,7.0,840
Naive respondents,199.4101647362486,-9.246143739261328,529.0000000000003,0.37462433238142684,0.1455263015917875,0.4005662596238101,0.0,841
OLS prediction,208.99143212045357,0.3351236449436499,,,,,,841
EB main,207.98197082987147,-0.6743376456384453,423.9656483731923,4.88261578749852e-11,0.18913784832063937,0.10439524224453768,0.0,841
EB pairwise,209.1948470492256,0.5385385737156696,386.07546713833915,9.692602222469151e-13,8.860895834188127e-13,0.01996125597813634,0.0,841
EB-offset hybrid: main,207.98197082987147,-0.6743376456384453,423.9656483731923,4.88261578749852e-11,0.18913784832063937,0.10439524224453768,0.0,841
EB-offset hybrid: pairwise,209.30735162907126,0.6510431535613463,388.90799382323195,4.498316200446651e-15,3.998495560853699e-15,0.024551977801249666,2.0,841
Naive respondents,197.60977329086222,-10.91863725103812,490.99999999999994,0.4107055162272903,0.19451225411892067,0.4833065633424024,0.0,842
OLS prediction,205.30338022412275,-3.2250303177775947,,,,,,842
EB main,204.09672274214134,-4.431687799759004,357.92749342988884,2.5710810038425948e-11,0.4731626877389062,0.28064134200273966,0.0,842
EB pairwise,208.5881073129654,0.0596967710650631,281.3332357645468,5.035758121715287e-12,2.220511523880306e-12,0.054346059807841324,0.0,842
EB-offset hybrid: main,205.2003296723982,-3.328080869502145,362.88019812935426,5.075923920315481e-11,0.3777648558501907,0.2449374820676916,11.0,842
EB-offset hybrid: pairwise,208.77955610611772,0.25114556421738143,269.081833788742,7.6765469821032e-09,3.744566760224355e-09,0.042068126707309916,17.0,842
Naive respondents,201.59459883068078,-9.006316342306434,498.0000000000003,0.4235891111444389,0.18128994254076866,0.4109227895085039,0.0,843
OLS prediction,210.04694821906932,-0.5539669539178931,,,,,,843
EB main,209.1659344053501,-1.4349807676371142,366.64416567117127,9.995412552640823e-10,0.22583477259589624,0.1380612651477772,0.0,843
EB pairwise,210.349967348108,-0.250947824879205,340.51393845495386,2.9361243453205366e-12,4.372659590134794e-12,0.06216935489321357,0.0,843
EB-offset hybrid: main,209.15230036546893,-1.4486148075182825,365.6561557527508,4.023344903525591e-11,0.2423900928054368,0.14319342298568155,6.0,843
EB-offset hybrid: pairwise,210.892366553884,0.291451380896774,329.1612736138745,1.0721828099300728e-12,1.1138620386260265e-12,0.039401143336215756,14.0,843
Naive respondents,201.2851650179817,-9.46760639328383,505.9999999999996,0.3857451373983887,0.09818672806419886,0.43726306847820234,0.0,844
OLS prediction,209.1187648428241,-1.6340065684414355,,,,,,844
EB main,207.67773476065915,-3.0750366506063926,411.8999992088198,1.3733339789462168e-10,0.1586906131091346,0.14755180835241216,0.0,844
EB pairwise,208.78171633147383,-1.9710550797917108,385.2166688091722,8.437410158622379e-09,4.098853595729613e-09,0.06625825032281721,0.0,844
EB-offset hybrid: main,208.93912406633982,-1.8136473449257267,405.93806000239096,4.890144881148327e-13,0.09297362901813944,0.10711639866484994,12.0,844
EB-offset hybrid: pairwise,209.16020315976746,-1.5925682514980792,380.8799011860252,2.833656705030683e-16,1.1888008214967525e-15,0.05507935890369764,6.0,844
Naive respondents,199.3697340637129,-10.053538462697816,510.0,0.402050503241629,0.22787563471876252,0.4292975135731174,0.0,845
OLS prediction,207.62115360133194,-1.802118925078787,,,,,,845
EB main,206.74668924570466,-2.676583280706069,408.3557623665613,1.4716564907396061e-09,0.239761506098287,0.1663218703480117,0.0,845
EB pairwise,208.0158460996757,-1.4074264267350145,378.42385760238005,4.469211946933777e-14,1.0096415955639972e-13,0.0678506951255774,0.0,845
EB-offset hybrid: main,206.85233480964126,-2.570937716769464,406.18597033716185,1.9518630881482654e-09,0.25604340395775205,0.17414337828721393,4.0,845
EB-offset hybrid: pairwise,208.79670547159037,-0.6265670548203559,368.1764969857933,4.454613937628834e-15,4.608604960954834e-15,0.04380003898057434,12.0,845
Naive respondents,199.51543143481814,-10.451862172340611,501.99999999999955,0.42297910089129837,0.12767702591779015,0.4674731813089639,0.0,846
OLS prediction,207.73195771596406,-2.235335891194694,,,,,,846
EB main,206.91005722517303,-3.0572363819857173,380.4620482673784,5.311860862229019e-09,0.28416084039794726,0.24635820332289632,0.0,846
EB pairwise,208.43405492690997,-1.533238680248786,341.279978934913,8.340186003111292e-14,1.2690721348289152e-13,0.13681530672623668,0.0,846
EB-offset hybrid: main,208.51364781763013,-1.453645789528622,365.51123040054136,4.8083487738529e-10,0.16707197524419953,0.1711845115034441,16.0,846
EB-offset hybrid: pairwise,208.71872548853523,-1.248568118623524,341.06871016841905,1.2436370575124669e-09,2.571750061156235e-09,0.13026168359124463,4.0,846
Naive respondents,198.96158386880012,-11.530574935060486,474.9999999999996,0.41390064708581603,0.18844896970853267,0.44294756961038295,0.0,847
OLS prediction,209.62226961705053,-0.8698891868100702,,,,,,847
EB main,208.41762225463336,-2.074536549227247,353.02079658217264,2.1920151922667963e-14,0.15010782399129238,0.13484224193158745,0.0,847
EB pairwise,208.85082199583934,-1.641336808021265,338.42693482990745,6.5024993004797e-14,5.836890473775749e-14,0.09115358226925771,0.0,847
EB-offset hybrid: main,208.41762225463341,-2.07453654922719,353.02079658217264,2.1929749341698246e-14,0.1501078239912925,0.1348422419315875,0.0,847
EB-offset hybrid: pairwise,209.05466280604085,-1.4374959978197523,341.8873832029072,6.466792085989412e-15,9.729472006396044e-15,0.08402922112387962,2.0,847
Naive respondents,200.00233633237895,-9.785666768409499,486.99999999999966,0.41770356424051247,0.263176895170781,0.4504868892059007,0.0,848
OLS prediction,208.22175329285795,-1.5662498079304896,,,,,,848
EB main,207.16103117592843,-2.6269719248600154,379.903817887523,7.667033454654506e-10,0.3712678764268574,0.1696545139572374,0.0,848
EB pairwise,210.70575925779767,0.9177561570092223,300.901593692626,4.3783724375002514e-10,4.957489154444316e-10,0.05404195348632673,0.0,848
EB-offset hybrid: main,207.96716544898004,-1.8208376518084037,380.057893602114,4.3476488279376207e-10,0.3228238638760804,0.15574274280343833,11.0,848
EB-offset hybrid: pairwise,211.13281238811715,1.344809287328701,277.9959723567861,3.6950635521165516e-15,3.6114393086257975e-15,0.06531623930236653,88.0,848
Naive respondents,200.32100358446917,-9.835188737032553,489.99999999999994,0.38399156308100835,0.14472745917551808,0.43484960655635785,0.0,849
OLS prediction,208.58488786303786,-1.5713044584638567,,,,,,849
EB main,207.67818876026303,-2.478003561238694,391.59897690411356,6.110975939679317e-12,0.20714913464524534,0.18162821633013976,0.0,849
EB pairwise,207.49737351161735,-2.658818809884366,358.41152387578217,4.329666091599329e-10,1.5019547071942826e-09,0.1566446421182339,0.0,849
EB-offset hybrid: main,208.20535855073788,-1.9508337707638361,384.24512196472307,7.776433538754095e-09,0.13574620083030225,0.14845680283025992,10.0,849
EB-offset hybrid: pairwise,207.78513690329285,-2.3710554182088686,359.8041237977704,2.3825174703958998e-14,7.586939547632362e-14,0.15186518997874737,4.0,849
Naive respondents,199.87699059860952,-9.203999681718813,519.0,0.41262604814300896,0.19213816398018538,0.4269555515030741,0.0,850
OLS prediction,208.46719149236242,-0.6137987879659192,,,,,,850
EB main,207.201866150485,-1.8791241298433476,375.56999950767755,4.2598688794673195e-11,0.16010087850538357,0.16602290427684765,0.0,850
EB pairwise,207.62090056361225,-1.4600897167160838,361.85175104413935,2.489154877211569e-14,2.5626905455990642e-14,0.13044158461137706,0.0,850
EB-offset hybrid: main,207.24511055884278,-1.8358797214855542,378.95175354880564,2.1166413893096964e-15,0.1489119961287994,0.1647006419284237,2.0,850
EB-offset hybrid: pairwise,207.65100556387736,-1.4299847164509742,360.38951774205674,1.9840226513782262e-13,2.922057289578873e-13,0.12654290210496924,5.0,850
Naive respondents,203.8000625476875,-7.724552507906822,492.0000000000003,0.4284939839109644,0.15416618901637902,0.4209888530103342,0.0,851
OLS prediction,211.765603016158,0.24098796056367178,,,,,,851
EB main,210.54642739108343,-0.978187664510898,389.1642491415591,2.1099980906643697e-13,0.29961179153841944,0.11398663743962695,0.0,851
EB pairwise,211.3360137718051,-0.18860128378921104,349.24951204424127,1.7035216207808387e-14,1.7890682256164824e-14,0.05664892335767246,0.0,851
EB-offset hybrid: main,211.20926988357277,-0.31534517202155143,383.8154259540438,3.855883928924621e-11,0.23507184924256982,0.08761724357728468,8.0,851
EB-offset hybrid: pairwise,211.39821366672052,-0.12640138887380203,349.7601659582664,1.0329811663435365e-15,1.1935111831830263e-15,0.05481782306152294,1.0,851
Naive respondents,199.35709060955983,-8.538393025618973,515.0000000000001,0.41952236801190756,0.14963212626940442,0.4341337601284768,0.0,852
OLS prediction,207.642350455156,-0.2531331800228145,,,,,,852
EB main,206.4459890193942,-1.4494946157846016,383.33049562877835,4.156815988415008e-15,0.21252289919561382,0.1611851557819938,0.0,852
EB pairwise,207.5709458215531,-0.3245378136257102,363.15616677935606,7.491440255824401e-13,7.22404582430799e-13,0.07294830167635606,0.0,852
EB-offset hybrid: main,206.48750355112924,-1.4079800840495693,376.4997018273728,2.4127547157988086e-11,0.20290075311549072,0.15148268118527697,6.0,852
EB-offset hybrid: pairwise,207.64356697985164,-0.25191665532716456,357.26825139499863,1.1459548922084777e-13,2.2195796084272732e-13,0.06152115527401486,5.0,852
Naive respondents,197.21880177030508,-12.071074136171546,477.9999999999997,0.42115452459563685,0.1818355512609936,0.4875470989531549,0.0,853
OLS prediction,207.31688582902396,-1.972990077452664,,,,,,853
EB main,205.35863650543644,-3.9312394010401874,335.6985509649066,8.555694995840626e-09,0.5187462663313859,0.24149689084444015,0.0,853
EB pairwise,209.60158555935084,0.3117096528742138,271.1904981245151,2.904055498860168e-12,7.847143979431123e-12,0.059351924902690464,0.0,853
EB-offset hybrid: main,206.90487829007463,-2.3849976164019893,333.6273040214211,2.115896306705206e-10,0.3529082895073971,0.17419938666735296,11.0,853
EB-offset hybrid: pairwise,209.7972065035013,0.5073305970246622,276.76876720675324,1.88300199714092e-15,2.226522818693648e-15,0.05799258181142711,8.0,853
Naive respondents,197.62632986601884,-11.299486294778433,524.0,0.3368857581487523,0.15999154048689876,0.41618668248982055,0.0,854
OLS prediction,205.50584711585822,-3.4199690449390516,,,,,,854
EB main,204.48951489349872,-4.436301267298546,446.4534943704172,1.7242631798865736e-11,0.7190087497203292,0.15844549982352635,0.0,854
EB pairwise,204.49837097462222,-4.427445186175049,428.2486601607116,1.2177741165891036e-15,9.890294507834378e-16,0.19409280744160948,0.0,854
EB-offset hybrid: main,205.5435097488393,-3.3823064119579556,440.2705276729124,6.343149019387502e-14,0.4764331657000905,0.14219351482342155,7.0,854
EB-offset hybrid: pairwise,205.4202524485989,-3.5055637121983807,420.7888069848373,1.0771440564578771e-09,1.0900776301073044e-09,0.18041515238207156,6.0,854
Naive respondents,198.84968450674026,-9.503306049201711,487.99999999999955,0.4196139593716598,0.12153926724322815,0.447470970019335,0.0,855
OLS prediction,207.3302152507392,-1.0227753052027708,,,,,,855
EB main,206.41065141765398,-1.9423391382879913,375.45127706167335,6.830836721840226e-14,0.1589348998280114,0.11174171146653736,0.0,855
EB pairwise,206.09067215578403,-2.2623184001579375,357.6030218589425,9.197794542630615e-10,1.93239094409853e-09,0.11779671492514518,0.0,855
EB-offset hybrid: main,207.27849890727234,-1.0744916486696354,378.117926702905,9.231424506276933e-10,0.1454387206873919,0.093691779457517,9.0,855
EB-offset hybrid: pairwise,207.0086341694382,-1.3443563865037618,358.730750535494,3.27077196021418e-09,2.0329450984000397e-09,0.10332385418448783,10.0,855
Naive respondents,198.9764604327235,-9.989605887341185,504.0000000000002,0.41471339799222756,0.1551250326793161,0.4347993079407652,0.0,856
OLS prediction,207.9647440747728,-1.0013222452919024,,,,,,856
EB main,207.03859710782854,-1.9274692122361614,375.9957173716591,1.949970426987044e-09,0.2493882371336916,0.18089525606929224,0.0,856
EB pairwise,208.38071168913558,-0.5853546309291175,342.1795951490882,2.3806172411729083e-14,2.9284108898455945e-14,0.09087750816932821,0.0,856
EB-offset hybrid: main,207.1360671881404,-1.8299991319242963,370.6790343934217,2.667818511461665e-10,0.2554403506261758,0.178207238812241,9.0,856
EB-offset hybrid: pairwise,208.75516201114837,-0.2109043089163265,328.22072409544603,1.140407510391058e-13,1.476364021590038e-13,0.06830046951815458,16.0,856
Naive respondents,201.5473504522261,-9.359686166924206,525.0000000000006,0.414218783882967,0.17780231147139955,0.4286713418081523,0.0,857
OLS prediction,210.94481949402174,0.037782874871425065,,,,,,857
EB main,209.9686610880894,-0.9383755310609274,396.03030816954566,2.0821733874156446e-15,0.14273839168088281,0.1366878232218803,0.0,857
EB pairwise,210.3958920638508,-0.5111445552995235,370.9182325944901,3.111910200793849e-13,2.702665954466711e-13,0.07399466306522305,0.0,857
EB-offset hybrid: main,210.31822752987975,-0.5888090892705691,390.9926499591903,1.8733943539693465e-09,0.11715910691481268,0.122572973376989,6.0,857
EB-offset hybrid: pairwise,210.48502223451274,-0.4220143846375777,358.411112195857,1.1357001142465677e-15,1.4525095633775712e-15,0.08109478712242409,10.0,857
Naive respondents,198.84528581222781,-10.485943150107857,457.0000000000004,0.4634192025780209,0.19856830073605697,0.4818848532320838,0.0,858
OLS prediction,208.7219280217192,-0.609300940616464,,,,,,858
EB main,207.38402313323442,-1.9472058291012502,329.25484885230014,6.360087355810052e-09,0.3132966840067126,0.18603292171227312,0.0,858
EB pairwise,209.11406178756468,-0.21716717477099223,299.49630993870136,9.820466538480077e-14,8.523662212470568e-14,0.04932543251577589,0.0,858
EB-offset hybrid: main,208.01574938742868,-1.3154795749069876,318.828721571656,1.7929946584389055e-10,0.24823393990087747,0.13316941827846354,9.0,858
EB-offset hybrid: pairwise,209.6636516504457,0.33242268811002873,289.93682652785077,1.9659807486523656e-15,3.100496969551778e-15,0.034463126606310006,29.0,858
Naive respondents,200.44045805306624,-9.40434928163657,515.0000000000001,0.47174250779407306,0.14789279585515586,0.4748565386168576,0.0,859
OLS prediction,211.17315780773572,1.3283504730329128,,,,,,859
EB main,210.25956001907792,0.4147526843751166,350.21135330183,3.947489459040025e-11,0.19190927777008687,0.12557053418241101,0.0,859
EB pairwise,211.05896332380004,1.214155989097236,317.0288248281264,1.2091516976314687e-11,1.1219291217608501e-11,0.05156029247441316,0.0,859
EB-offset hybrid: main,210.0841706389819,0.23936330427909525,336.57371286470175,9.81185649020019e-11,0.18315783235740676,0.11341161057621196,5.0,859
EB-offset hybrid: pairwise,210.82855138971144,0.9837440550086285,297.6068909436975,5.8009557397898e-09,3.0891014228251057e-09,0.04740962451772417,8.0,859
Naive respondents,200.30143603996885,-9.995572894136899,527.9999999999997,0.4068266838634501,0.14683614252672594,0.4495733006011009,0.0,860
OLS prediction,208.15547615366,-2.1415327804457434,,,,,,860
EB main,207.467865524295,-2.82914340981074,422.0164257357333,6.025955420668775e-09,0.2108227417121686,0.2006916361399452,0.0,860
EB pairwise,207.7767223738589,-2.520286560246859,396.5345985053678,4.688123944825393e-09,7.792399115816172e-09,0.15775635541055752,0.0,860
EB-offset hybrid: main,208.01867893476435,-2.278329999341395,412.96797111972154,9.56257829985505e-11,0.130122964378473,0.1689477485036156,10.0,860
EB-offset hybrid: pairwise,208.13200439021563,-2.16500454389012,393.53316863592687,6.694415543617645e-11,1.3116939845881894e-10,0.14458112977135437,6.0,860
Naive respondents,200.30465954987935,-10.322621244730328,524.0,0.4034773194224861,0.18038160438821452,0.45299723032537964,0.0,861
OLS prediction,210.32079882868487,-0.30648196592480303,,,,,,861
EB main,208.46314531235433,-2.1641354822553467,383.34637487353694,2.934084397893914e-10,0.22302895850941942,0.15123357203081106,0.0,861
EB pairwise,209.54905625880434,-1.078224535805333,373.3704556916296,1.1265353909965794e-12,3.6050325409720986e-12,0.08687377181520706,0.0,861
EB-offset hybrid: main,208.99744217074425,-1.6298386238654246,388.5726581875209,7.334316518444728e-10,0.19388140972625137,0.12921361282457502,7.0,861
EB-offset hybrid: pairwise,209.63865483929584,-0.9886259553138359,372.67952547749485,5.34653282453528e-15,1.1354151447663903e-14,0.08688272579805317,2.0,861
Naive respondents,199.3741169958964,-8.83284179007481,519.9999999999998,0.41657494860950706,0.20923543499630678,0.44489212079920504,0.0,862
OLS prediction,208.10596015924443,-0.10099862672677773,,,,,,862
EB main,207.25637502541431,-0.9505837605568956,393.4164656783432,1.5151156306357963e-09,0.25458402888558035,0.13730702451272536,0.0,862
EB pairwise,208.83602127573747,0.6290624897662553,362.04875857931336,3.0396003136536675e-15,3.785036836101692e-15,0.026824805271852555,0.0,862
EB-offset hybrid: main,207.7802151196711,-0.42674366630009786,380.4923521867467,2.1924927390383454e-09,0.21681624003931,0.11177481004114728,10.0,862
EB-offset hybrid: pairwise,209.6811638419471,1.4742050559758866,356.6440992819883,3.887266513691908e-15,3.605445934937137e-15,0.04931188049901683,20.0,862
Naive respondents,200.08268134285086,-10.757046069154654,532.0,0.3813698599460515,0.1440124012921452,0.43732037402812873,0.0,863
OLS prediction,210.2735601891203,-0.5661672228852126,,,,,,863
EB main,209.28273272422274,-1.556994687782776,397.238691477723,3.584299587746563e-15,0.16602917047460608,0.1669897904086154,0.0,863
EB pairwise,210.17006819942497,-0.669659212580541,364.92501452860455,2.911045959688814e-13,3.813539746727632e-13,0.08256631904391512,0.0,863
EB-offset hybrid: main,209.34504605225243,-1.4946813597530877,398.1351615242103,5.8024531133438925e-09,0.17649922772000193,0.17061180382312047,5.0,863
EB-offset hybrid: pairwise,210.58122937260575,-0.25849803939976823,360.0670274099246,1.2607925734795367e-09,1.6389758831689547e-09,0.0725554540788044,10.0,863
Naive respondents,198.78895419954378,-10.27497341458718,514.0,0.4328613853890148,0.16681899822280422,0.47573637097469695,0.0,864
OLS prediction,207.3097388051868,-1.75418880894415,,,,,,864
EB main,203.94948330972926,-5.114444304401701,349.5033566695493,1.8684751462811698e-11,1.0162806390641728,0.21112981839804293,0.0,864
EB pairwise,209.63779174057058,0.5738641264396165,320.65181060316155,2.9147427244124003e-11,1.0776321562868866e-10,0.025462803604401948,0.0,864
EB-offset hybrid: main,205.97254912343658,-3.0913784906943818,367.06948361403454,1.9103125603486513e-10,0.6415493600428666,0.14949681011341998,10.0,864
EB-offset hybrid: pairwise,209.85957223996277,0.7956446258318124,302.4802440662444,2.950215732492049e-15,4.152077150755548e-15,0.035888256461467365,16.0,864
Naive respondents,201.52780461499094,-10.149641722790477,516.0,0.43997638870643097,0.22333435986347436,0.48276770333797125,0.0,865
OLS prediction,210.73358226616944,-0.9438640716119835,,,,,,865
EB main,209.3428783709579,-2.3345679668235277,365.5660504306081,1.3494950946311942e-09,0.1848461831841111,0.19785220496025915,0.0,865
EB pairwise,209.12946332202168,-2.5479830157597405,339.6147031983833,1.009180867910644e-12,2.1211011629100515e-12,0.16924367315646943,0.0,865
EB-offset hybrid: main,209.9272989454833,-1.7501473922981177,362.88837489582517,5.733759615957777e-09,0.1565172467917456,0.1818413829648537,8.0,865
EB-offset hybrid: pairwise,209.92539349351554,-1.7520528442658758,338.35762642502027,9.799472566943593e-14,8.84879723855188e-14,0.12992389990075104,10.0,865
Naive respondents,198.07308165643735,-10.503841202542446,493.0,0.40645798337336647,0.19148045312993567,0.4404893687273292,0.0,866
OLS prediction,207.7180860589418,-0.8588368000380058,,,,,,866
EB main,206.5269905483892,-2.0499323105906058,370.4775095030659,3.283230493661802e-15,0.2976009798492803,0.16615226181895706,0.0,866
EB pairwise,209.0280894635858,0.45116660460598723,339.22157895833345,9.583908052772195e-12,5.486018852442024e-12,0.05542726214188757,0.0,866
EB-offset hybrid: main,206.72097277625602,-1.8559500827237798,369.5439565038873,6.355147716128517e-11,0.2859365367687673,0.15132210604007487,2.0,866
EB-offset hybrid: pairwise,209.1934445388904,0.6165216799105906,338.7580199568827,5.746963944941493e-13,1.3976025592449268e-12,0.05014268215780056,6.0,866
Naive respondents,200.44663610819933,-9.181224770323865,504.0000000000002,0.41916720264463275,0.16062189368950439,0.45188875754613744,0.0,867
OLS prediction,208.32061134320975,-1.3072495353134457,,,,,,867
EB main,206.63517161549726,-2.9926892630259374,390.23511351906257,1.5430874696333511e-15,0.34598482230092314,0.15573798459973975,0.0,867
EB pairwise,208.2642742833205,-1.3635865952026904,356.0682952066175,6.987509218490891e-13,1.339589112451644e-12,0.0505266955681586,0.0,867
EB-offset hybrid: main,207.69486209628923,-1.932998782233966,395.94985708685505,1.7855679127315926e-09,0.24937681844988652,0.11505955776165519,10.0,867
EB-offset hybrid: pairwise,208.59034006235254,-1.0375208161706553,361.96282725511423,2.9381000064937375e-15,2.9425625670558506e-15,0.040440392406765155,3.0,867
Naive respondents,201.00289839306015,-8.417744597526593,503.00000000000017,0.40656657439629074,0.15961729872170044,0.4200350749321966,0.0,868
OLS prediction,208.69113359108772,-0.7295093994990225,,,,,,868
EB main,208.06687195513214,-1.3537710354545993,384.9442714946055,4.749140626366384e-10,0.2061442579101712,0.16944757809443042,0.0,868
EB pairwise,208.85353833613289,-0.5671046544538569,340.7060788156418,1.6639090569268468e-15,1.0401190797155504e-15,0.07333748509152564,0.0,868
EB-offset hybrid: main,208.1379788210619,-1.2826641695248497,379.01023167761855,3.748853657156964e-10,0.18002576852894375,0.15321750724903663,3.0,868
EB-offset hybrid: pairwise,209.3307498836845,-0.08989310690225238,342.02276621835705,9.718868391402541e-15,1.0366764614277014e-14,0.05196971299882481,12.0,868
Naive respondents,202.45437779417736,-8.515242121751328,490.99999999999994,0.5341386987839136,0.2566042250809438,0.5291008012326468,0.0,869
OLS prediction,210.50947887901725,-0.4601410369114376,,,,,,869
EB main,209.24669847368682,-1.7229214422418693,332.43370707586035,3.1993462126479604e-13,0.17317821505674452,0.12896657350578397,0.0,869
EB pairwise,209.36129153857507,-1.6083283773536152,298.9061503085718,1.720918661665532e-13,1.175889099529863e-13,0.0924192039866497,0.0,869
EB-offset hybrid: main,209.38195408456974,-1.5876658313589473,334.39765299168204,3.962012002889609e-10,0.19074473684377133,0.12891342955210613,6.0,869
EB-offset hybrid: pairwise,209.58719046542032,-1.3824294505083685,301.7758790102111,6.136399634463089e-14,1.2636152394706272e-13,0.0902283824977572,5.0,869
Naive respondents,199.95469425612035,-9.219174110574727,527.9999999999997,0.3848000439276839,0.17239503328514152,0.4285618341984813,0.0,870
OLS prediction,206.8480226052035,-2.325845761491564,,,,,,870
EB main,205.2493631207029,-3.9245052459921794,435.5906060408382,6.940372382527198e-10,0.3391618386298051,0.17788439387836702,0.0,870
EB pairwise,205.95968119656527,-3.2141871701298044,405.59810599342154,5.08865234485935e-11,1.5446436984604277e-10,0.1207334390195122,0.0,870
EB-offset hybrid: main,206.45775629276295,-2.7161120739321234,440.0289499352558,4.1799920211438655e-09,0.2198099053105515,0.14997002230240375,5.0,870
EB-offset hybrid: pairwise,207.0157827481782,-2.1580856185168784,412.8205615935003,2.0049147760522525e-15,3.565358368976005e-15,0.1061245887093632,7.0,870
Naive respondents,200.59095793458457,-10.41782745623405,486.00000000000034,0.41366508117390655,0.2105033607449577,0.45550339001225165,0.0,871
OLS prediction,209.6942259325821,-1.3145594582365163,,,,,,871
EB main,208.6975285241478,-2.311256866670817,367.36283807025995,6.3627229233437795e-09,0.24477030294927324,0.1838632907545291,0.0,871
EB pairwise,209.74766044956158,-1.2611249412570373,315.3823816388443,1.9761953665875958e-14,3.7591151660578126e-14,0.08611559965324003,0.0,871
EB-offset hybrid: main,209.3453768086148,-1.6634085822038287,356.68944032042265,2.8166819043561023e-09,0.19953369863749382,0.1497977917434086,17.0,871
EB-offset hybrid: pairwise,210.70943427050506,-0.2993511203135597,311.4767191722035,2.2458938948754178e-10,6.017724776677347e-10,0.054005227549941956,24.0,871
Naive respondents,199.81338686920532,-10.125632909375298,508.0,0.39106834651853295,0.19398227979253566,0.4577993334579905,0.0,872
OLS prediction,207.7546215954132,-2.184398183167417,,,,,,872
EB main,206.49943837834215,-3.439581400238467,406.31249681186637,9.31174887130777e-13,0.37942313048645687,0.17707005430233763,0.0,872
EB pairwise,209.49197239652958,-0.4470473820510392,345.1686861957899,1.3371925614160326e-15,2.3849934284483957e-15,0.014516163367692628,0.0,872
EB-offset hybrid: main,207.24697872750102,-2.692041051079599,409.6585317266136,3.0748689794194766e-11,0.32463049786854725,0.16413209801672105,7.0,872
EB-offset hybrid: pairwise,210.0624892455901,0.12346946700947115,346.3828737023999,1.9920447598163945e-14,1.5870285626134616e-14,0.018458279239994758,14.0,872
Naive respondents,201.7975334340536,-9.846003139644779,473.9999999999998,0.4433799588052919,0.1651232597607939,0.4840883028798842,0.0,873
OLS prediction,209.11947401910578,-2.5240625545926036,,,,,,873
EB main,207.97960795402193,-3.6639286196764544,342.5034475212066,6.20522724633261e-11,0.36302861503347483,0.23546131052143032,0.0,873
EB pairwise,209.62280303006327,-2.0207335436351173,296.97773755488,2.851487313069696e-12,4.747494006036273e-12,0.14789273255963722,0.0,873
EB-offset hybrid: main,208.6593244213318,-2.984212152366581,337.47435868762517,1.1734777004319838e-09,0.31980183706215254,0.20147360837223768,10.0,873
EB-offset hybrid: pairwise,210.4205735348956,-1.2229630388027886,286.0927575213804,6.259227073791322e-13,1.0586857898032654e-12,0.09876828057671447,11.0,873
Naive respondents,201.77231710630716,-8.227922794099243,511.0,0.402934243364949,0.15683205179759876,0.40878901319450434,0.0,874
OLS prediction,209.5243523810683,-0.4758875193381016,,,,,,874
EB main,208.6690671616185,-1.3311727387878989,416.7769700025954,9.321970773253348e-10,0.20240450461544401,0.1348461502462861,0.0,874
EB pairwise,209.07397008024427,-0.9262698201621333,383.6939551850185,1.783654605979144e-15,4.293070162270937e-15,0.05900632465287389,0.0,874
EB-offset hybrid: main,208.78610033999814,-1.214139560408256,416.70943096246,1.248398273498256e-09,0.196665717104012,0.13246492908504082,5.0,874
EB-offset hybrid: pairwise,209.17435843840659,-0.8258814619998134,383.974470447395,8.402429987087938e-13,2.3246675008138615e-12,0.05633944585494362,5.0,874
Naive respondents,201.7032689919911,-9.464365331493156,503.00000000000017,0.39999052463065743,0.21410303152400012,0.44621753619115023,0.0,875
OLS prediction,212.4208644592047,1.253230135720429,,,,,,875
EB main,210.76185505435305,-0.40577926913121587,354.48784719521063,4.481857443944655e-15,0.18152022220404868,0.12920371552984597,0.0,875
EB pairwise,210.68835155300252,-0.4792827704817455,337.71306050814405,7.852468311632658e-15,7.73248814668357e-15,0.04971434860035464,0.0,875
EB-offset hybrid: main,211.29644090347975,0.12880657999548362,358.5134837976466,4.461354100557836e-15,0.0923832231536507,0.08896716060466546,12.0,875
EB-offset hybrid: pairwise,210.72905891885517,-0.4385754046290913,338.120487616802,1.0036242294595922e-15,1.6241910258323949e-15,0.0495460293855978,1.0,875
Naive respondents,201.00417213837076,-8.538550512409103,481.0,0.43260523736683426,0.12270828460873347,0.42899483937446603,0.0,876
OLS prediction,207.09073284833516,-2.4519898024447,,,,,,876
EB main,205.53417941653848,-4.008543234241387,370.81453174025955,2.27012773373122e-15,0.44558973319743705,0.17496847417769126,0.0,876
EB pairwise,207.90387468281864,-1.638847967961226,330.82230667883886,2.1039666208493486e-09,2.354089329797842e-09,0.06494467941012219,0.0,876
EB-offset hybrid: main,207.1295007707034,-2.4132218800764633,375.22584204544097,4.935596623979681e-11,0.26733090011567867,0.12167053826037175,9.0,876
EB-offset hybrid: pairwise,207.91153272025812,-1.6311899305217423,330.92919140615464,5.396139744442124e-15,9.032021485236721e-15,0.06455342891227427,4.0,876
Naive respondents,199.3076111650672,-10.230983068931863,500.0000000000005,0.42484273080501406,0.10422366932310757,0.4526853350115864,0.0,877
OLS prediction,209.12086898697459,-0.4177252470244639,,,,,,877
EB main,207.93431131213364,-1.6042829218654049,359.774642271657,1.1326062519218712e-13,0.16193469663701637,0.16099227851684295,0.0,877
EB pairwise,208.23266221161552,-1.30593202238353,342.0752889953791,9.433116012042759e-14,1.6525203397820869e-13,0.10788164555343191,0.0,877
EB-offset hybrid: main,208.34160442988502,-1.1969898041140254,346.5506197416583,2.5847895502292437e-11,0.10967186066741726,0.1391954520467566,22.0,877
EB-offset hybrid: pairwise,208.52748050104304,-1.0111137329560052,334.2297078741479,8.203796649725507e-13,9.190217541975751e-13,0.10848265036046785,12.0,877
Naive respondents,201.822239190216,-8.572089544554046,500.0000000000005,0.42749258181924266,0.13355238549310589,0.431685572861983,0.0,878
OLS prediction,208.7840840540275,-1.6102446807425679,,,,,,878
EB main,207.7719246669886,-2.6224040677814457,394.7019547685086,1.3580292278086814e-13,0.16582017438045493,0.13678148381079652,0.0,878
EB pairwise,208.18772792483963,-2.2066008099304213,376.59583391520306,2.766889471295783e-15,2.6238379286274203e-15,0.08793179874660051,0.0,878
EB-offset hybrid: main,208.21717232054425,-2.1771564142258057,394.4048217977719,2.8657457303273954e-09,0.19337467422595608,0.13809491508692406,6.0,878
EB-offset hybrid: pairwise,208.8045682568946,-1.5897604778754442,380.31856774373375,3.489768863058593e-11,6.342095450759777e-11,0.07679595226933472,5.0,878
Naive respondents,199.5021464784195,-10.124863384438981,484.0,0.414267439841919,0.1683460749973744,0.46439753638256237,0.0,879
OLS prediction,209.6473788266464,0.020368963787916528,,,,,,879
EB main,209.08120092650884,-0.5458089363496299,363.6933600273668,9.399141920216545e-12,0.24467307037568084,0.18712029212500134,0.0,879
EB pairwise,209.7148877210606,0.0878778582021198,324.6582200691322,8.035072873175484e-11,8.832202240281719e-11,0.09595694404030543,0.0,879
EB-offset hybrid: main,209.47875836765127,-0.14825149520720515,316.8851242091202,4.977279939226249e-10,0.1631832786652487,0.12870906041823363,20.0,879
EB-offset hybrid: pairwise,209.61111699727266,-0.015892865585811933,306.7488317398299,1.4614104388347256e-14,2.2534040730059293e-14,0.11043368668529648,13.0,879
Naive respondents,200.01038842873044,-9.202541941257664,486.99999999999966,0.46398728809787076,0.1144775464781352,0.455762088287707,0.0,880
OLS prediction,208.58502997060015,-0.6279003993879542,,,,,,880
EB main,207.73322474043323,-1.4797056295548714,347.1863313417422,5.548095858059076e-10,0.20380908056715097,0.17783982621032807,0.0,880
EB pairwise,208.80932301822259,-0.40360735176551543,323.7630705959516,6.351571078489146e-13,6.941353860502896e-13,0.09882712643707436,0.0,880
EB-offset hybrid: main,207.90909147127675,-1.3038388987113478,330.48703333505966,1.2073614832710468e-10,0.17233444814104706,0.15696866851540836,13.0,880
EB-offset hybrid: pairwise,208.91836182358034,-0.29456854640775987,311.60225256067946,5.624536720009458e-14,6.507787936984564e-14,0.07972805631889601,13.0,880
Naive respondents,201.54649916534808,-9.88595001544266,461.9999999999999,0.46557758886222256,0.170721472824019,0.489836111193391,0.0,881
OLS prediction,210.10893895346135,-1.3235102273293933,,,,,,881
EB main,208.7708212656278,-2.6616279151629385,345.5694501253595,2.8725120042348204e-12,0.23290485393015933,0.1558367051731165,0.0,881
EB pairwise,209.2386994606341,-2.1937497201566316,321.93478472138173,3.533583484959102e-16,1.1391856431401416e-15,0.11079116858684562,0.0,881
EB-offset hybrid: main,209.5686988685822,-1.8637503122085377,352.12404451692623,6.764240066902136e-09,0.23662237354227889,0.1430566391774577,9.0,881
EB-offset hybrid: pairwise,209.81733238874114,-1.615116792049605,317.12421982406255,3.685511572504576e-14,4.560340477886829e-14,0.09108630374877791,12.0,881
Naive respondents,202.48556191844128,-7.411017892455845,509.00000000000017,0.408956956941063,0.17978063503907624,0.4195024196319015,0.0,882
OLS prediction,208.27963500326453,-1.616944807632592,,,,,,882
EB main,206.59658025878886,-3.299999552108261,408.0108916871923,4.413665235687537e-10,0.4561125613529054,0.14866040095134997,0.0,882
EB pairwise,209.5906871187369,-0.30589269216022785,374.83623140077736,1.6852538385426774e-11,1.6640395201050848e-11,0.012932577447050243,0.0,882
EB-offset hybrid: main,207.63952856123964,-2.2570512496574793,412.5213928133862,9.30294284213708e-10,0.3494959737538763,0.10598197040801227,5.0,882
EB-offset hybrid: pairwise,210.15620982200622,0.25963001110909545,375.005511900836,1.6381778171746472e-13,2.385992796561078e-13,0.017677587673938896,9.0,882
Naive respondents,201.35774923071307,-9.800895832181567,482.9999999999999,0.4523592870976888,0.14085535038518646,0.47131574506441565,0.0,883
OLS prediction,209.52911697588536,-1.6295280870092768,,,,,,883
EB main,208.3085326024564,-2.8501124604382255,347.63298179117226,4.636960866021581e-11,0.1888218098526532,0.15724787966207648,0.0,883
EB pairwise,208.62432544936027,-2.5343196135343646,327.1026184013346,2.222380448069415e-12,3.306715280212447e-12,0.15960067766925198,0.0,883
EB-offset hybrid: main,208.58960922904305,-2.5690358338515864,356.81762302832936,1.8019536097522067e-15,0.16934126708611175,0.15869169942010583,4.0,883
EB-offset hybrid: pairwise,208.74582659423476,-2.4128184686598786,330.3431285806694,1.2159842405285927e-15,1.6280982995801474e-15,0.15916045307193308,2.0,883
Naive respondents,201.93171488592327,-9.278353057838473,517.0000000000002,0.3749663534208409,0.18027671635057263,0.4044764029883468,0.0,884
OLS prediction,210.51196859162977,-0.698099352131976,,,,,,884
EB main,209.73829735943795,-1.4717705843237923,422.0101130334727,1.7829030056865582e-11,0.19759572224365324,0.13110528908195765,0.0,884
EB pairwise,210.62425073857005,-0.5858172051916881,393.4317554160067,3.975233680223791e-09,5.555806148706888e-09,0.0369902330682198,0.0,884
EB-offset hybrid: main,209.79115431572674,-1.4189136280349999,422.44370219916885,9.287286263042246e-10,0.19267446173970912,0.12812736053119017,1.0,884
EB-offset hybrid: pairwise,210.9235963343378,-0.28647160942395544,395.4271671302882,4.808129744981852e-15,4.255399204514723e-15,0.028477769246355308,5.0,884
Naive respondents,199.44026720526645,-10.277032451674103,500.99999999999994,0.43735385520510606,0.30035588815332875,0.4813010144367458,0.0,885
OLS prediction,207.87200875053375,-1.8452909064068024,,,,,,885
EB main,206.79747543658354,-2.9198242203570146,348.60295916599887,1.461383308794422e-12,0.4829937281583449,0.22280950488968757,0.0,885
EB pairwise,210.48286369257448,0.765564035633929,239.01574019051773,6.278325629221784e-11,7.51160686220865e-11,0.025108715256112146,0.0,885
EB-offset hybrid: main,207.49094688296913,-2.2263527739714277,342.5062339380258,3.5234774026731473e-10,0.41438308187372064,0.194213261040187,8.0,885
EB-offset hybrid: pairwise,210.50157993587064,0.7842802789300833,233.2276444269479,1.3152286211084397e-10,1.8444706884804943e-10,0.030109082949765432,17.0,885
Naive respondents,197.73805777743712,-10.566743306457795,520.9999999999999,0.4016459515240004,0.16180071936949778,0.4474554989649101,0.0,886
OLS prediction,207.85410374894605,-0.4506973349488703,,,,,,886
EB main,207.0656405960262,-1.239160487868702,396.60323733610545,1.884204445834599e-09,0.19543407739925836,0.1539249827717034,0.0,886
EB pairwise,207.9531710235732,-0.3516300603217246,350.919266317522,3.78538652812295e-09,7.145337054215416e-09,0.04086862748344034,0.0,886
EB-offset hybrid: main,207.3693069944487,-0.9354940894462231,385.21953977140305,7.867189607733583e-10,0.16083673593763392,0.13383621577280078,7.0,886
EB-offset hybrid: pairwise,208.05089394083882,-0.25390714305609663,352.60111171601517,3.7843077302473064e-14,4.284861799191049e-14,0.04536186650374364,4.0,886
Naive respondents,200.32439009525933,-11.295330941733567,493.99999999999955,0.45195814872104423,0.24326762232163945,0.4931254003766983,0.0,887
OLS prediction,211.2213025678462,-0.39841846914669077,,,,,,887
EB main,210.34204644288974,-1.2776745941031606,361.4042707582084,1.1518934108384964e-10,0.2706160873227671,0.19137877232234957,0.0,887
EB pairwise,211.91563625771502,0.2959152207221223,315.60356190896516,4.494555744886404e-15,5.872180407219353e-15,0.05121881255414436,0.0,887
EB-offset hybrid: main,210.4685194918727,-1.1512015451201876,337.0170844997741,5.017759262778978e-10,0.2591328573238181,0.16831964193707644,15.0,887
EB-offset hybrid: pairwise,212.51566468100884,0.8959436440159436,286.07692518325405,5.680235160461181e-13,7.743368500734637e-13,0.03641883088143027,27.0,887
Naive respondents,199.2178627315915,-10.419190646411948,500.0000000000005,0.41268847576944184,0.19414032894205113,0.451085913666697,0.0,888
OLS prediction,207.77251117430689,-1.8645422036965726,,,,,,888
EB main,206.93599243897376,-2.701060939029702,383.7149253065412,1.6305733584102774e-15,0.3016104732694694,0.15772651713593383,0.0,888
EB pairwise,208.308974905861,-1.3280784721424652,345.11844194543494,6.2148531833233e-15,9.110265629505384e-15,0.05466938084840021,0.0,888
EB-offset hybrid: main,207.56995235436148,-2.067101023641982,387.847719454782,8.344474423686017e-10,0.25711088142588245,0.1467228049666693,9.0,888
EB-offset hybrid: pairwise,208.97552769535045,-0.6615256826530072,345.164660012299,1.4715070149111975e-14,1.6562311610034618e-14,0.03622724046043739,12.0,888
Naive respondents,200.1884663287834,-9.886843669201255,490.99999999999994,0.43181308482967223,0.18250432894050622,0.4680809526343043,0.0,889
OLS prediction,208.59998890502325,-1.4753210929613942,,,,,,889
EB main,207.05744326191567,-3.0178667360689815,357.59746390150116,4.316943491862886e-11,0.43924993316044847,0.1734439918828516,0.0,889
EB pairwise,209.5735219022992,-0.5017880956854412,316.0458021259482,2.463850234312575e-10,4.7006662201966e-10,0.04037781731676518,0.0,889
EB-offset hybrid: main,208.37273367581662,-1.702576322168028,358.2859030765638,3.577904936460056e-09,0.2569821774190102,0.1276100585187557,7.0,889
EB-offset hybrid: pairwise,210.44271168324346,0.36740168525881245,325.2807083653918,5.331010226199181e-14,7.627295426012036e-14,0.02109624396895023,12.0,889
Naive respondents,198.540163979074,-10.915023785865372,493.0,0.41344839328177746,0.25656475002258483,0.45273593033588233,0.0,890
OLS prediction,207.50617972313322,-1.9490080418061666,,,,,,890
EB main,206.86695868913455,-2.5882290758048327,360.9183769479348,1.5251260981031612e-15,0.44431269491291114,0.22547485977853618,0.0,890
EB pairwise,210.18608503099827,0.7308972660588893,279.5571753938104,6.486151944730133e-15,1.6058554146694486e-14,0.03851481104644804,0.0,890
EB-offset hybrid: main,208.61606376431524,-0.8391240006241389,310.8884863700211,8.649569369265896e-09,0.28015259507220625,0.12805702365951346,49.0,890
EB-offset hybrid: pairwise,209.97808480658054,0.5228970416411585,264.40798158083805,1.8250574777173976e-15,2.505089660055239e-15,0.033815987462374617,17.0,890
Naive respondents,200.65981064882595,-9.11169441429547,498.99999999999994,0.41400042706718176,0.191919313051976,0.45638808349371274,0.0,891
OLS prediction,208.7836415486752,-0.987863514446218,,,,,,891
EB main,207.77880500364378,-1.9927000594776416,392.10109947736385,1.2775495856731308e-14,0.1878564338802135,0.1459008342415063,0.0,891
EB pairwise,208.56909155174495,-1.2024135113764771,366.95234970986604,1.3261626294894231e-13,2.418521756508066e-13,0.06674692620090819,0.0,891
EB-offset hybrid: main,208.69138753539252,-1.080117527728902,383.62249244215855,1.3482271026712068e-09,0.09437466886885092,0.10759198809532561,16.0,891
EB-offset hybrid: pairwise,208.9745247221596,-0.7969803409618237,366.78759902099176,1.3206372528149876e-14,2.487192413510422e-14,0.06389397306904576,9.0,891
Naive respondents,199.1892894920347,-11.35849359238324,493.0,0.43879824959085023,0.18816561999813894,0.4757752441811163,0.0,892
OLS prediction,209.69375796140505,-0.8540251230128888,,,,,,892
EB main,208.53339040066314,-2.0143926837548065,342.9747462172339,1.8649442364991153e-15,0.2774749276796263,0.21444532044709202,0.0,892
EB pairwise,209.03655834633346,-1.5112247380844792,281.9208636066441,2.263124571094972e-12,2.4873370041543766e-12,0.12868700886921788,0.0,892
EB-offset hybrid: main,208.34865604719855,-2.199127037219398,325.456254078755,1.5921020248365557e-10,0.23758811885746536,0.21931377190442458,16.0,892
EB-offset hybrid: pairwise,209.09523423573827,-1.452548848679669,283.2025530948569,2.0174078990404364e-14,2.4918176676400673e-14,0.13131999392616195,2.0,892
Naive respondents,200.80932863552326,-12.043771331642489,459.00000000000034,0.437635139714153,0.22639706816401386,0.4845520229183682,0.0,893
OLS prediction,210.5843334768784,-2.2687664902873337,,,,,,893
EB main,209.11121079949103,-3.7418891676747137,333.44951078877324,3.0937747400875245e-11,0.2867533127092445,0.21553439075186503,0.0,893
EB pairwise,210.7089453084775,-2.144154658688251,311.1451310224438,2.29779031906197e-12,1.0147972630274955e-11,0.11495474054629598,0.0,893
EB-offset hybrid: main,210.18467120071074,-2.6684287664550084,334.8391688461461,1.737641637871093e-10,0.18868448840713592,0.17076889942248102,5.0,893
EB-offset hybrid: pairwise,211.01770490129084,-1.8353950658749056,313.8824089319563,1.6728734433219914e-15,3.8475353292528464e-15,0.10685598763954868,4.0,893
Naive respondents,199.1796532472303,-11.025672940449027,487.99999999999955,0.4398314939420944,0.27616523894400574,0.47951526078130524,0.0,894
OLS prediction,208.9043003015095,-1.301025886169839,,,,,,894
EB main,207.58432746740678,-2.620998720272553,341.2729301987486,6.97039711366334e-15,0.10847708824152943,0.1635748357919843,0.0,894
EB pairwise,207.33065728098808,-2.874668906691255,316.8964209882442,1.7412443633242408e-15,1.5614650629503546e-15,0.14971055999297966,0.0,894
EB-offset hybrid: main,207.81317235173162,-2.3921538359477097,342.4626885030998,2.6250893865494813e-15,0.10576892464994304,0.16022047758634186,4.0,894
EB-offset hybrid: pairwise,207.69156707932618,-2.513759108353156,316.55344620246035,6.698214212200534e-14,9.458317311946891e-14,0.13476452696577867,5.0,894
Naive respondents,198.81606423258202,-9.74185854690029,493.99999999999955,0.4107153030286908,0.19673123682748797,0.43401419921289025,0.0,895
OLS prediction,208.3684007625935,-0.18952201688881587,,,,,,895
EB main,207.5790368935892,-0.9788858858931064,366.09626152991933,5.544680379955973e-09,0.24901166769716343,0.1495059526745481,0.0,895
EB pairwise,207.9463550726015,-0.6115677068808054,330.6906420791634,8.151566728253018e-15,9.025057599985351e-15,0.10454070950196524,0.0,895
EB-offset hybrid: main,207.62983786314442,-0.9280849163378946,360.03187152919713,7.320648199591251e-10,0.21313409140191855,0.13860621182869168,5.0,895
EB-offset hybrid: pairwise,208.02827812367883,-0.5296446558034802,329.4254744717171,4.244031369526059e-15,4.876735181904392e-15,0.09690809256999784,6.0,895
Naive respondents,200.63468051338717,-9.03334812653253,501.99999999999955,0.4284780374977212,0.1968467753816838,0.4510487103753027,0.0,896
OLS prediction,208.15560224644307,-1.5124263934766304,,,,,,896
EB main,207.63235714802292,-2.035671491896778,376.8621085982602,1.1343505051397118e-10,0.23590891566677352,0.18681158070031062,0.0,896
EB pairwise,209.18799756333007,-0.4800310765896256,331.76654952718906,5.632305063185191e-14,9.332207311750741e-14,0.0496464437357429,0.0,896
EB-offset hybrid: main,207.98345573197707,-1.6845729079426235,368.026133416875,5.52969051958479e-10,0.22220987781113002,0.18426452042148156,11.0,896
EB-offset hybrid: pairwise,209.73583149773216,0.06780285781246675,327.11077139849857,2.7058255984726655e-15,2.1840320557001986e-15,0.04796740480583884,22.0,896
Naive respondents,203.3683449971419,-8.435747530685177,490.99999999999994,0.43184201769747466,0.1888354141543264,0.42818380118270066,0.0,897
OLS prediction,212.09446785129384,0.2903753234667761,,,,,,897
EB main,210.82727601395132,-0.9768165138757468,381.74080606684606,8.338990946962617e-09,0.22387730519293658,0.12467387485157297,0.0,897
EB pairwise,210.9799584941831,-0.8241340336439578,347.198664091717,8.07762437700452e-13,8.992183004823248e-13,0.09227720696526112,0.0,897
EB-offset hybrid: main,211.36806811789947,-0.4360244099275974,382.8804862145885,7.179910898459146e-10,0.21171090825521924,0.10544235764243907,9.0,897
EB-offset hybrid: pairwise,211.432576319594,-0.37151620823306075,346.6863654292499,7.159156358348945e-13,1.7429154761735413e-12,0.08785986156237141,30.0,897
Naive respondents,201.41922355779977,-10.443588330900042,475.99999999999983,0.3647338326233846,0.19721300809437714,0.42455749890644773,0.0,898
OLS prediction,210.22656233430735,-1.6362495543924638,,,,,,898
EB main,209.49278555298244,-2.3700263357173696,390.044281978298,6.368291028949556e-15,0.1518457533993721,0.1584359911817126,0.0,898
EB pairwise,209.8319592608463,-2.0308526278535055,368.9597162282991,2.421822871841952e-09,1.5459265823359832e-09,0.09748082866954406,0.0,898
EB-offset hybrid: main,209.97267250209097,-1.890139386608837,382.14813690369465,2.3963525676552465e-09,0.1276855171729868,0.14551544772409883,11.0,898
EB-offset hybrid: pairwise,210.28252992939412,-1.5802819593056938,364.313044788075,1.3810121613888995e-13,2.6224259446608586e-13,0.07908144830615203,8.0,898
Naive respondents,196.84118472603137,-11.523739460634204,516.0,0.4145747203059631,0.18326465403815437,0.4762324135195617,0.0,899
OLS prediction,207.3328285726291,-1.0320956140364785,,,,,,899
EB main,206.10626865974135,-2.2586555269242297,380.5842575320055,3.085704134008116e-15,0.3166747073828181,0.19078469460832226,0.0,899
EB pairwise,207.72918834099636,-0.6357358456692168,339.0806846801924,2.349853485238369e-14,5.039134482876495e-14,0.05552943645785344,0.0,899
EB-offset hybrid: main,207.2649527707115,-1.0999714159540872,357.96174708329636,1.3406083659488463e-11,0.16439219495477542,0.12145011448756853,13.0,899
EB-offset hybrid: pairwise,208.16435845432366,-0.20056573234191433,334.6495031542351,8.96320281199141e-16,1.4321253377720573e-15,0.05127770249427226,12.0,899
Naive respondents,198.4306334463386,-10.845673185292384,487.99999999999955,0.44059746250280524,0.1991820151781725,0.5030079333921832,0.0,900
OLS prediction,207.58193776665442,-1.6943688649765534,,,,,,900
EB main,206.42789346151724,-2.84841317011373,355.93137904371946,5.5993636420607854e-14,0.2814751788879945,0.15952120681595117,0.0,900
EB pairwise,207.46619744156104,-1.8101091900699373,307.7774296095521,1.6025430783866967e-11,3.518409777979441e-11,0.06682028011441007,0.0,900
EB-offset hybrid: main,207.41994559323024,-1.8563610384007347,358.2315000812864,1.1230997352456191e-10,0.24820860495443212,0.1347721385899609,8.0,900
EB-offset hybrid: pairwise,208.80654611083872,-0.4697605207922493,317.7900250324446,2.1475174952957706e-09,4.3238880309894045e-09,0.01734483808362468,11.0,900
Naive respondents,198.67122753895063,-9.705288228927117,537.9999999999997,0.39739822579380424,0.17209783820971547,0.423505711425758,0.0,901
OLS prediction,207.21582037198007,-1.160695395897676,,,,,,901
EB main,206.5497363201076,-1.82677944777015,429.3163698640907,4.2871503772767776e-10,0.21041869737397662,0.16244214383770703,0.0,901
EB pairwise,206.6975631747132,-1.6789525931645528,403.98615324851863,3.3367750027622194e-11,4.567042217144012e-11,0.12139745347624674,0.0,901
EB-offset hybrid: main,206.68591545031612,-1.690600317561632,426.1203575874752,2.0168257222375446e-10,0.18986369436960168,0.14787706952080465,5.0,901
EB-offset hybrid: pairwise,206.87253698719778,-1.5039787806799723,396.9642854033832,1.2948308994778027e-14,2.0242389474379205e-14,0.11643399799574908,7.0,901
Naive respondents,198.26941793022067,-10.139245863248647,490.99999999999994,0.40451753661764356,0.14867716621941726,0.4346883865421725,0.0,902
OLS prediction,208.0591863166595,-0.3494774768098239,,,,,,902
EB main,207.01386559219677,-1.3947982012725504,377.981446108151,1.4222937582913764e-09,0.23968646369996824,0.13213627312696252,0.0,902
EB pairwise,208.66959690601357,0.2609331125442509,356.4913200372665,2.4674134435699838e-11,2.645351595288481e-11,0.02724562244600616,0.0,902
EB-offset hybrid: main,207.14205979797956,-1.2666039954897599,371.3628248761554,2.2770428350676307e-11,0.24525133132760402,0.13278498487457718,4.0,902
EB-offset hybrid: pairwise,208.88130953474482,0.47264574127549963,343.4040799655666,7.21108609657212e-15,8.155058125003054e-15,0.02254402400506691,20.0,902
Naive respondents,198.4019110503053,-10.04546239809892,500.99999999999994,0.4073625274384179,0.2636365521695387,0.44954099263544806,0.0,903
OLS prediction,206.82218414073475,-1.6251893076694728,,,,,,903
EB main,205.93091940429937,-2.5164540441048473,387.54895603222894,1.1877027892678788e-14,0.26752663121059644,0.1810080288174808,0.0,903
EB pairwise,207.48271646586298,-0.9646569825412428,336.7745574121153,4.691840131479966e-16,1.2250148125057974e-15,0.05043229585979268,0.0,903
EB-offset hybrid: main,206.3510975024773,-2.0962759459269193,375.3143170636101,1.949317016222885e-09,0.24772627546764409,0.15244698897087253,12.0,903
EB-offset hybrid: pairwise,208.2797827178352,-0.16759073056903162,331.5669498012885,8.731744449223621e-15,7.567160522792405e-15,0.014250299888773785,14.0,903
Naive respondents,200.2024911537537,-9.294507340367375,510.0,0.38861291628923456,0.171932996421862,0.40640525126161586,0.0,904
OLS prediction,208.5749783338088,-0.922020160312286,,,,,,904
EB main,207.5711382615868,-1.9258602325342622,401.37881158723815,7.088257274547732e-09,0.2199614899742082,0.16990096326771076,0.0,904
EB pairwise,209.01833568717836,-0.47866280694270813,372.2727757995232,4.26260841401291e-11,4.450499480705669e-11,0.07482388852945149,0.0,904
EB-offset hybrid: main,208.16263644866672,-1.3343620454543554,397.0506797762274,5.0346322191009546e-12,0.15175885400153583,0.1471045720017671,8.0,904
EB-offset hybrid: pairwise,209.07482478234903,-0.42217371177204654,373.2399059235833,1.0823919040196708e-14,8.442323911590315e-15,0.07211447826214104,2.0,904
Naive respondents,199.18021205514165,-8.70534133549802,505.9999999999996,0.40863141161280864,0.17606050172693496,0.4240864058001146,0.0,905
OLS prediction,206.77926520680032,-1.1062881838393537,,,,,,905
EB main,205.51933657642718,-2.3662168142124926,388.18647891157286,3.427547339123692e-13,0.26679206383317805,0.16457375883801711,0.0,905
EB pairwise,207.8879131174877,0.0023597268480273215,365.67799617965034,1.1950091563813484e-14,1.050053626123786e-14,0.035408870816434075,0.0,905
EB-offset hybrid: main,205.6479604199403,-2.2375929706993816,392.5955841003784,7.570717947426112e-09,0.26450341134651006,0.1677748556016325,3.0,905
EB-offset hybrid: pairwise,208.0082890538844,0.1227356632447254,357.2915181937565,8.604143183100844e-14,1.0428469478589725e-13,0.03476398188890339,13.0,905
Naive respondents,200.34923158488883,-9.867215613430517,498.0000000000003,0.4134015557428153,0.180807896173031,0.46525535800086,0.0,906
OLS prediction,208.2397636927962,-1.976683505523141,,,,,,906
EB main,206.36785024111123,-3.848596957208116,365.6772221793428,2.0294520631185414e-15,0.5194054304906274,0.23186144818443888,0.0,906
EB pairwise,210.5720221741565,0.3555749758371576,321.78157759097866,4.8467768133356145e-11,6.974885471073918e-11,0.03236507014543952,0.0,906
EB-offset hybrid: main,207.92160591635937,-2.2948412819599753,377.6416693189194,7.2175977657215415e-12,0.3732501002090397,0.17212169719465797,14.0,906
EB-offset hybrid: pairwise,211.29979926132128,1.0833520630019393,317.8557237630173,2.306934655721974e-13,5.052807913060482e-13,0.045943603900022764,22.0,906
Naive respondents,201.51571374841524,-9.913817875184094,505.00000000000034,0.38751463418457716,0.2505218083411214,0.41913523643824574,0.0,907
OLS prediction,210.28924228758726,-1.1402893360120743,,,,,,907
EB main,209.41750938476974,-2.012022238829587,413.21505571692035,2.718415032415098e-09,0.32969266336858255,0.13935816996751507,0.0,907
EB pairwise,211.44529207270074,0.015760449101406948,389.4626620823786,4.21940893048918e-12,3.665737807967014e-12,0.008279785953317402,0.0,907
EB-offset hybrid: main,209.55651836333604,-1.873013260263292,413.59769211860834,1.0158240444041368e-10,0.31139009593749606,0.1351914889429417,2.0,907
EB-offset hybrid: pairwise,211.61707366737338,0.1875420437740445,385.7208023688508,7.060296980101952e-09,5.856444444244002e-09,0.01365169106354455,13.0,907
Naive respondents,199.70237878262895,-10.579532827656038,477.00000000000034,0.36305557265490696,0.2310438440316511,0.4226193033296516,0.0,908
OLS prediction,206.86177186205413,-3.4201397482308664,,,,,,908
EB main,205.70378145901287,-4.57813015127212,396.20757149347645,6.848531126703485e-13,0.5048253176473446,0.20808743212639644,0.0,908
EB pairwise,209.07984531742053,-1.2020662928644583,318.8008293580172,5.568096802904614e-13,1.2015124871860391e-12,0.045637047767748476,0.0,908
EB-offset hybrid: main,206.9943706861146,-3.2875409241704006,398.6327601867259,7.913353265664212e-11,0.36851398762103577,0.1724249104589332,5.0,908
EB-offset hybrid: pairwise,209.6290983813999,-0.6528132288850941,333.1415476697946,3.824309380492524e-15,3.39728699784093e-15,0.025523021815243893,7.0,908
Naive respondents,200.6276814284316,-10.066756528055635,506.9999999999999,0.3995730363133114,0.1404308335449672,0.4301961094529368,0.0,909
OLS prediction,211.18350999994874,0.4890720434615048,,,,,,909
EB main,210.19109501301014,-0.5033429434770937,402.8541448234291,2.0826715764653404e-10,0.20710031293017503,0.11375779015614869,0.0,909
EB pairwise,209.54219053567704,-1.1522474208101983,381.60010241374727,1.7964569332370227e-15,2.223563652376239e-15,0.12409830523659536,0.0,909
EB-offset hybrid: main,210.16529748781713,-0.5291404686701071,402.4393057718883,1.7169483733046168e-10,0.20654001540562367,0.11381293552947484,1.0,909
EB-offset hybrid: pairwise,209.50696466480693,-1.1874732916803055,380.6299252275786,2.2023959839024004e-09,1.2711170017786426e-09,0.12550805661138656,1.0,909
Naive respondents,201.76383404470687,-9.433081235592795,508.0,0.4139895438583749,0.11540104405421792,0.4234400555123493,0.0,910
OLS prediction,211.57559678690515,0.3786815066054885,,,,,,910
EB main,210.54158162319476,-0.6553336571049044,371.2436872430994,1.8383369024509074e-14,0.22294571048398737,0.12897876386101662,0.0,910
EB pairwise,211.51290555072947,0.31599027042980765,340.21422862228815,2.2051528729045955e-15,2.196420421962055e-15,0.0480567987149936,0.0,910
EB-offset hybrid: main,210.6927278400146,-0.504187440285051,367.0743463241395,7.150297006754311e-10,0.1866508276281404,0.11376168427180237,5.0,910
EB-offset hybrid: pairwise,211.5095798604375,0.3126645801378345,340.5593930159213,1.7549967627943074e-15,2.608264623278272e-15,0.04863007226819114,1.0,910
Naive respondents,200.53974844917116,-9.495267213755739,477.9999999999997,0.4373018954704421,0.15998842943535715,0.4568748008125682,0.0,911
OLS prediction,208.82705794517307,-1.2079577177538283,,,,,,911
EB main,207.8693873949649,-2.1656282679620062,357.51375673965737,3.776726534910309e-15,0.2772028191186685,0.16905634349959878,0.0,911
EB pairwise,209.64180992107896,-0.393205741847936,305.4304890096898,6.499778983078e-16,1.2764411958245132e-15,0.02404549986715289,0.0,911
EB-offset hybrid: main,208.28878338003176,-1.7462322828951358,357.25017089989836,2.5156080281290404e-10,0.243443213899201,0.15004879862463807,7.0,911
EB-offset hybrid: pairwise,210.1209633252308,0.0859476623039086,315.09945204231536,6.304442437814429e-14,7.745457167311204e-14,0.02095277882201411,10.0,911
Naive respondents,202.42555287832585,-9.290566755196608,481.0,0.3894499856821397,0.12775382684449593,0.4122439934378562,0.0,912
OLS prediction,210.17515389431773,-1.5409657392047222,,,,,,912
EB main,209.3040676274567,-2.4120520060657498,375.64916952794186,1.2064760651591338e-14,0.19272902018687976,0.15875590644120097,0.0,912
EB pairwise,210.3806154049111,-1.3355042286113417,348.91105776520175,5.206194549442291e-13,1.0447087154938035e-12,0.07977241539064589,0.0,912
EB-offset hybrid: main,210.07452646152453,-1.6415931719979255,374.0435688674108,3.4187727850940904e-11,0.15596000845088273,0.13824484647094903,12.0,912
EB-offset hybrid: pairwise,211.0163516947841,-0.6997679387383471,348.1460551121168,2.009184616046947e-12,4.9492835347470364e-12,0.07055182849118966,7.0,912
Naive respondents,197.82141296203733,-11.813137479760854,492.0000000000003,0.4758118238685078,0.19366502425716522,0.5165176559140796,0.0,913
OLS prediction,209.49882280982388,-0.13572763197430504,,,,,,913
EB main,208.4783515842017,-1.156198857596479,328.136032448259,2.8371140039089777e-10,0.19828926112459727,0.14746856660565338,0.0,913
EB pairwise,208.59760856672168,-1.0369418750765078,303.36269199044375,1.500423904853832e-13,3.8097921334578496e-13,0.1346760963090562,0.0,913
EB-offset hybrid: main,208.91226161060817,-0.7222888311900135,325.8803197336673,2.2672971919539825e-09,0.19502659939688535,0.12829162383630574,9.0,913
EB-offset hybrid: pairwise,208.80690162320778,-0.8276488185904043,301.7976727793247,1.4089982288550796e-12,3.6383107664281516e-12,0.13407145162542924,15.0,913
Naive respondents,197.38498672346228,-11.034593985529114,493.99999999999955,0.45750643679444325,0.24540958798430385,0.4788460247180114,0.0,914
OLS prediction,209.15310717293275,0.7335264639413595,,,,,,914
EB main,208.12951460616972,-0.2900661028216689,342.6003724372891,3.1624316429952435e-10,0.21296526430164825,0.11002379828198261,0.0,914
EB pairwise,209.4666044764739,1.0470237674825,316.3303373249102,7.910964909538686e-15,8.957604934823373e-15,0.035335397199492885,0.0,914
EB-offset hybrid: main,207.9682121479773,-0.4513685610140783,337.2881448560488,3.09733092993051e-10,0.21472984562883207,0.11457312624569332,6.0,914
EB-offset hybrid: pairwise,209.55998852975185,1.1404078207604584,309.23966649717556,5.133962571922173e-15,5.628372271875625e-15,0.03847621969475085,9.0,914
Naive respondents,202.23540946648058,-8.350509430921676,543.9999999999999,0.3764515551516916,0.196923262549311,0.4013415196202002,0.0,915
OLS prediction,208.9558770829788,-1.630041814423464,,,,,,915
EB main,208.22135732846544,-2.364561568936807,449.2036294921271,3.7198450659144004e-14,0.2222779583996923,0.16358396523823926,0.0,915
EB pairwise,208.5823694192439,-2.0035494781583623,418.04497689753384,1.2428256829031106e-15,9.80253080656302e-16,0.11322127020284692,0.0,915
EB-offset hybrid: main,208.47301540348215,-2.1129034939201006,450.2457892936991,3.13878084230773e-10,0.18629052820424505,0.15501378926356577,5.0,915
EB-offset hybrid: pairwise,208.61010975955364,-1.9758091378486142,418.4390382010194,4.985305335798658e-15,9.08051921057221e-15,0.11412107391632696,3.0,915
Naive respondents,200.35754383578234,-9.166102609141262,520.9999999999999,0.40552581791827624,0.16141103645477398,0.4350004570137834,0.0,916
OLS prediction,208.99236106238806,-0.5312853825355432,,,,,,916
EB main,208.25139478427022,-1.2722516606533816,416.6550325502645,7.726540930164132e-12,0.18338423642337043,0.15518959518333303,0.0,916
EB pairwise,209.0397725805817,-0.48387386434188784,384.83794821506865,1.0314226905896529e-14,1.682907251081911e-14,0.08214972512510779,0.0,916
EB-offset hybrid: main,208.42071496327878,-1.1029314816448164,406.870987337104,3.8106141701863194e-10,0.1593988824453185,0.14091540282467732,8.0,916
EB-offset hybrid: pairwise,209.3428752993232,-0.18077114560040286,368.9845421444815,2.901451454577284e-14,5.716973687583376e-14,0.07271367062154226,17.0,916
Naive respondents,200.81291086028676,-8.933748827361882,489.00000000000006,0.39552973040139017,0.15501304449443382,0.4154672230683211,0.0,917
OLS prediction,210.29653170219785,0.5498720145492086,,,,,,917
EB main,209.37406192423532,-0.3725977634133244,380.9032017083418,4.844911026280806e-10,0.2703237283442579,0.11166555934342054,0.0,917
EB pairwise,208.9569287765081,-0.7897309111405377,353.31145029100946,1.8985839397160304e-15,2.059659617571106e-15,0.11162067513045879,0.0,917
EB-offset hybrid: main,209.49730926361553,-0.24935042403311058,371.0207396122841,1.1618796636994245e-13,0.3569599021560689,0.09384281864229886,10.0,917
EB-offset hybrid: pairwise,208.9094313726698,-0.8372283149788586,342.4652339074152,1.1352003591881664e-10,4.214862691338406e-10,0.13503111481239624,40.0,917
Naive respondents,200.8272336352478,-9.10168492172832,509.00000000000017,0.3853191209335548,0.22721992410393407,0.42999602266710857,0.0,918
OLS prediction,209.3540917812097,-0.5748267757664394,,,,,,918
EB main,208.82937781891033,-1.099540738065798,389.4207334744233,2.9909110962703846e-10,0.2077445028058268,0.1728964573373945,0.0,918
EB pairwise,209.6164560355516,-0.31246252142452136,352.3230015159811,4.9748705153298845e-15,3.692664020928448e-15,0.06219506692206407,0.0,918
EB-offset hybrid: main,209.2451850283356,-0.6837335286405164,381.60870102246446,3.0522148314777705e-12,0.18125442824417032,0.1442879082805577,9.0,918
EB-offset hybrid: pairwise,210.13960952379932,0.21069096682319355,345.76131587297783,7.547571190685276e-15,7.22955910101542e-15,0.0403687358547409,18.0,918
Naive respondents,202.7798412835072,-7.837994859282418,535.0000000000001,0.38558051047297975,0.1579435575605468,0.3929319671804993,0.0,919
OLS prediction,210.49299171739182,-0.12484442539781071,,,,,,919
EB main,209.49861974873187,-1.1192163940577586,421.73512029399046,5.225879830489306e-10,0.27150210496899696,0.16647388986642453,0.0,919
EB pairwise,210.90982263111027,0.2919864883206458,378.44909060211256,1.1013324791647135e-15,1.1855220045382016e-15,0.06014586275985178,0.0,919
EB-offset hybrid: main,209.51771649475816,-1.1001196480314661,420.94842191235426,1.6193263092714436e-10,0.26256568762573596,0.15982315791634077,2.0,919
EB-offset hybrid: pairwise,210.90982263111027,0.2919864883206458,378.44909060211256,1.1013324791647135e-15,1.1855220045382016e-15,0.06014586275985178,0.0,919
Naive respondents,197.64887394066275,-13.138650130754172,474.9999999999996,0.5082608763548575,0.2677248397421826,0.5466305491393564,0.0,920
OLS prediction,209.8967958330268,-0.8907282383901247,,,,,,920
EB main,208.54580075700557,-2.2417233144113595,266.7133733729488,5.069947657980962e-11,0.27223685308490014,0.19450049967666147,0.0,920
EB pairwise,210.22919538837147,-0.5583286830454597,229.85736308811582,4.659972642532622e-13,7.854320333862628e-13,0.06189135506981617,0.0,920
EB-offset hybrid: main,209.32530470191148,-1.4622193695054477,272.8583522709979,3.4993810749667687e-09,0.2365935102787766,0.17077990298190707,12.0,920
EB-offset hybrid: pairwise,210.88164048406793,0.09411641265100457,233.40543313688153,1.6038611222153136e-10,3.152147722830973e-10,0.0584365097568303,16.0,920
Naive respondents,198.35622406696993,-10.600853669413368,477.00000000000034,0.4303765515124076,0.2188171125362731,0.4703215404424801,0.0,921
OLS prediction,207.19545467633273,-1.7616230600505673,,,,,,921
EB main,205.0388336354798,-3.9182441009035074,330.78345446617584,1.0182108439755025e-10,0.2017862491804334,0.1545452158276823,0.0,921
EB pairwise,205.17351755146603,-3.7835601849172633,344.49405939164717,3.908976835660291e-09,6.144007370281064e-09,0.174862319021931,0.0,921
EB-offset hybrid: main,206.0068970248616,-2.9501807115217105,350.4541375852512,2.1094346752590623e-09,0.1269962517764112,0.13785245646735864,9.0,921
EB-offset hybrid: pairwise,205.9832038247047,-2.973873911678595,339.1328408408504,3.742825370025089e-09,6.972902590048849e-09,0.1389676549299759,8.0,921
Naive respondents,201.81624386814272,-9.059384325494904,500.0000000000005,0.37271447803066476,0.10317423699695465,0.4056435032308335,0.0,922
OLS prediction,209.54350127694397,-1.3321269166936531,,,,,,922
EB main,208.54052701576353,-2.335101177874094,413.53036147091103,1.5706227965700038e-15,0.18587031105876758,0.1490454749577843,0.0,922
EB pairwise,209.43874461804583,-1.4368835755917928,391.5481731684328,1.2269066300814427e-13,1.0713326893954505e-13,0.07003720878389459,0.0,922
EB-offset hybrid: main,209.02357373200837,-1.8520544616292511,412.1653745314946,8.789342915870246e-10,0.14702078061463786,0.1295446806151885,6.0,922
EB-offset hybrid: pairwise,209.5710075667357,-1.3046206269019365,393.3081262674188,1.3152229607573078e-15,1.4825259827729382e-15,0.06958495813019577,2.0,922
Naive respondents,199.49548628816774,-9.260433652116006,496.9999999999997,0.46010377927273605,0.13395108056985064,0.4818491141725481,0.0,923
OLS prediction,207.71790867815423,-1.0380112621295154,,,,,,923
EB main,206.59850917704205,-2.1574107632416997,383.39696463051683,9.494407380188632e-13,0.22435309815846732,0.09012648761371661,0.0,923
EB pairwise,206.1407517601374,-2.6151681801463553,373.3880167322391,7.259956374732423e-14,1.113726921247458e-13,0.1263378613144082,0.0,923
EB-offset hybrid: main,206.84282510610882,-1.9130948341749274,388.51692310050356,2.042824920271174e-09,0.17119904703138392,0.09288596477234506,4.0,923
EB-offset hybrid: pairwise,206.38154955115235,-2.3743703891314,374.97227761138623,6.085190122461977e-16,1.5917902867117155e-15,0.11940197869083903,3.0,923
Naive respondents,198.58065563284606,-11.36483457271288,495.9999999999997,0.42182480049970267,0.16975270547383148,0.45908436380448975,0.0,924
OLS prediction,208.10016186365772,-1.8453283419012223,,,,,,924
EB main,206.86285055289164,-3.0826396526672966,367.3621761499519,2.690347696122402e-13,0.4847547571021273,0.2202021016891059,0.0,924
EB pairwise,209.54423205019066,-0.40125815536828213,300.7936577976774,4.1802329358860623e-13,7.808148697809138e-13,0.07060293072911583,0.0,924
EB-offset hybrid: main,207.4666443744248,-2.4788458311341515,370.4849770343302,8.550067875276301e-10,0.4180347701965933,0.19768295090599464,6.0,924
EB-offset hybrid: pairwise,209.8228540797187,-0.12263612584024486,306.9992253446085,2.477116130186448e-13,4.678957688719482e-13,0.06728225367504914,12.0,924
Naive respondents,199.44169324809957,-10.867926272551188,508.0,0.4266890633691439,0.18719126916137835,0.4820429518972708,0.0,925
OLS prediction,209.30689481918643,-1.0027247014643308,,,,,,925
EB main,208.01821231136773,-2.2914072092830224,369.94874525219933,9.287619621928293e-14,0.2112157090657913,0.1672867563312094,0.0,925
EB pairwise,209.28280357303643,-1.026815947614324,348.1585332589569,1.653896612581889e-14,2.291953532434372e-14,0.06726823698638898,0.0,925
EB-offset hybrid: main,208.5720639345143,-1.737555586136466,378.22512434116226,6.347823067976796e-10,0.1980474285658585,0.15501622744191848,9.0,925
EB-offset hybrid: pairwise,209.71224249898722,-0.597377021663533,352.62232025369417,3.2566604055087684e-14,3.898612608618076e-14,0.06325994081006492,9.0,925
Naive respondents,198.16287216602035,-10.662945859062717,515.0000000000001,0.40956925552961543,0.19802549758505925,0.4659296762706575,0.0,926
OLS prediction,207.82686265983625,-0.9989553652468146,,,,,,926
EB main,206.74473805667805,-2.081079968405021,392.77238737466405,1.622619500632051e-15,0.41309294876799535,0.20801651319006398,0.0,926
EB pairwise,209.26413388051571,0.4383158554326485,328.12863929857235,1.1290092276598631e-14,7.865367098892519e-14,0.021469187210247254,0.0,926
EB-offset hybrid: main,207.9294114315339,-0.896406593549159,370.18917967426614,3.637365341957402e-10,0.2768324901394473,0.13100623941368358,37.0,926
EB-offset hybrid: pairwise,209.58621970400478,0.7604016789217098,328.3447204966282,3.6257321126267466e-10,5.674855546574689e-10,0.03528134793074038,22.0,926
Naive respondents,198.41733125680628,-9.481525499142123,473.9999999999998,0.49666892093337844,0.23776944409779452,0.5010907041403682,0.0,927
OLS prediction,206.72210014212948,-1.1767566138189238,,,,,,927
EB main,205.69339374112076,-2.205463014827643,327.06173035756535,4.543404144331642e-15,0.18581395683211668,0.19881170321276803,0.0,927
EB pairwise,206.1418383211305,-1.757018434817894,299.42512076042857,6.989996902126438e-14,7.245333071755156e-14,0.138138010880273,0.0,927
EB-offset hybrid: main,205.87206605093144,-2.026790705016964,325.1285512278825,1.615363560343827e-10,0.16265328742289578,0.18521448163444929,6.0,927
EB-offset hybrid: pairwise,206.22382277700441,-1.6750339789439863,297.39356134168287,1.9002302292163408e-14,2.6216012777830244e-14,0.13702585846172444,9.0,927
Naive respondents,199.43257354272995,-9.465105673708592,493.99999999999955,0.4566621617246022,0.1863213491296779,0.47914532265310916,0.0,928
OLS prediction,206.56224399995838,-2.335435216480164,,,,,,928
EB main,203.84402434652085,-5.053654869917693,348.62326165634687,5.1582439074609006e-11,0.7995254690358441,0.23203643054576564,0.0,928
EB pairwise,209.35599540951503,0.4583161930764845,296.41731299902733,1.3717618290726104e-11,1.8172859811800455e-11,0.04479407001310284,0.0,928
EB-offset hybrid: main,205.69048371490916,-3.207195501529384,360.65077667263614,2.330593472013337e-15,0.5131960033491989,0.1826565961950596,11.0,928
EB-offset hybrid: pairwise,209.1167086278644,0.21902941142585064,287.598975741904,6.106655135968712e-09,6.64236034043496e-09,0.047356690859349446,13.0,928
Naive respondents,197.9714170053077,-11.485945860334425,485.0000000000001,0.41844992724558266,0.22346050748242186,0.4922317494902352,0.0,929
OLS prediction,208.5229492849416,-0.9344135807005216,,,,,,929
EB main,207.30456092379058,-2.15280194185155,348.6881848982959,5.263220065515494e-09,0.24374999455240737,0.22126133277491378,0.0,929
EB pairwise,208.72432478866858,-0.7330380769735427,301.8703477105707,1.3792041994250686e-09,2.6505325631712138e-09,0.1464356108740582,0.0,929
EB-offset hybrid: main,208.16474112841618,-1.292621737225943,328.9055710276223,1.3100203698613277e-09,0.14961269775085778,0.16323446091478563,21.0,929
EB-offset hybrid: pairwise,208.89502156386172,-0.5623413017804069,292.8334358665887,1.7120553515513848e-11,3.361646179883494e-11,0.12556478117831818,11.0,929
Naive respondents,200.9765698703107,-10.904787367813668,494.9999999999998,0.46168886493699735,0.1773775100860047,0.4941418593427366,0.0,930
OLS prediction,212.21053194133154,0.32917470320717257,,,,,,930
EB main,211.08811817289867,-0.7932390652256913,354.5353268692428,2.8224914023515533e-10,0.15479704424947408,0.17803001563713267,0.0,930
EB pairwise,211.40839287844378,-0.4729643596805886,333.9194983224122,1.209576969258078e-12,1.5355344888567335e-12,0.1305635385242293,0.0,930
EB-offset hybrid: main,212.36833012447764,0.4869728863532714,307.6067114441765,2.008120942234183e-09,0.24532956417625731,0.10086986613208081,31.0,930
EB-offset hybrid: pairwise,211.78389119723926,-0.09746604088510935,277.0069174931302,1.8719154815373054e-13,3.8316109101320684e-13,0.11916742605724316,100.0,930
Naive respondents,199.41718675579887,-11.645412009410848,472.9999999999999,0.40188529431964026,0.14662340611215263,0.4886487391385378,0.0,931
OLS prediction,209.17498647828276,-1.8876122869269523,,,,,,931
EB main,207.88780798017376,-3.1747907850359525,376.4804940509721,3.564288201401426e-15,0.21212877898706237,0.1783521584858291,0.0,931
EB pairwise,208.6697465475522,-2.39285221765752,346.76327859997394,6.792079185498852e-10,1.1152234943541932e-09,0.08831870974794923,0.0,931
EB-offset hybrid: main,209.40912845930964,-1.653470305900072,363.4270047261785,8.023798543213047e-11,0.20232053352106197,0.15791042866948263,19.0,931
EB-offset hybrid: pairwise,209.8740378589813,-1.1885609062284175,339.32093598152585,1.8382461106980703e-09,1.723342290097388e-09,0.0644762861815898,11.0,931
Naive respondents,199.18305285245123,-9.811345300679562,485.0000000000001,0.42857413540271816,0.19556440354088073,0.4496138946471891,0.0,932
OLS prediction,208.6184596215256,-0.3759385316051862,,,,,,932
EB main,207.43739702176643,-1.557001131364359,348.74041738388496,6.89629726014506e-09,0.24455478343255005,0.1626263749098363,0.0,932
EB pairwise,208.01926813697355,-0.9751300161572374,315.31321360991944,6.031138282238404e-11,1.1033586694333181e-10,0.0912316143582118,0.0,932
EB-offset hybrid: main,207.90891922826194,-1.085478924868852,335.9884045631085,3.595032830754425e-10,0.17220379343576087,0.11930471270292096,11.0,932
EB-offset hybrid: pairwise,208.10771892996718,-0.8866792231636111,316.8036188287598,3.7199568369901237e-10,6.109404008090909e-10,0.08417432882383358,6.0,932
Naive respondents,199.39140062217663,-11.723344020979823,519.9999999999998,0.4401512450755881,0.15253727798756034,0.48164770680167485,0.0,933
OLS prediction,212.0590452366197,0.9443005934632538,,,,,,933
EB main,210.56996315928384,-0.5447814838726117,361.09782355667596,2.5212237891089016e-12,0.17793966737890352,0.12592614669724128,0.0,933
EB pairwise,210.45154954229312,-0.6631951008633337,338.97051284226137,3.8416106989871513e-13,3.2105832932618014e-13,0.1183562084218356,0.0,933
EB-offset hybrid: main,211.12211133670746,0.007366693551006165,357.01725639092416,1.744875865612542e-09,0.19500098121614695,0.10008008199803486,14.0,933
EB-offset hybrid: pairwise,210.19364620950492,-0.9210984336515367,330.55023277285596,4.0722713983615213e-14,1.0051623472645184e-13,0.1478570722867031,16.0,933
Naive respondents,200.54986656728647,-10.721561030126594,485.0000000000001,0.4500448307407718,0.15384623375003467,0.49695891907329603,0.0,934
OLS prediction,210.83995822503408,-0.4314693723789844,,,,,,934
EB main,210.09573460686732,-1.1756929905457412,310.00501608794525,2.3478209131296717e-15,0.3064852859542927,0.21713632432078625,0.0,934
EB pairwise,212.71199860359278,1.4405710061797095,266.70907872100486,1.6392304035472331e-13,1.4447659616247345e-13,0.054292649025069785,0.0,934
EB-offset hybrid: main,211.18936492520265,-0.0820626722104123,283.4023913683541,1.2359939365302614e-09,0.21518325205420083,0.1387044221322011,20.0,934
EB-offset hybrid: pairwise,212.76509105533518,1.4936634579221106,236.35951547217306,1.7394975718432023e-13,2.3101755682980924e-13,0.04959160316548165,12.0,934
Naive respondents,202.6718678377645,-7.858489884174361,500.0000000000005,0.3967001186768628,0.17940603118419698,0.39774647712607497,0.0,935
OLS prediction,209.36844082995358,-1.1619168919852711,,,,,,935
EB main,208.31699679500463,-2.2133609269342287,406.16341345270405,8.115524579438087e-15,0.2246521075108182,0.14671762000134994,0.0,935
EB pairwise,209.56644906120798,-0.9639086607308798,390.2235706891079,3.0142701900027347e-10,4.324318771334713e-10,0.0565618705610129,0.0,935
EB-offset hybrid: main,208.8859724370996,-1.6443852848392453,406.49119188276677,5.625934072300053e-09,0.18554815114626025,0.13387079709968724,9.0,935
EB-offset hybrid: pairwise,209.83378601784617,-0.6965717040926904,387.8152775622222,1.0676169272560924e-15,1.4179547349269728e-15,0.051193303557561985,8.0,935
Naive respondents,197.51890504422514,-12.072007157276346,479.99999999999983,0.45838049216285737,0.2317769547112862,0.5241552086527712,0.0,936
OLS prediction,207.4896691209505,-2.1012430805509723,,,,,,936
EB main,206.42466064319052,-3.166251558310961,339.46025804553256,2.982690316329123e-13,0.2973541705499034,0.21799317692625836,0.0,936
EB pairwise,208.55389322540088,-1.0370189761005975,275.77477648031754,1.1585499698163611e-15,2.264646949320576e-15,0.06409908926439273,0.0,936
EB-offset hybrid: main,206.8495957630774,-2.741316438424093,344.82441365901633,4.713191329101222e-10,0.2867793955497393,0.21078920535239798,5.0,936
EB-offset hybrid: pairwise,208.9541260732057,-0.6367861282957676,286.0113950917714,2.5162181407951726e-13,4.919573948993723e-13,0.05982961587015793,11.0,936
Naive respondents,199.7608472549718,-9.280227524639116,479.99999999999983,0.43123616130046294,0.21999761914350274,0.4509328474179107,0.0,937
OLS prediction,209.32534539506818,0.28427061545727383,,,,,,937
EB main,208.4318692829563,-0.6092054966545959,353.385275843345,6.779872913662135e-11,0.23143446136383708,0.13626514821480754,0.0,937
EB pairwise,209.7342446708548,0.6931698912438833,312.86100473415223,1.9374963088907132e-13,2.611110261778865e-13,0.026276874068770526,0.0,937
EB-offset hybrid: main,208.4318692829563,-0.6092054966545959,353.385275843345,6.779872913662135e-11,0.23143446136383708,0.13626514821480754,0.0,937
EB-offset hybrid: pairwise,209.65441217907642,0.6133373994655074,309.1182928417125,1.6056495106754616e-15,1.7781433922734785e-15,0.024931880875301772,4.0,937
Naive respondents,201.4035662260125,-10.131827481003057,469.9999999999999,0.44001174543819604,0.17103752541386122,0.47818777049502076,0.0,938
OLS prediction,210.4243209502922,-1.1110727567233312,,,,,,938
EB main,209.3104178623138,-2.2249758447017314,340.7038532676852,1.1091109772320276e-11,0.20823511276128517,0.15795854472789367,0.0,938
EB pairwise,209.21265818591473,-2.3227355211008103,294.7322414060513,1.4525576542383786e-14,2.4047216615034823e-14,0.12587132774181065,0.0,938
EB-offset hybrid: main,209.66932263817955,-1.8660710688359927,342.8046554191415,2.6816589372570246e-15,0.1674824194180167,0.14698888119061976,7.0,938
EB-offset hybrid: pairwise,209.8425943790586,-1.6927993279569478,307.4196056898074,1.0775472716687071e-13,1.8382767661647195e-13,0.11045502894277716,8.0,938
Naive respondents,203.39538900823786,-7.4456091314993955,498.99999999999994,0.3880226859437231,0.15906261590530227,0.3787147057544315,0.0,939
OLS prediction,211.20874334313308,0.3677452033958275,,,,,,939
EB main,210.20260618368974,-0.6383919560475135,404.1551288250394,1.441120349136486e-10,0.12119431914957692,0.08410357757783013,0.0,939
EB pairwise,210.80077854649863,-0.04021959323861779,388.1732253566256,3.3448624716499325e-09,6.104279462464515e-09,0.04742008962384346,0.0,939
EB-offset hybrid: main,210.26878085684666,-0.5722172828905912,405.008240859075,5.338354108926433e-09,0.11540411947918507,0.08535583629844862,1.0,939
EB-offset hybrid: pairwise,210.87438299676938,0.03338485703213223,382.96956934585563,2.44128055459393e-15,4.526114290160975e-15,0.04903081806655364,6.0,939
Naive respondents,197.5598972729313,-11.220886157317892,516.0,0.4170717849840873,0.18770390696506478,0.4622647597656976,0.0,940
OLS prediction,209.0161546836334,0.2353712533842156,,,,,,940
EB main,207.03040225931707,-1.7503811709321155,344.8991498212092,1.0798647966850766e-14,0.19601631996814994,0.16847109078802827,0.0,940
EB pairwise,208.43835881855276,-0.3424246116964298,323.2914198387801,7.705439087806364e-15,1.4471363624546655e-14,0.027103913935426778,0.0,940
EB-offset hybrid: main,207.29932044323232,-1.4814629870168687,349.46455918474066,1.9686981806358105e-09,0.16802409781222943,0.1395249334226955,4.0,940
EB-offset hybrid: pairwise,208.4398768152945,-0.3409066149546902,323.088782660236,2.8518775556252113e-10,8.736759560699348e-10,0.02704934962003262,1.0,940
Naive respondents,198.34082392498658,-9.614792447070954,505.9999999999996,0.4064409910842943,0.15156046028516132,0.4377232988581917,0.0,941
OLS prediction,206.20399373169053,-1.7516226403670032,,,,,,941
EB main,205.2335401375918,-2.7220762344657317,403.59652437457834,6.672476831861514e-15,0.2893275063998105,0.1742098036571577,0.0,941
EB pairwise,206.6005020185086,-1.3551143535489416,354.76806921023547,1.2289972392420295e-14,9.182456755033252e-15,0.0709821120218344,0.0,941
EB-offset hybrid: main,205.75893768444013,-2.196678687617407,391.5877158005407,1.1371085042003532e-10,0.26453075157428696,0.17066124084919196,10.0,941
EB-offset hybrid: pairwise,207.4110557174603,-0.5445606545972339,352.93146853384917,6.1086605268494485e-09,6.818249178802271e-09,0.05223250783759821,15.0,941
Naive respondents,199.81267290283859,-8.788491005211824,505.9999999999996,0.3936039843033642,0.20982143115840948,0.41421576519715564,0.0,942
OLS prediction,206.35307134944546,-2.2480925586049523,,,,,,942
EB main,205.4221561925658,-3.1790077154846017,416.5658302623341,6.664842089568248e-14,0.29820567987365587,0.15048980364989814,0.0,942
EB pairwise,206.79098995756195,-1.810173950488462,378.42667954658856,6.333182697336404e-12,1.0740202432338365e-11,0.07129780925350095,0.0,942
EB-offset hybrid: main,206.1878719546782,-2.413291953372209,421.82059267125675,6.59123867594482e-09,0.24380275464999318,0.13574332908793632,5.0,942
EB-offset hybrid: pairwise,207.4604425172722,-1.1407213907781966,389.3451473643764,3.5082633004603115e-15,3.089462640325175e-15,0.05497886203346243,6.0,942
Naive respondents,200.22808983299356,-8.870090428120733,504.0000000000002,0.4620029483505105,0.18210811336724844,0.48434346232468567,0.0,943
OLS prediction,208.15753842110252,-0.9406418400117786,,,,,,943
EB main,206.64838151793762,-2.4497987431766717,351.2541115425325,3.625041572057008e-15,0.3006119696674716,0.17873862692128206,0.0,943
EB pairwise,206.75355710626428,-2.3446231548500123,300.1761024535226,6.620866458576878e-14,8.114744263897533e-14,0.1468939593797551,0.0,943
EB-offset hybrid: main,207.58522444914826,-1.5129558119660373,369.8633122601448,9.710093595580971e-10,0.26673925441144053,0.15958385815487133,9.0,943
EB-offset hybrid: pairwise,208.20629093348543,-0.89188932762886,280.00032679836175,2.991059380065174e-14,6.640459735336435e-14,0.08501932420439214,87.0,943
Naive respondents,201.31717480377333,-10.290236918687953,492.0000000000003,0.371458403569459,0.17661738303715208,0.4095621805570229,0.0,944
OLS prediction,210.20263079207848,-1.404780930382799,,,,,,944
EB main,209.27672269478612,-2.330689027675163,379.461903650199,1.4967863219615747e-14,0.20616415605772323,0.17306113771201373,0.0,944
EB pairwise,211.07652992776477,-0.5308817946965121,357.62234200124857,1.128639246087259e-15,3.284472491244954e-15,0.052114602376330296,0.0,944
EB-offset hybrid: main,209.44487304833385,-2.1625386741274326,378.9807171947703,3.4665870509887734e-10,0.1923796955806906,0.1598307735046236,2.0,944
EB-offset hybrid: pairwise,211.05401421079011,-0.5533975116711645,355.25539506138927,3.0957777619493e-15,5.020667659997063e-15,0.04997457447577837,1.0,944
Naive respondents,200.00946833198103,-10.620530318334119,505.00000000000034,0.4700299395738725,0.16205416847512358,0.49152479980135655,0.0,945
OLS prediction,210.60758095270722,-0.022417697607920672,,,,,,945
EB main,209.51278416097074,-1.1172144893444056,338.2108194952088,1.2679628274040932e-09,0.27125780063925203,0.16444980782670404,0.0,945
EB pairwise,211.05805945050417,0.42806080018903003,294.09788753358316,6.676772961916722e-11,1.0320672179109297e-10,0.05693895103166119,0.0,945
EB-offset hybrid: main,210.0320557351059,-0.597942915209245,331.0941649437987,2.522670338130708e-09,0.22480190743729217,0.13452590427360964,6.0,945
EB-offset hybrid: pairwise,211.07558884832656,0.4455901980114163,286.65540441881484,2.1404446839000197e-13,2.8447128342024574e-13,0.046226478817889764,6.0,945
Naive respondents,200.47875408541015,-10.029019831787423,510.0,0.4297635077870448,0.17730888266916386,0.44977730355779516,0.0,946
OLS prediction,209.13626243030225,-1.371511486895315,,,,,,946
EB main,208.33111546204108,-2.1766584551564847,388.1968327479242,5.908052617811268e-09,0.22431666655459392,0.1901370874168799,0.0,946
EB pairwise,209.5990427672274,-0.9087311499701798,354.95518743098546,6.268930772207066e-13,1.0285868449850679e-12,0.09884052375684767,0.0,946
EB-offset hybrid: main,208.6533518773048,-1.8544220398927678,384.97888073548637,1.7211870241046148e-09,0.1887581649771471,0.17335744712798146,6.0,946
EB-offset hybrid: pairwise,209.8324253640198,-0.6753485531777699,358.41762019807175,4.432283544200691e-09,7.64390554588839e-09,0.09362941981488707,6.0,946
Naive respondents,200.13983752242672,-9.97037726988259,494.9999999999998,0.3886864497328482,0.17405777503640113,0.41543686224908616,0.0,947
OLS prediction,209.15671973395877,-0.9534950583505406,,,,,,947
EB main,208.20682363577941,-1.9033911565298922,388.83466597116904,4.193563614876855e-13,0.10480784691504319,0.1377742707813018,0.0,947
EB pairwise,208.56700973797012,-1.5432050543391824,375.0399936954575,6.705718107136829e-09,4.714852673397486e-09,0.08141741811469319,0.0,947
EB-offset hybrid: main,208.7985105215198,-1.3117042707895052,390.5727475049014,1.3995867863886575e-09,0.08034522759966882,0.10831566572558668,5.0,947
EB-offset hybrid: pairwise,208.56700973797012,-1.5432050543391824,375.0399936954575,6.705718107136829e-09,4.714852673397486e-09,0.08141741811469319,0.0,947
Naive respondents,200.7064956868035,-10.231540258497063,530.0,0.38164172214970604,0.13038255060465098,0.4319751264408687,0.0,948
OLS prediction,210.30545567831606,-0.6325802669844904,,,,,,948
EB main,208.41371015482417,-2.5243257904763823,397.42563594478105,1.6157688606112574e-14,0.3253728535984503,0.15693672302769537,0.0,948
EB pairwise,210.0432334179622,-0.8948025273383564,386.7139706309469,1.0924348090639132e-15,1.2363614083274285e-15,0.04590252610693021,0.0,948
EB-offset hybrid: main,208.6382681701088,-2.2997677751917536,400.0125346182361,8.820721906195827e-12,0.31079950389108274,0.1414549911822515,4.0,948
EB-offset hybrid: pairwise,210.88084660078837,-0.057189344512181606,383.1188685197955,1.9962673441290357e-09,3.3851386052047645e-09,0.0234837448250148,14.0,948
Naive respondents,199.80143543648109,-11.107352838186046,505.00000000000034,0.39007684490834915,0.28574426811668724,0.4173048147052859,0.0,949
OLS prediction,208.67412667728325,-2.2346615973838766,,,,,,949
EB main,207.88763236423713,-3.0211559104299965,379.43317532265934,2.801921136244937e-11,0.6075929781741801,0.17111656811104645,0.0,949
EB pairwise,212.88861088556143,1.9798226108943027,276.4078036887464,4.033433965577425e-15,8.349986938691049e-15,0.09196034344885969,0.0,949
EB-offset hybrid: main,208.57827135974844,-2.3305169149186895,380.0150385511915,8.08338703393013e-09,0.5303816076293788,0.15602968267860304,6.0,949
EB-offset hybrid: pairwise,213.02467417079507,2.115885896127935,251.0541034585717,1.303387395110745e-14,2.226054635556315e-14,0.11180579982569862,100.0,949
Naive respondents,200.88953666545487,-9.549456194754072,516.0,0.4051393357026957,0.10907699345242526,0.4327344844304791,0.0,950
OLS prediction,210.41247748994752,-0.026515370261421367,,,,,,950
EB main,209.1590647483371,-1.2799281118718397,384.01879459525395,1.2897813402547675e-14,0.22445831459717763,0.15759580930802253,0.0,950
EB pairwise,210.32781358649018,-0.11117927371876135,351.5702554982406,5.084498231070512e-10,5.978308009128375e-10,0.05366778243680398,0.0,950
EB-offset hybrid: main,209.70467334284183,-0.734319517367112,382.09064678249985,7.141316532928064e-10,0.19146222884563774,0.1295093494931971,12.0,950
EB-offset hybrid: pairwise,210.2726940696935,-0.16629879051544094,346.9605002203376,5.121344238732969e-16,1.05256982550846e-15,0.05812008366670716,11.0,950
Naive respondents,200.3205892195582,-10.760774820997995,525.0000000000006,0.4232629540685017,0.12604361245465964,0.46196889335816377,0.0,951
OLS prediction,210.00211994455918,-1.0792440959970122,,,,,,951
EB main,208.30041769387137,-2.7809463466848285,397.75181182851463,4.755513543292871e-09,0.24306234177808356,0.11597801305266207,0.0,951
EB pairwise,209.58923580112358,-1.492128239432617,374.6071800603527,2.7625438953796132e-14,8.263464414385428e-14,0.07770491429821612,0.0,951
EB-offset hybrid: main,209.03005097176347,-2.051313068792723,407.0812467586773,3.8861727036423244e-14,0.16320820623923973,0.1143049420155491,4.0,951
EB-offset hybrid: pairwise,209.68984822441695,-1.391515816139247,373.99852590511,3.96429044865129e-16,1.088042294625496e-15,0.07430490883505425,2.0,951
Naive respondents,200.1604434682296,-8.434798666408,533.0000000000003,0.38713884062706894,0.15895554491864017,0.40346349582503843,0.0,952
OLS prediction,206.39850627017725,-2.1967358644603507,,,,,,952
EB main,205.58415927730778,-3.011082857329825,426.2693617440377,6.802393116936922e-09,0.340801680670632,0.1944871714963182,0.0,952
EB pairwise,207.93447728520943,-0.6607648494281761,347.5603653107149,3.7116581534758224e-11,1.2466638976892907e-11,0.06387139746560201,0.0,952
EB-offset hybrid: main,206.24853568470374,-2.346706449933862,420.5047363790948,1.7923454154098557e-09,0.2766206184525957,0.18079763824226833,8.0,952
EB-offset hybrid: pairwise,208.5649148812673,-0.030327253370302287,347.6500862801164,1.1181917416549705e-14,1.2489999901661392e-14,0.06507234296157667,23.0,952
Naive respondents,197.71746744291335,-12.93831250384531,510.0,0.42413369594870887,0.26055207317059875,0.4963333337982208,0.0,953
OLS prediction,209.7956995415626,-0.8600804051960438,,,,,,953
EB main,208.27981505498585,-2.37596489177281,356.80543776047466,3.2244474005732584e-15,0.24798886980211943,0.16155085050302742,0.0,953
EB pairwise,208.48254235260205,-2.1732375941566033,355.92703927786823,1.816818276024932e-12,5.481711104572902e-12,0.1750287276099816,0.0,953
EB-offset hybrid: main,208.51474632412643,-2.1410336226322215,361.5575552712743,3.946679369633432e-09,0.23535134023410045,0.15439079695371438,2.0,953
EB-offset hybrid: pairwise,208.62768342625813,-2.028096520500526,356.19768946797785,6.18827673472319e-14,8.57426332043783e-14,0.18176993306509806,9.0,953
Naive respondents,199.35299571777693,-11.000685766026663,513.0000000000001,0.42460905894211665,0.13087391411167096,0.4619622908427616,0.0,954
OLS prediction,208.74742684645253,-1.6062546373510713,,,,,,954
EB main,207.83128036818488,-2.5224011156187203,373.1336269796963,1.7555531892106862e-12,0.23800627356726065,0.20518257564487868,0.0,954
EB pairwise,208.59809254202034,-1.7555889417832589,344.4700983990988,6.968805523600762e-15,5.8420598143175045e-15,0.14416014049974354,0.0,954
EB-offset hybrid: main,207.92524876689288,-2.42843271691072,360.5022795843687,4.5733642855134987e-10,0.1708484653046172,0.20462186374286168,12.0,954
EB-offset hybrid: pairwise,209.12669155946077,-1.2269899243428313,337.62415265396936,3.539643575663723e-09,7.891676024975069e-09,0.12101566553849455,21.0,954
Naive respondents,200.12964988459314,-11.498387291502212,504.0000000000002,0.40764680245737606,0.21719212478851813,0.4524271353477555,0.0,955
OLS prediction,211.18349517045593,-0.4445420056394198,,,,,,955
EB main,209.89548865513714,-1.732548520958204,347.3286397206524,1.552472151194795e-12,0.38139797405514814,0.191181619527781,0.0,955
EB pairwise,212.97512487799284,1.3470877018974932,305.45942159972424,2.6675297044155374e-11,4.254617314536156e-11,0.05101982020884298,0.0,955
EB-offset hybrid: main,210.4311216120878,-1.1969155640075542,328.70809391132315,7.598714663680332e-10,0.30959610811274535,0.15956236422424125,23.0,955
EB-offset hybrid: pairwise,213.07711624126222,1.4490790651668704,274.3478345669706,5.060942560891242e-13,8.723578164826395e-13,0.046690042678276956,34.0,955
Naive respondents,198.16712324909162,-11.607412732664727,472.9999999999999,0.4433638998215094,0.20673375827802723,0.5112802220389311,0.0,956
OLS prediction,206.89381068425956,-2.880725297496781,,,,,,956
EB main,205.49472991231613,-4.2798060694402125,320.7563941652517,2.979829228135084e-15,0.21749766871884169,0.23604341459421088,0.0,956
EB pairwise,206.12993751080586,-3.644598470950484,281.7069358060407,1.0386851907114806e-10,1.6562972202945185e-10,0.16685991143574697,0.0,956
EB-offset hybrid: main,207.1939679842725,-2.580567997483854,319.17513837133737,1.759596399747559e-09,0.19907116083128162,0.2041481216866682,25.0,956
EB-offset hybrid: pairwise,208.00305315533996,-1.7714828264163884,290.69119091889206,6.813649564760821e-15,7.456710021735137e-15,0.12053831480190311,24.0,956
Naive respondents,199.0512203136612,-10.391668322171029,512.0,0.42619470197117504,0.16786136549572034,0.43691951752395136,0.0,957
OLS prediction,209.218992954465,-0.2238956813672246,,,,,,957
EB main,208.48531249925117,-0.9575761365810536,362.43949063155554,5.7260733085002044e-11,0.23559813611478414,0.17729639174037345,0.0,957
EB pairwise,209.4547092605498,0.01182062471758627,328.35785215289735,3.3778302185044316e-15,3.771694966814099e-15,0.0954293124403577,0.0,957
EB-offset hybrid: main,208.79228934161986,-0.6505992942123555,355.4772261537729,1.5052746907904016e-10,0.20779713066480937,0.14577962557835075,3.0,957
EB-offset hybrid: pairwise,209.4607602594478,0.017871623615576482,324.32170724419154,1.0310441832047312e-15,2.5056277670152478e-15,0.08521215560751806,3.0,957
Naive respondents,197.67764303374858,-11.959178550734038,489.00000000000006,0.46463931480669796,0.17279947482191535,0.5133341689787664,0.0,958
OLS prediction,210.89633831136092,1.259516726878303,,,,,,958
EB main,209.1956108224812,-0.4412107620014183,309.1685634783845,3.9532548139796223e-14,0.15851902128434103,0.12466968254731406,0.0,958
EB pairwise,209.64150421350578,0.004682629023164964,289.1021010300105,2.0059017546144077e-13,1.960773498009064e-13,0.07397203889469907,0.0,958
EB-offset hybrid: main,209.5478928185367,-0.0889287659459228,304.0791861921981,8.728018395779423e-10,0.17519633596704956,0.11901159661886179,9.0,958
EB-offset hybrid: pairwise,209.89828107502044,0.2614594905378169,282.4693202224283,5.739637409765624e-09,6.844927958502453e-09,0.07745524973080992,14.0,958
Naive respondents,203.36005797354682,-9.036943792526415,506.9999999999999,0.45266735870804536,0.2433296123121901,0.450842832818998,0.0,959
OLS prediction,212.1191117928974,-0.27788997317583153,,,,,,959
EB main,211.1890234945517,-1.2079782715215401,374.5583639678366,4.477589212063863e-14,0.13716902286034058,0.1654502027479658,0.0,959
EB pairwise,211.3807870099239,-1.0162147561493384,352.9722576047127,1.859920279397194e-14,1.8353180617226066e-14,0.11737533894709269,0.0,959
EB-offset hybrid: main,211.48130666920895,-0.9156950968642832,365.4173520439746,2.005772015914849e-09,0.09274059793795367,0.1333717037463559,9.0,959
EB-offset hybrid: pairwise,211.55197363691738,-0.8450281291558497,345.33256711852164,2.7668762995897634e-09,3.2655513358804585e-09,0.10116195311385971,8.0,959
Naive respondents,199.34134412371162,-10.964417401568738,496.9999999999997,0.4148139562752838,0.11159026880589187,0.4584460977835,0.0,960
OLS prediction,209.53368273882094,-0.7720787864594172,,,,,,960
EB main,208.11399006233137,-2.191771462948992,353.2746911951476,7.440037176584843e-12,0.2875870415630393,0.18807982944616294,0.0,960
EB pairwise,208.327356104629,-1.9784054206513702,320.59871147775783,2.0340115983630012e-13,3.4331026655659266e-13,0.14770083791992153,0.0,960
EB-offset hybrid: main,208.5023189151877,-1.8034426100926737,353.3675966900461,2.6276909941077133e-09,0.2438747455674689,0.18111033392976217,12.0,960
EB-offset hybrid: pairwise,208.95810354894525,-1.347657976335114,328.8200838101852,1.3401308034829806e-15,3.0926733615844954e-15,0.13907854757187402,9.0,960
Naive respondents,201.80620847310087,-8.925953920704927,520.9999999999999,0.4303546816830992,0.18757633816606747,0.456957663246656,0.0,961
OLS prediction,208.9452912561881,-1.7868711376176805,,,,,,961
EB main,208.77050357224124,-1.961658821564555,412.9545070810626,2.802791829122693e-12,0.27428688305875254,0.18634932221586265,0.0,961
EB pairwise,210.3281073530222,-0.40405504078358945,364.1310043595246,1.0226020673742004e-09,1.7392923979722654e-09,0.04402894896598886,0.0,961
EB-offset hybrid: main,209.11659007690335,-1.615572316902444,388.9821793382814,4.0452250999515866e-09,0.2542609315815543,0.17680486015037009,14.0,961
EB-offset hybrid: pairwise,211.1170537245177,0.38489133071189485,327.84900130146156,4.759876156205974e-15,7.604955553605913e-15,0.03883113266195473,34.0,961
Naive respondents,200.65198437198657,-11.397532264154421,482.0000000000001,0.46005948471876285,0.193660878242596,0.5063217609133277,0.0,962
OLS prediction,211.36550747924903,-0.6840091568919604,,,,,,962
EB main,210.3832853426915,-1.6662312934494992,333.7559513257112,1.8538001912960384e-14,0.1543527763224105,0.1812036760249726,0.0,962
EB pairwise,210.58780551575603,-1.4617111203849618,298.5728075578342,6.806194751914133e-13,7.55843488312532e-13,0.1095872315157836,0.0,962
EB-offset hybrid: main,210.3870529339098,-1.6624637022311788,323.8091320685338,2.702523638860495e-11,0.21936041333469622,0.18648808512648557,29.0,962
EB-offset hybrid: pairwise,210.58780551575603,-1.4617111203849618,298.5728075578342,6.806194751914133e-13,7.55843488312532e-13,0.1095872315157836,0.0,962
Naive respondents,198.06898797071022,-11.869730852465352,474.9999999999996,0.4633007909489508,0.11112713164996939,0.496722509352598,0.0,963
OLS prediction,209.88799837083462,-0.050720452340954125,,,,,,963
EB main,208.94620838447878,-0.9925104386967973,324.7551236918123,2.132677891777164e-15,0.1604379804594355,0.135824170352928,0.0,963
EB pairwise,208.9536256309338,-0.9850931922417772,298.2072792463294,4.714116065705584e-12,5.676686908171529e-12,0.09591821513269187,0.0,963
EB-offset hybrid: main,208.87621548241592,-1.0625033407596618,314.7207077791904,9.865296033583526e-11,0.12961780181952068,0.12525994556718148,10.0,963
EB-offset hybrid: pairwise,209.0945884101345,-0.8441304130410856,300.2788706041017,3.8581608345781616e-15,4.080261213308733e-15,0.09397746452673793,3.0,963
Naive respondents,201.03822605663152,-10.00990249847024,468.99999999999983,0.4225777035286286,0.22349341899552005,0.4621059126578397,0.0,964
OLS prediction,207.6860483433531,-3.362080211748662,,,,,,964
EB main,207.14942075236334,-3.8987078027384143,384.7561930134746,1.122519358965407e-15,0.26034329967665076,0.19461425775272578,0.0,964
EB pairwise,208.1525836820785,-2.8955448730232547,361.0069298222189,4.871843386313406e-14,1.0148475648595714e-13,0.12077977321475941,0.0,964
EB-offset hybrid: main,208.0816925345716,-2.9664360205301534,382.4671014630078,9.569563242299764e-09,0.18636464124383859,0.17125795689762738,8.0,964
EB-offset hybrid: pairwise,208.92516358487754,-2.122964970224217,364.3501382541382,4.57784892384339e-15,6.490589996418313e-15,0.10488289753149298,7.0,964
Naive respondents,202.59795951292372,-9.032374201230596,482.0000000000001,0.4234298210240145,0.13398582023493294,0.43806107291134383,0.0,965
OLS prediction,210.60039794738026,-1.0299357667740594,,,,,,965
EB main,209.26122846093185,-2.3691052532224717,365.9818980905633,7.1346384287847175e-12,0.32747854637258433,0.1851681328594859,0.0,965
EB pairwise,210.5808548083157,-1.0494789058386118,322.9497945420428,5.2611544028277385e-12,1.493380521872924e-11,0.07285859879521799,0.0,965
EB-offset hybrid: main,209.906150124063,-1.7241835900913145,370.2093250010038,2.1055760255225377e-10,0.27533873388911995,0.16020120492279594,7.0,965
EB-offset hybrid: pairwise,211.30546333232456,-0.32487038182975425,334.41272102883755,8.963006395497528e-16,1.0600959821533362e-15,0.05691354211543964,7.0,965
Naive respondents,200.94375146978214,-9.017089815179816,484.0,0.4090875462057828,0.17815029373020913,0.4309035466426502,0.0,966
OLS prediction,208.33364231747757,-1.6271989674843894,,,,,,966
EB main,207.42580475249903,-2.535036532462925,385.69567088366324,8.597686077539245e-09,0.25302877105180693,0.17646528364364414,0.0,966
EB pairwise,207.86773968186213,-2.093101603099825,349.3991775116752,3.780551658000212e-14,6.872790963568355e-14,0.13149655803013535,0.0,966
EB-offset hybrid: main,207.76779242301427,-2.1930488619476876,387.80031656270495,3.364992074991598e-10,0.2296994632288261,0.16417415840944302,3.0,966
EB-offset hybrid: pairwise,208.41438927206906,-1.5464520128928996,357.368869982169,6.933897461842628e-10,1.0807822210623014e-09,0.1113362527612936,7.0,966
Naive respondents,200.49754389630277,-10.429109535509639,517.0000000000002,0.46407934072686374,0.17351801741470008,0.49366875841468816,0.0,967
OLS prediction,211.52142841422597,0.5947749824135542,,,,,,967
EB main,210.3811471301711,-0.5455063016413249,355.17159273659075,3.654701439439414e-10,0.131866651818642,0.13363511900189987,0.0,967
EB pairwise,210.37538789772327,-0.5512655340891399,331.6797097276905,3.706464617459606e-15,3.6849091461050974e-15,0.10317289671366124,0.0,967
EB-offset hybrid: main,210.75920052280978,-0.167452909002634,337.9597176563994,1.7140728738717605e-10,0.11128167950433564,0.097134833350833,8.0,967
EB-offset hybrid: pairwise,210.53788222280818,-0.3887712090042328,330.7905834716563,2.3356345494515207e-14,2.7607370924900197e-14,0.09433115317148046,4.0,967
Naive respondents,199.1916591376952,-10.344078787488002,509.00000000000017,0.38967432883624636,0.16776062774691491,0.42173454043081143,0.0,968
OLS prediction,207.31156071693968,-2.224177208243532,,,,,,968
EB main,206.38703730343212,-3.1487006217510896,391.84251989925826,4.3912673456338456e-11,0.13276676000975832,0.18894405043489476,0.0,968
EB pairwise,206.18796554821404,-3.347772376969175,391.45874176531885,1.7325471273227982e-13,2.120121218789511e-13,0.20839247033872835,0.0,968
EB-offset hybrid: main,206.5187165642068,-3.0170213609764005,394.2774077180935,2.129826224887739e-09,0.11203910447114401,0.18366462623222887,3.0,968
EB-offset hybrid: pairwise,206.20671073203368,-3.3290271931495283,391.47892590439835,5.366824200393687e-16,1.2875873439239262e-15,0.20861265229029025,1.0,968
Naive respondents,202.52159594311092,-9.242706731817805,512.0,0.45092701728478407,0.16686519914756137,0.47318125198543703,0.0,969
OLS prediction,212.27031541345232,0.5060127385235944,,,,,,969
EB main,210.93854567225736,-0.8257570026713665,390.10213884002957,1.283246792058726e-10,0.1962846677030418,0.15177723073025948,0.0,969
EB pairwise,211.34253227018465,-0.42177040474408045,357.3919313986689,2.6524530284689856e-14,2.5969563238827562e-14,0.060130057170153565,0.0,969
EB-offset hybrid: main,211.0708794402334,-0.6934232346953308,387.4907507460277,6.376169222324478e-10,0.16670722868371313,0.13263247896784444,3.0,969
EB-offset hybrid: pairwise,211.44204085307487,-0.3222618218538571,359.8121693450384,6.5532266950501006e-15,5.73050061233408e-15,0.06453664451344299,5.0,969
Naive respondents,199.33966430281393,-9.841351718787394,485.0000000000001,0.4436223816678212,0.21017157000732864,0.4793039107623117,0.0,970
OLS prediction,206.36043776448443,-2.8205782571168925,,,,,,970
EB main,205.25386577832302,-3.927150243278305,381.15877163548737,8.129799915424622e-13,0.31263556996730085,0.20154059796075333,0.0,970
EB pairwise,206.65800551429902,-2.5230105073023026,348.35328487643005,3.7703297492510284e-11,7.86468494399598e-11,0.10190297599174634,0.0,970
EB-offset hybrid: main,206.6315947311439,-2.549421290457417,386.1233603814096,1.243462727884807e-09,0.2324857825390316,0.15539168060686756,7.0,970
EB-offset hybrid: pairwise,207.4877375223797,-1.693278499221634,355.0890641882791,1.490381912302986e-15,1.4219360721371643e-15,0.07824612475264968,6.0,970
Naive respondents,200.01867604065757,-10.602566547526862,474.9999999999996,0.3983031785630521,0.18647703786171854,0.4373714368472609,0.0,971
OLS prediction,209.63565389053014,-0.9855886976542934,,,,,,971
EB main,208.18400165484616,-2.4372409333382734,355.5026174033648,3.783409089411551e-12,0.2876685763491466,0.17242044616415866,0.0,971
EB pairwise,210.23567871779835,-0.3855638703860791,323.9759081542,1.0963868596455229e-13,1.8561658996641845e-13,0.05271635650022866,0.0,971
EB-offset hybrid: main,208.82048215622558,-1.8007604319588495,357.5436068685403,6.477024058831895e-10,0.21442266900728774,0.14715699749219366,8.0,971
EB-offset hybrid: pairwise,210.7766295876349,0.15538699945045664,320.07629452263086,2.6343022706060512e-14,4.971468328326081e-14,0.04631299703490302,9.0,971
Naive respondents,201.51577007711825,-10.001160415334624,477.9999999999997,0.40255611402092795,0.2348678729638823,0.44523719784631444,0.0,972
OLS prediction,210.22744484491304,-1.2894856475398342,,,,,,972
EB main,209.33242444613484,-2.1845060463180346,362.78413554302085,4.039240622008161e-15,0.18663355745876847,0.1668684551494737,0.0,972
EB pairwise,210.1897017195048,-1.3272287729480752,338.91834085496686,5.596536796310672e-13,8.785739192728581e-13,0.09208478634076464,0.0,972
EB-offset hybrid: main,209.41913715326265,-2.0977933391902184,363.0090043044149,9.141112342134793e-12,0.22325554241175122,0.18278124492600212,10.0,972
EB-offset hybrid: pairwise,210.96360993468667,-0.5533205577661988,331.2857905857543,5.90317108670484e-12,1.056742157571174e-11,0.05275861787492797,15.0,972
Naive respondents,202.33304951635313,-9.25949091577516,486.99999999999966,0.4482795022948716,0.18636403049442715,0.47512638214425873,0.0,973
OLS prediction,209.88783123633226,-1.7047091957960276,,,,,,973
EB main,208.2145828976746,-3.377957534453685,352.57807461612043,1.563333202571575e-14,0.1948647566532072,0.16414770633116602,0.0,973
EB pairwise,209.0590953801149,-2.533445052013377,343.0116126850135,1.999534682339726e-12,3.6278014793794266e-12,0.10391207283346558,0.0,973
EB-offset hybrid: main,209.20922058996496,-2.3833198421633313,368.9049478477257,4.5930044192919653e-10,0.22097698095289572,0.1835967851913739,17.0,973
EB-offset hybrid: pairwise,209.72950252970034,-1.8630379024279478,349.077891676563,3.3593453924640663e-13,6.05019470658633e-13,0.08646690896094102,5.0,973
Naive respondents,200.2356630819276,-9.778410427055604,512.0,0.40314215474701015,0.15299677014007243,0.43579389319469564,0.0,974
OLS prediction,208.7858605638808,-1.2282129451024275,,,,,,974
EB main,207.77358940983254,-2.2404840991506774,371.16143077169045,5.755042422872514e-13,0.2593779901784951,0.21239713407767696,0.0,974
EB pairwise,209.11058794028975,-0.9034855686934691,331.31248287555314,8.893671055833585e-14,1.3999571392847719e-13,0.0893571135171085,0.0,974
EB-offset hybrid: main,208.30003055854024,-1.7140429504429733,365.69550776525966,1.0283260459118593e-09,0.1883585092313018,0.17445171749772498,17.0,974
EB-offset hybrid: pairwise,209.06070968906351,-0.9533638199197014,313.1093289123767,1.0763204418110984e-15,2.10167199139863e-15,0.09813204714761141,29.0,974
Naive respondents,200.61681109795796,-8.675867921784572,508.0,0.4151918534945109,0.16163469122324298,0.43039093511341825,0.0,975
OLS prediction,209.4478989678457,0.15521994810316642,,,,,,975
EB main,208.64225990999648,-0.6504191097460534,373.0538727276322,3.5458482397435734e-15,0.161457113638409,0.12349342370341494,0.0,975
EB pairwise,209.54976835190587,0.2570893321633321,334.97322075027085,4.769343840337621e-09,4.567090789536172e-09,0.013559313282302613,0.0,975
EB-offset hybrid: main,208.95703696988446,-0.3356420498580803,368.52406091170843,1.6230438910522765e-11,0.12814599510420888,0.09594008868861797,5.0,975
EB-offset hybrid: pairwise,209.7511341842114,0.4584551644688588,335.6676787922334,2.2656180280975412e-14,1.9800976705469756e-14,0.020416739537689813,8.0,975
Naive respondents,202.45350078622891,-8.95854246960576,493.99999999999955,0.43612025328608617,0.19333161212473257,0.4460267851431116,0.0,976
OLS prediction,211.61524659922574,0.20320334339106694,,,,,,976
EB main,210.52030376108644,-0.8917394947482364,376.15567225307467,4.481853067872389e-15,0.09311249117068801,0.10754330472590141,0.0,976
EB pairwise,210.82777750622654,-0.5842657496081358,362.23389272036565,1.2661848569301728e-12,4.098824505035923e-12,0.06952971142850602,0.0,976
EB-offset hybrid: main,211.39145235023722,-0.020590905597458686,373.7315747866105,8.061345310129838e-10,0.1935863883083876,0.08107321796036154,15.0,976
EB-offset hybrid: pairwise,211.31504385965303,-0.09699939618164422,361.9180865065966,5.477098218780642e-11,1.7794842836235116e-10,0.07024106958936177,14.0,976
Naive respondents,199.83261574574576,-10.51532846744945,455.99999999999994,0.45745770294133814,0.2134452537636312,0.5048393670374911,0.0,977
OLS prediction,209.456822951607,-0.8911212615882107,,,,,,977
EB main,208.08026260371392,-2.2676816094812864,334.34550223382087,1.630169887414712e-10,0.21419056695097338,0.171691158372194,0.0,977
EB pairwise,208.12536682136354,-2.2225773918316634,298.69248642996115,4.5138320038625035e-15,2.424493865855178e-14,0.10782080737887384,0.0,977
EB-offset hybrid: main,209.23706746539798,-1.1108767477972208,312.1899765790434,1.782635183141547e-11,0.07335742122198188,0.10033034677504972,16.0,977
EB-offset hybrid: pairwise,209.09247223604075,-1.255471977154457,304.11295114080843,1.2646976842514428e-09,2.5071892032784473e-09,0.08878098123482069,18.0,977
Naive respondents,199.72975814840916,-8.963346500915094,533.0000000000003,0.4200382081148753,0.15478685846862614,0.4534465710293766,0.0,978
OLS prediction,206.641676438896,-2.0514282104282415,,,,,,978
EB main,205.71181116461239,-2.9812934847118697,402.4447462428065,1.4209057625203159e-10,0.1055512797789924,0.17184176937472495,0.0,978
EB pairwise,206.03687973177685,-2.656224917547405,377.6896966441952,2.926832090528053e-13,3.629332438251539e-13,0.13378950681558927,0.0,978
EB-offset hybrid: main,206.1914708465535,-2.5016338027707548,410.57617144908795,1.0186525925199054e-09,0.10156862844417262,0.1563451988081029,4.0,978
EB-offset hybrid: pairwise,206.5295270135867,-2.1635776357375676,381.90745642548376,2.464014942491109e-12,4.9805809239333234e-12,0.1153328718556407,7.0,978
Naive respondents,199.2052583347445,-11.78935893098921,477.00000000000034,0.49010065482701537,0.182821124763736,0.539762437037646,0.0,979
OLS prediction,209.8952730995017,-1.0993441662320151,,,,,,979
EB main,208.27033323414184,-2.7242840315918784,317.22985636981036,2.6141690310223093e-11,0.18091992726704098,0.18003323832867,0.0,979
EB pairwise,208.79909724695904,-2.195520018774687,289.17367351333905,1.6709680258129893e-13,2.4685809929018663e-13,0.11737120855115915,0.0,979
EB-offset hybrid: main,208.5057124121258,-2.48890485360792,320.40557467535405,1.5322884686020622e-09,0.17581949114621437,0.17420981786830333,7.0,979
EB-offset hybrid: pairwise,209.41186095627288,-1.5827563094608479,297.4766986116659,4.6035748561182244e-15,7.068236814134226e-15,0.09889736284897205,8.0,979
Naive respondents,201.55348399868495,-8.703787756338613,503.00000000000017,0.37374972015500857,0.26153878242591344,0.40863613893415535,0.0,980
OLS prediction,206.54003805433118,-3.7172337006923897,,,,,,980
EB main,205.67211009569232,-4.5851616593312485,432.2763886945752,3.502488273172153e-14,0.33387704703118404,0.23287413800323756,0.0,980
EB pairwise,207.0939147741049,-3.163356980918678,407.0039799095862,6.605191583337538e-14,1.4113875584718524e-13,0.14938079424064896,0.0,980
EB-offset hybrid: main,206.90375202292506,-3.353519732098505,430.9543004735912,1.2578412211664023e-09,0.22717688161287153,0.2018940354740639,9.0,980
EB-offset hybrid: pairwise,207.80951007119822,-2.447761683825348,404.1829534193661,7.18620385137458e-14,8.486036228258486e-14,0.1343440181778362,9.0,980
Naive respondents,200.30602489134935,-9.574302556353103,482.9999999999999,0.45963442943405425,0.21812313159575084,0.4813510719292298,0.0,981
OLS prediction,209.68319535895102,-0.19713208875143096,,,,,,981
EB main,208.1177529204224,-1.7625745272800657,342.1048656680886,5.564522806208382e-13,0.1884871046775679,0.14346320378657237,0.0,981
EB pairwise,208.49162302653025,-1.388704421172207,315.128070471574,7.133980651702337e-13,9.181840322849162e-13,0.08024001655585612,0.0,981
EB-offset hybrid: main,208.54673212472116,-1.3335953229812958,336.16051093256954,6.628199065516068e-09,0.14415632613240736,0.12134246025276589,7.0,981
EB-offset hybrid: pairwise,208.81661272670968,-1.0637147209927775,323.56377442774624,1.8807151381210418e-15,2.4110208644441944e-15,0.0777432383191244,4.0,981
Naive respondents,200.17064832037306,-10.442660221699782,484.0,0.4112085974371574,0.20255545145559048,0.4454083206111203,0.0,982
OLS prediction,210.16824037985924,-0.4450681622136017,,,,,,982
EB main,208.77727203673024,-1.836036505342605,362.0179489379788,5.635993017203502e-14,0.308238900401294,0.13808220344387387,0.0,982
EB pairwise,210.44668033716502,-0.16662820490782337,335.45810652375286,1.164297857877233e-10,9.615220593914346e-11,0.02646455522401266,0.0,982
EB-offset hybrid: main,208.83560900901495,-1.7776995330578984,361.9349371299141,1.2361701981479413e-09,0.30570681256643645,0.13576658372762393,1.0,982
EB-offset hybrid: pairwise,210.86168213077227,0.2483735886994225,337.7911016476406,3.66683955474904e-12,9.812881537902258e-12,0.024780879447059635,11.0,982
Naive respondents,197.4871124756835,-10.066326943912912,526.9999999999998,0.4008298693520175,0.15291987809420632,0.44275603966233434,0.0,983
OLS prediction,205.73945473512094,-1.8139846844754572,,,,,,983
EB main,204.53936213849568,-3.0140772811007253,415.8672466758279,4.886153365080841e-09,0.38395700708853303,0.15160845196826706,0.0,983
EB pairwise,204.540030179271,-3.0134092403253874,404.51933044791474,2.477635816893323e-10,5.46224270096789e-10,0.18896858952315992,0.0,983
EB-offset hybrid: main,204.93772736067902,-2.6157120589173815,416.28894709411395,5.287875787107627e-10,0.38753473603018596,0.12954133039598387,3.0,983
EB-offset hybrid: pairwise,205.11575680542663,-2.4376826141697734,407.1418358693999,3.2090114159626878e-15,7.799134642825148e-15,0.1673761754765815,5.0,983
Naive respondents,199.4235057638898,-8.936094596971884,493.99999999999955,0.38035705777681506,0.15681119524200113,0.4130612712861654,0.0,984
OLS prediction,207.63965625564066,-0.7199441052210318,,,,,,984
EB main,206.42651541173174,-1.9330849491299489,391.469926167147,9.448971704664475e-15,0.22259786190563485,0.16117741855450549,0.0,984
EB pairwise,207.55961020463016,-0.7999901562315301,361.990449217066,7.23178909081929e-10,1.1604020408351048e-09,0.06817359003481617,0.0,984
EB-offset hybrid: main,206.75077394894723,-1.608826411914464,391.5963983832591,4.252724394008484e-12,0.19636821438615706,0.14198033140855731,4.0,984
EB-offset hybrid: pairwise,207.56294882834464,-0.7966515325170462,360.84859642583854,9.140245422956465e-15,1.1033551573150557e-14,0.06438792110957507,2.0,984
Naive respondents,202.75319689607744,-7.664797513907956,513.0000000000001,0.4353185430362669,0.14832387918761672,0.4348744473416665,0.0,985
OLS prediction,210.16578466346255,-0.2522097465228512,,,,,,985
EB main,208.8018955742219,-1.616098835763495,400.80881232474724,3.051404417304038e-15,0.19378012667123357,0.14849181010539922,0.0,985
EB pairwise,208.32854847878255,-2.089445931202846,366.14778169067944,1.0924454197814543e-09,2.052174429481909e-09,0.12655190251554574,0.0,985
EB-offset hybrid: main,209.21364303311222,-1.204351376873177,389.75007007623066,4.085449597928361e-09,0.144338236892314,0.12790043623809583,9.0,985
EB-offset hybrid: pairwise,208.41706658853565,-2.00092782144975,365.0042451117781,3.107828711011359e-15,9.884009258564725e-15,0.12607887602466383,3.0,985
Naive respondents,200.3053519151178,-10.959816571038772,498.99999999999994,0.45101275312578154,0.1204159437242804,0.4913065462468916,0.0,986
OLS prediction,211.29767975412045,0.03251126796388348,,,,,,986
EB main,210.20698363112047,-1.058184855036103,344.2829244021263,6.5815290326290656e-15,0.19350662294657428,0.14586272382022042,0.0,986
EB pairwise,209.82052886788688,-1.4446396182696901,311.2035774858727,7.730743091186907e-16,1.1878439042066642e-15,0.15608599884768154,0.0,986
EB-offset hybrid: main,210.45076903476308,-0.8143994513934842,344.1583527734009,1.0439474618431765e-11,0.17994635190387892,0.12959807247068478,3.0,986
EB-offset hybrid: pairwise,210.2819688304956,-0.9831996556609681,315.76168662273324,6.332517190812528e-15,6.597602272175157e-15,0.13584181456811947,13.0,986
Naive respondents,197.03594854409607,-12.200275075449184,474.9999999999996,0.48505467050580503,0.1943068310653405,0.532537166979912,0.0,987
OLS prediction,209.0710710612248,-0.16515255832044318,,,,,,987
EB main,207.97632103500797,-1.2599025845372864,303.2177131440848,6.883286576433248e-15,0.26708853312450426,0.19249613567379711,0.0,987
EB pairwise,208.94226028959935,-0.29396332994591035,265.09575999367223,4.083671713995973e-15,1.7795590854872236e-14,0.08825272481290175,0.0,987
EB-offset hybrid: main,208.65146612170508,-0.5847574978401724,287.8982464604164,1.6188888168074771e-10,0.2293347646974685,0.15581436734526422,14.0,987
EB-offset hybrid: pairwise,209.5697589483895,0.3335353288442491,253.53335684705226,2.3218800377838463e-09,7.906659822806892e-09,0.06938027730921163,22.0,987
Naive respondents,198.3223663493663,-12.238450275229155,455.99999999999994,0.5066111508492035,0.21746971099740262,0.5351767894435664,0.0,988
OLS prediction,211.31499765087204,0.7541810262765978,,,,,,988
EB main,209.89964096165716,-0.661175662938291,290.240645913566,9.813729223781607e-09,0.18333309983471288,0.12978344884478185,0.0,988
EB pairwise,211.18501153073944,0.6241949061439982,246.55577840974698,1.5221893152110094e-10,1.4009506213128046e-10,0.058398975058563625,0.0,988
EB-offset hybrid: main,209.99309024746887,-0.5677263771265757,286.255509659612,8.612709038780833e-11,0.17924645771830894,0.12282493042730822,5.0,988
EB-offset hybrid: pairwise,211.19950961853237,0.6386929939369281,238.69853733302241,2.3933751997235235e-15,1.9841452869621075e-15,0.06315563941975331,34.0,988
Naive respondents,198.44667439672526,-9.982138559223955,512.0,0.4064128513921949,0.15457252287060777,0.45681704956934616,0.0,989
OLS prediction,207.47708963624288,-0.951723319706332,,,,,,989
EB main,206.04657529206722,-2.3822376638819946,399.0974997141559,3.151842606448004e-14,0.3868466645559863,0.1652349271960053,0.0,989
EB pairwise,208.75912992192872,0.330316965979506,355.98166282533487,2.833461456577417e-10,3.112086773474844e-10,0.01583162103552173,0.0,989
EB-offset hybrid: main,206.8200811738489,-1.6087317821003069,399.8958601667115,6.531595140583977e-11,0.27958669711465833,0.13666020302050347,15.0,989
EB-offset hybrid: pairwise,209.10605709897703,0.6772441430278207,360.77576241107045,6.83698117285593e-15,6.927271039549681e-15,0.02576044938604047,15.0,989
Naive respondents,198.25747949349972,-10.46838523242252,525.9999999999999,0.42079609883315966,0.19348653862322462,0.4605346715630542,0.0,990
OLS prediction,207.14270475124238,-1.5831599746798588,,,,,,990
EB main,206.33548551471222,-2.3903792112100177,387.363406646519,1.9993304682173187e-15,0.29219091889649135,0.21218295829449652,0.0,990
EB pairwise,207.84955910987594,-0.8763056160462952,344.68381690539064,1.9143010167638466e-13,2.375142599052848e-13,0.10640967107867502,0.0,990
EB-offset hybrid: main,206.93523835520398,-1.7906263707182575,365.0471652018955,1.985580015593365e-10,0.20411854691882605,0.19173265303914774,11.0,990
EB-offset hybrid: pairwise,208.20712029639657,-0.5187444295256682,330.33617403030826,1.6143966348270612e-16,2.376986021164637e-15,0.1092090021395854,12.0,990
Naive respondents,197.93858497616097,-10.632906200635944,500.99999999999994,0.4520689912691781,0.18650819711184388,0.4857122856230691,0.0,991
OLS prediction,208.83574464484752,0.2642534680506117,,,,,,991
EB main,207.55010941252016,-1.0213817642767538,338.52929310102667,6.167310209352876e-15,0.28628320044766425,0.13452790414165075,0.0,991
EB pairwise,210.11211522066594,1.5406240438690304,286.5784319202147,3.0860511301488887e-13,5.537422120609601e-13,0.04951691596820452,0.0,991
EB-offset hybrid: main,207.80215872330606,-0.769332453490847,325.0295187995067,9.950662385753473e-12,0.2766088606176763,0.12274954896946055,9.0,991
EB-offset hybrid: pairwise,210.28268396261717,1.7111927858202591,287.79775969403045,1.464287517284548e-15,1.4539301028665658e-15,0.05824191628372738,8.0,991
Naive respondents,199.57271138825124,-8.952718954455293,510.0,0.4370443083169971,0.15004051415300448,0.44479143447888814,0.0,992
OLS prediction,209.4539730943922,0.9285427516856828,,,,,,992
EB main,207.99216139111545,-0.5332689515910829,364.0599810901336,6.3925778616155554e-15,0.10502476031136493,0.09197282660940392,0.0,992
EB pairwise,208.1839621267425,-0.3414682159640279,347.01609603568227,2.3244070898596967e-13,4.2944706604709064e-13,0.04987855466207996,0.0,992
EB-offset hybrid: main,208.25806026453108,-0.2673700781754462,359.38366412941565,5.932464567636896e-10,0.07737574482158437,0.07714414833935006,7.0,992
EB-offset hybrid: pairwise,208.25605719850807,-0.26937314419845393,348.2911968879155,9.719248839033806e-10,2.044166431208608e-09,0.05364207657484558,3.0,992
Naive respondents,199.2781339262087,-9.262742405939974,500.0000000000005,0.40834329215445,0.17670199096624273,0.4248144351651311,0.0,993
OLS prediction,207.88043930167817,-0.6604370304705185,,,,,,993
EB main,206.89036640626753,-1.6505099258811526,379.1077401133484,8.007040956400888e-09,0.14475010757333423,0.151906543271603,0.0,993
EB pairwise,207.55167757470852,-0.989198757440164,363.4475672317522,3.0167563602116294e-09,5.5133755306743015e-09,0.10263546802004882,0.0,993
EB-offset hybrid: main,207.0267176807554,-1.5141586513932737,375.62013608357404,7.692230638612586e-10,0.14083866238392095,0.14763695616278474,4.0,993
EB-offset hybrid: pairwise,207.61466291850746,-0.9262134136412215,359.9668900216648,6.832430529454199e-10,1.7451969302704747e-09,0.09944174733275477,3.0,993
Naive respondents,200.19082144437428,-10.27638886538756,493.0,0.4479420816813738,0.1124488914171681,0.46005161289026825,0.0,994
OLS prediction,210.46213442992908,-0.005075879832759256,,,,,,994
EB main,209.32614270056143,-1.1410676092004053,344.9691362868205,5.479327420914754e-09,0.2141880117910121,0.17290365426832235,0.0,994
EB pairwise,209.63308767000692,-0.8341226397549235,309.1551096098021,9.726704976003174e-11,1.534823485755469e-10,0.09599875429417493,0.0,994
EB-offset hybrid: main,209.36152106701445,-1.1056892427473883,332.59012965485016,1.453188480768443e-09,0.176184576380474,0.1569257346083253,16.0,994
EB-offset hybrid: pairwise,209.8190205476966,-0.6481897620652433,307.07709241067414,4.45230733753623e-09,7.018336752765254e-09,0.09443640195561082,13.0,994
Naive respondents,200.2870935565329,-9.105396514840578,518.0,0.4044673713071537,0.19148300603481924,0.4219897557262153,0.0,995
OLS prediction,208.10343147628538,-1.2890585950881075,,,,,,995
EB main,207.37304547370985,-2.019444597663636,406.81102942787,4.787002658111153e-10,0.3275484230375729,0.15804924177161786,0.0,995
EB pairwise,209.21715673332645,-0.17533333804703943,350.46223217316407,1.2578271749048012e-13,2.8431930075292226e-13,0.02744578253005126,0.0,995
EB-offset hybrid: main,208.7231606676553,-0.6693294037181943,392.4801466405121,4.50624934863751e-10,0.240871301562183,0.08991038133879514,13.0,995
EB-offset hybrid: pairwise,209.94656341174647,0.5540733403729803,356.45692170579264,5.438856241166084e-16,1.0548279342054763e-15,0.024977375443058638,8.0,995
Naive respondents,196.85572905977799,-10.739907758276672,525.0000000000006,0.3925878587561343,0.23280449700075356,0.44507601390279744,0.0,996
OLS prediction,205.8409832867129,-1.754653531341745,,,,,,996
EB main,204.88941121484746,-2.7062256032072014,403.4196969917305,6.9255937267131936e-15,0.27242832155130114,0.18247173159739513,0.0,996
EB pairwise,206.2047204432097,-1.3909163748449487,379.3412933085534,4.316964160232598e-12,8.522639609900187e-12,0.09590738389017911,0.0,996
EB-offset hybrid: main,205.16549405448185,-2.4301427635728032,406.60869354741396,3.4740844900975894e-10,0.26026667350298344,0.1729308903639287,2.0,996
EB-offset hybrid: pairwise,207.6306977656327,0.0350609475780459,368.5394372749104,1.0755718629941722e-13,1.3551722557999717e-13,0.03895480170550126,24.0,996
Naive respondents,198.99551816712696,-11.828458408928924,506.9999999999999,0.46266773133346,0.1564518118369643,0.49974201164106413,0.0,997
OLS prediction,211.58762958822732,0.7636530121714316,,,,,,997
EB main,210.0795509776714,-0.7444255983844812,334.5953585833714,8.351332750132185e-13,0.12881067145018488,0.13452002355330772,0.0,997
EB pairwise,210.00581438871066,-0.818162187345223,313.6702450098585,9.594498922391898e-15,7.365898016467318e-15,0.10803402087661804,0.0,997
EB-offset hybrid: main,210.19804164735703,-0.6259349286988538,331.0189318953275,9.9247007497855e-09,0.1012547584322988,0.11785585216951243,7.0,997
EB-offset hybrid: pairwise,210.14468570141375,-0.6792908746421347,313.1494930503197,3.168435394322921e-14,5.89902378632868e-14,0.09935747600137027,5.0,997
Naive respondents,198.08197491202753,-9.774964213589044,513.0000000000001,0.44318926249632085,0.17752051800768975,0.45557194385841926,0.0,998
OLS prediction,207.85294908794415,-0.003990037672423341,,,,,,998
EB main,206.67307075463705,-1.1838683709795248,374.66845573895023,6.737815798523001e-10,0.2358362662069289,0.18618222246487073,0.0,998
EB pairwise,207.49812275428528,-0.35881637133130084,337.1757119048264,2.120359490478502e-09,3.972904884194519e-09,0.10040678509085099,0.0,998
EB-offset hybrid: main,206.90244378432533,-0.9544953412912491,356.82658227465373,1.7705749068850648e-09,0.2327821831447392,0.16008483296732612,8.0,998
EB-offset hybrid: pairwise,207.34753897979422,-0.5094001458223545,332.1787715746874,4.521755225628611e-13,1.0259220146439464e-12,0.11137735224512564,13.0,998
Naive respondents,198.2663736807266,-11.181246743233658,520.9999999999999,0.46221493878920134,0.15828228360207022,0.4895586291560405,0.0,999
OLS prediction,208.2918568348387,-1.155763589121534,,,,,,999
EB main,207.1270781592377,-2.3205422647225475,370.00026807960444,9.165166374795245e-14,0.19898687749057836,0.15714461819432263,0.0,999
EB pairwise,208.11842077394905,-1.3291996500111907,335.7924875259767,1.1645462818295146e-14,1.0400066984006207e-14,0.07176130171343377,0.0,999
EB-offset hybrid: main,207.5325520466122,-1.9150683773480353,371.6755116032483,1.005578101523769e-10,0.17973902205492598,0.1537589131797365,7.0,999
EB-offset hybrid: pairwise,208.6576120159647,-0.7900084079955434,343.890323249526,2.6238604099636887e-15,2.8930590404886515e-15,0.0712182035720777,7.0,999
